WARNING 05-22 08:41:56 [envs.py:1914] Unknown vLLM environment variable detected: VLLM_BASE_DIR
INFO 05-22 08:41:56 [config.py:800] Detected quantization_config.scale_fmt=ue8m0; enabling UE8M0 for DeepGEMM.
INFO 05-22 08:42:02 [model.py:568] Resolved architecture: DeepseekV4ForCausalLM
INFO 05-22 08:42:02 [model.py:1697] Using max model len 8192
INFO 05-22 08:42:02 [cache.py:261] Using fp8 data type to store kv cache. It reduces the GPU memory footprint and boosts the performance. Meanwhile, it may cause accuracy drop without a proper scaling factor
INFO 05-22 08:42:02 [arg_utils.py:1844] Inferred data_parallel_rank 0 from node_rank 2
INFO 05-22 08:42:02 [scheduler.py:239] Chunked prefill is enabled with max_num_batched_tokens=8192.
INFO 05-22 08:42:02 [vllm.py:895] Asynchronous scheduling is enabled.
INFO 05-22 08:42:02 [kernel.py:212] Final IR op priority after setting platform defaults: IrOpPriorityConfig(rms_norm=['native'], fused_add_rms_norm=['native'])
WARNING 05-22 08:42:02 [vllm.py:1309] Auto-initialization of reasoning token IDs failed. Please check whether your reasoning parser has implemented the `reasoning_start_str` and `reasoning_end_str`.
INFO 05-22 08:42:02 [compilation.py:312] Enabled custom fusions: norm_quant, act_quant
INFO 05-22 08:42:02 [serve.py:186] Launching vLLM (v0.1.dev16581+gdda4668b5.d20260521) headless multiproc executor, with head node address 10.10.100.10:29536 for torch.distributed process group.
WARNING 05-22 08:42:02 [multiproc_executor.py:1029] Reducing Torch parallelism from 20 threads to 1 to avoid unnecessary CPU contention. Set OMP_NUM_THREADS in the external environment to tune this value as needed.
(Worker pid=126) INFO 05-22 08:42:05 [parallel_state.py:1410] world_size=3 rank=2 local_rank=0 distributed_init_method=tcp://10.10.100.10:29536 backend=nccl
[rank2]:[W522 08:42:23.064308055 TCPStore.cpp:125] [c10d] recvValue failed on SocketImpl(fd=30, addr=[spark2-ring]:38462, remote=[spark0-ring]:29536): Failed to recv, got 0 bytes. Connection was likely closed. Did the remote server shutdown or crash?
Exception raised from recvBytes at /pytorch/torch/csrc/distributed/c10d/Utils.hpp:682 (most recent call first):
frame #0: c10::Error::Error(c10::SourceLocation, std::__cxx11::basic_string<char, std::char_traits<char>, std::allocator<char> >) + 0xc8 (0xfa2a101f66e8 in /usr/local/lib/python3.12/dist-packages/torch/lib/libc10.so)
frame #1: <unknown function> + 0x66f5c14 (0xfa2a2c455c14 in /usr/local/lib/python3.12/dist-packages/torch/lib/libtorch_cpu.so)
frame #2: c10d::TCPStore::check(std::vector<std::__cxx11::basic_string<char, std::char_traits<char>, std::allocator<char> >, std::allocator<std::__cxx11::basic_string<char, std::char_traits<char>, std::allocator<char> > > > const&) + 0x1c4 (0xfa2a2c45e2b4 in /usr/local/lib/python3.12/dist-packages/torch/lib/libtorch_cpu.so)
frame #3: c10d::ProcessGroupNCCL::HeartbeatMonitor::runLoop() + 0x380 (0xfa2a110ddb30 in /usr/local/lib/python3.12/dist-packages/torch/lib/libtorch_cuda.so)
frame #4: <unknown function> + 0xe1ae0 (0xfa2abf2e1ae0 in /usr/lib/aarch64-linux-gnu/libstdc++.so.6)
frame #5: <unknown function> + 0x8595c (0xfa2abffa595c in /usr/lib/aarch64-linux-gnu/libc.so.6)
frame #6: <unknown function> + 0xebb4c (0xfa2ac000bb4c in /usr/lib/aarch64-linux-gnu/libc.so.6)

[rank2]:[W522 08:42:23.065991737 ProcessGroupNCCL.cpp:1826] [PG ID 0 PG GUID 0 Rank 2] Failed to check the "should dump" flag on TCPStore, (maybe TCPStore server has shut down too early), with error: Failed to recv, got 0 bytes. Connection was likely closed. Did the remote server shutdown or crash?
[rank2]:[W522 08:42:24.066872436 TCPStore.cpp:106] [c10d] sendBytes failed on SocketImpl(fd=30, addr=[spark2-ring]:38462, remote=[spark0-ring]:29536): Broken pipe
Exception raised from sendBytes at /pytorch/torch/csrc/distributed/c10d/Utils.hpp:653 (most recent call first):
frame #0: c10::Error::Error(c10::SourceLocation, std::__cxx11::basic_string<char, std::char_traits<char>, std::allocator<char> >) + 0xc8 (0xfa2a101f66e8 in /usr/local/lib/python3.12/dist-packages/torch/lib/libc10.so)
frame #1: <unknown function> + 0x66f513c (0xfa2a2c45513c in /usr/local/lib/python3.12/dist-packages/torch/lib/libtorch_cpu.so)
frame #2: c10d::TCPStore::check(std::vector<std::__cxx11::basic_string<char, std::char_traits<char>, std::allocator<char> >, std::allocator<std::__cxx11::basic_string<char, std::char_traits<char>, std::allocator<char> > > > const&) + 0x1a4 (0xfa2a2c45e294 in /usr/local/lib/python3.12/dist-packages/torch/lib/libtorch_cpu.so)
frame #3: c10d::ProcessGroupNCCL::HeartbeatMonitor::runLoop() + 0x380 (0xfa2a110ddb30 in /usr/local/lib/python3.12/dist-packages/torch/lib/libtorch_cuda.so)
frame #4: <unknown function> + 0xe1ae0 (0xfa2abf2e1ae0 in /usr/lib/aarch64-linux-gnu/libstdc++.so.6)
frame #5: <unknown function> + 0x8595c (0xfa2abffa595c in /usr/lib/aarch64-linux-gnu/libc.so.6)
frame #6: <unknown function> + 0xebb4c (0xfa2ac000bb4c in /usr/lib/aarch64-linux-gnu/libc.so.6)

[rank2]:[W522 08:42:24.067818758 ProcessGroupNCCL.cpp:1826] [PG ID 0 PG GUID 0 Rank 2] Failed to check the "should dump" flag on TCPStore, (maybe TCPStore server has shut down too early), with error: Broken pipe
[rank2]:[W522 08:42:25.068318060 TCPStore.cpp:106] [c10d] sendBytes failed on SocketImpl(fd=30, addr=[spark2-ring]:38462, remote=[spark0-ring]:29536): Broken pipe
Exception raised from sendBytes at /pytorch/torch/csrc/distributed/c10d/Utils.hpp:653 (most recent call first):
frame #0: c10::Error::Error(c10::SourceLocation, std::__cxx11::basic_string<char, std::char_traits<char>, std::allocator<char> >) + 0xc8 (0xfa2a101f66e8 in /usr/local/lib/python3.12/dist-packages/torch/lib/libc10.so)
frame #1: <unknown function> + 0x66f513c (0xfa2a2c45513c in /usr/local/lib/python3.12/dist-packages/torch/lib/libtorch_cpu.so)
frame #2: c10d::TCPStore::check(std::vector<std::__cxx11::basic_string<char, std::char_traits<char>, std::allocator<char> >, std::allocator<std::__cxx11::basic_string<char, std::char_traits<char>, std::allocator<char> > > > const&) + 0x1a4 (0xfa2a2c45e294 in /usr/local/lib/python3.12/dist-packages/torch/lib/libtorch_cpu.so)
frame #3: c10d::ProcessGroupNCCL::HeartbeatMonitor::runLoop() + 0x380 (0xfa2a110ddb30 in /usr/local/lib/python3.12/dist-packages/torch/lib/libtorch_cuda.so)
frame #4: <unknown function> + 0xe1ae0 (0xfa2abf2e1ae0 in /usr/lib/aarch64-linux-gnu/libstdc++.so.6)
frame #5: <unknown function> + 0x8595c (0xfa2abffa595c in /usr/lib/aarch64-linux-gnu/libc.so.6)
frame #6: <unknown function> + 0xebb4c (0xfa2ac000bb4c in /usr/lib/aarch64-linux-gnu/libc.so.6)

[rank2]:[W522 08:42:25.069190205 ProcessGroupNCCL.cpp:1826] [PG ID 0 PG GUID 0 Rank 2] Failed to check the "should dump" flag on TCPStore, (maybe TCPStore server has shut down too early), with error: Broken pipe
[rank2]:[W522 08:42:26.069848668 TCPStore.cpp:106] [c10d] sendBytes failed on SocketImpl(fd=30, addr=[spark2-ring]:38462, remote=[spark0-ring]:29536): Broken pipe
Exception raised from sendBytes at /pytorch/torch/csrc/distributed/c10d/Utils.hpp:653 (most recent call first):
frame #0: c10::Error::Error(c10::SourceLocation, std::__cxx11::basic_string<char, std::char_traits<char>, std::allocator<char> >) + 0xc8 (0xfa2a101f66e8 in /usr/local/lib/python3.12/dist-packages/torch/lib/libc10.so)
frame #1: <unknown function> + 0x66f513c (0xfa2a2c45513c in /usr/local/lib/python3.12/dist-packages/torch/lib/libtorch_cpu.so)
frame #2: c10d::TCPStore::check(std::vector<std::__cxx11::basic_string<char, std::char_traits<char>, std::allocator<char> >, std::allocator<std::__cxx11::basic_string<char, std::char_traits<char>, std::allocator<char> > > > const&) + 0x1a4 (0xfa2a2c45e294 in /usr/local/lib/python3.12/dist-packages/torch/lib/libtorch_cpu.so)
frame #3: c10d::ProcessGroupNCCL::HeartbeatMonitor::runLoop() + 0x380 (0xfa2a110ddb30 in /usr/local/lib/python3.12/dist-packages/torch/lib/libtorch_cuda.so)
frame #4: <unknown function> + 0xe1ae0 (0xfa2abf2e1ae0 in /usr/lib/aarch64-linux-gnu/libstdc++.so.6)
frame #5: <unknown function> + 0x8595c (0xfa2abffa595c in /usr/lib/aarch64-linux-gnu/libc.so.6)
frame #6: <unknown function> + 0xebb4c (0xfa2ac000bb4c in /usr/lib/aarch64-linux-gnu/libc.so.6)

[rank2]:[W522 08:42:26.070785262 ProcessGroupNCCL.cpp:1826] [PG ID 0 PG GUID 0 Rank 2] Failed to check the "should dump" flag on TCPStore, (maybe TCPStore server has shut down too early), with error: Broken pipe
[rank2]:[W522 08:42:27.071378695 TCPStore.cpp:106] [c10d] sendBytes failed on SocketImpl(fd=30, addr=[spark2-ring]:38462, remote=[spark0-ring]:29536): Broken pipe
Exception raised from sendBytes at /pytorch/torch/csrc/distributed/c10d/Utils.hpp:653 (most recent call first):
frame #0: c10::Error::Error(c10::SourceLocation, std::__cxx11::basic_string<char, std::char_traits<char>, std::allocator<char> >) + 0xc8 (0xfa2a101f66e8 in /usr/local/lib/python3.12/dist-packages/torch/lib/libc10.so)
frame #1: <unknown function> + 0x66f513c (0xfa2a2c45513c in /usr/local/lib/python3.12/dist-packages/torch/lib/libtorch_cpu.so)
frame #2: c10d::TCPStore::check(std::vector<std::__cxx11::basic_string<char, std::char_traits<char>, std::allocator<char> >, std::allocator<std::__cxx11::basic_string<char, std::char_traits<char>, std::allocator<char> > > > const&) + 0x1a4 (0xfa2a2c45e294 in /usr/local/lib/python3.12/dist-packages/torch/lib/libtorch_cpu.so)
frame #3: c10d::ProcessGroupNCCL::HeartbeatMonitor::runLoop() + 0x380 (0xfa2a110ddb30 in /usr/local/lib/python3.12/dist-packages/torch/lib/libtorch_cuda.so)
frame #4: <unknown function> + 0xe1ae0 (0xfa2abf2e1ae0 in /usr/lib/aarch64-linux-gnu/libstdc++.so.6)
frame #5: <unknown function> + 0x8595c (0xfa2abffa595c in /usr/lib/aarch64-linux-gnu/libc.so.6)
frame #6: <unknown function> + 0xebb4c (0xfa2ac000bb4c in /usr/lib/aarch64-linux-gnu/libc.so.6)

[rank2]:[W522 08:42:27.072296136 ProcessGroupNCCL.cpp:1826] [PG ID 0 PG GUID 0 Rank 2] Failed to check the "should dump" flag on TCPStore, (maybe TCPStore server has shut down too early), with error: Broken pipe
[rank2]:[W522 08:42:28.072878204 TCPStore.cpp:106] [c10d] sendBytes failed on SocketImpl(fd=30, addr=[spark2-ring]:38462, remote=[spark0-ring]:29536): Broken pipe
Exception raised from sendBytes at /pytorch/torch/csrc/distributed/c10d/Utils.hpp:653 (most recent call first):
frame #0: c10::Error::Error(c10::SourceLocation, std::__cxx11::basic_string<char, std::char_traits<char>, std::allocator<char> >) + 0xc8 (0xfa2a101f66e8 in /usr/local/lib/python3.12/dist-packages/torch/lib/libc10.so)
frame #1: <unknown function> + 0x66f513c (0xfa2a2c45513c in /usr/local/lib/python3.12/dist-packages/torch/lib/libtorch_cpu.so)
frame #2: c10d::TCPStore::check(std::vector<std::__cxx11::basic_string<char, std::char_traits<char>, std::allocator<char> >, std::allocator<std::__cxx11::basic_string<char, std::char_traits<char>, std::allocator<char> > > > const&) + 0x1a4 (0xfa2a2c45e294 in /usr/local/lib/python3.12/dist-packages/torch/lib/libtorch_cpu.so)
frame #3: c10d::ProcessGroupNCCL::HeartbeatMonitor::runLoop() + 0x380 (0xfa2a110ddb30 in /usr/local/lib/python3.12/dist-packages/torch/lib/libtorch_cuda.so)
frame #4: <unknown function> + 0xe1ae0 (0xfa2abf2e1ae0 in /usr/lib/aarch64-linux-gnu/libstdc++.so.6)
frame #5: <unknown function> + 0x8595c (0xfa2abffa595c in /usr/lib/aarch64-linux-gnu/libc.so.6)
frame #6: <unknown function> + 0xebb4c (0xfa2ac000bb4c in /usr/lib/aarch64-linux-gnu/libc.so.6)

[rank2]:[W522 08:42:28.073749197 ProcessGroupNCCL.cpp:1826] [PG ID 0 PG GUID 0 Rank 2] Failed to check the "should dump" flag on TCPStore, (maybe TCPStore server has shut down too early), with error: Broken pipe
[rank2]:[W522 08:42:29.073875371 TCPStore.cpp:106] [c10d] sendBytes failed on SocketImpl(fd=30, addr=[spark2-ring]:38462, remote=[spark0-ring]:29536): Broken pipe
Exception raised from sendBytes at /pytorch/torch/csrc/distributed/c10d/Utils.hpp:653 (most recent call first):
frame #0: c10::Error::Error(c10::SourceLocation, std::__cxx11::basic_string<char, std::char_traits<char>, std::allocator<char> >) + 0xc8 (0xfa2a101f66e8 in /usr/local/lib/python3.12/dist-packages/torch/lib/libc10.so)
frame #1: <unknown function> + 0x66f513c (0xfa2a2c45513c in /usr/local/lib/python3.12/dist-packages/torch/lib/libtorch_cpu.so)
frame #2: c10d::TCPStore::check(std::vector<std::__cxx11::basic_string<char, std::char_traits<char>, std::allocator<char> >, std::allocator<std::__cxx11::basic_string<char, std::char_traits<char>, std::allocator<char> > > > const&) + 0x1a4 (0xfa2a2c45e294 in /usr/local/lib/python3.12/dist-packages/torch/lib/libtorch_cpu.so)
frame #3: c10d::ProcessGroupNCCL::HeartbeatMonitor::runLoop() + 0x380 (0xfa2a110ddb30 in /usr/local/lib/python3.12/dist-packages/torch/lib/libtorch_cuda.so)
frame #4: <unknown function> + 0xe1ae0 (0xfa2abf2e1ae0 in /usr/lib/aarch64-linux-gnu/libstdc++.so.6)
frame #5: <unknown function> + 0x8595c (0xfa2abffa595c in /usr/lib/aarch64-linux-gnu/libc.so.6)
frame #6: <unknown function> + 0xebb4c (0xfa2ac000bb4c in /usr/lib/aarch64-linux-gnu/libc.so.6)

[rank2]:[W522 08:42:29.074758140 ProcessGroupNCCL.cpp:1826] [PG ID 0 PG GUID 0 Rank 2] Failed to check the "should dump" flag on TCPStore, (maybe TCPStore server has shut down too early), with error: Broken pipe
[rank2]:[W522 08:42:30.074883445 TCPStore.cpp:106] [c10d] sendBytes failed on SocketImpl(fd=30, addr=[spark2-ring]:38462, remote=[spark0-ring]:29536): Broken pipe
Exception raised from sendBytes at /pytorch/torch/csrc/distributed/c10d/Utils.hpp:653 (most recent call first):
frame #0: c10::Error::Error(c10::SourceLocation, std::__cxx11::basic_string<char, std::char_traits<char>, std::allocator<char> >) + 0xc8 (0xfa2a101f66e8 in /usr/local/lib/python3.12/dist-packages/torch/lib/libc10.so)
frame #1: <unknown function> + 0x66f513c (0xfa2a2c45513c in /usr/local/lib/python3.12/dist-packages/torch/lib/libtorch_cpu.so)
frame #2: c10d::TCPStore::check(std::vector<std::__cxx11::basic_string<char, std::char_traits<char>, std::allocator<char> >, std::allocator<std::__cxx11::basic_string<char, std::char_traits<char>, std::allocator<char> > > > const&) + 0x1a4 (0xfa2a2c45e294 in /usr/local/lib/python3.12/dist-packages/torch/lib/libtorch_cpu.so)
frame #3: c10d::ProcessGroupNCCL::HeartbeatMonitor::runLoop() + 0x380 (0xfa2a110ddb30 in /usr/local/lib/python3.12/dist-packages/torch/lib/libtorch_cuda.so)
frame #4: <unknown function> + 0xe1ae0 (0xfa2abf2e1ae0 in /usr/lib/aarch64-linux-gnu/libstdc++.so.6)
frame #5: <unknown function> + 0x8595c (0xfa2abffa595c in /usr/lib/aarch64-linux-gnu/libc.so.6)
frame #6: <unknown function> + 0xebb4c (0xfa2ac000bb4c in /usr/lib/aarch64-linux-gnu/libc.so.6)

[rank2]:[W522 08:42:30.075749366 ProcessGroupNCCL.cpp:1826] [PG ID 0 PG GUID 0 Rank 2] Failed to check the "should dump" flag on TCPStore, (maybe TCPStore server has shut down too early), with error: Broken pipe
[rank2]:[W522 08:42:31.076338474 TCPStore.cpp:106] [c10d] sendBytes failed on SocketImpl(fd=30, addr=[spark2-ring]:38462, remote=[spark0-ring]:29536): Broken pipe
Exception raised from sendBytes at /pytorch/torch/csrc/distributed/c10d/Utils.hpp:653 (most recent call first):
frame #0: c10::Error::Error(c10::SourceLocation, std::__cxx11::basic_string<char, std::char_traits<char>, std::allocator<char> >) + 0xc8 (0xfa2a101f66e8 in /usr/local/lib/python3.12/dist-packages/torch/lib/libc10.so)
frame #1: <unknown function> + 0x66f513c (0xfa2a2c45513c in /usr/local/lib/python3.12/dist-packages/torch/lib/libtorch_cpu.so)
frame #2: c10d::TCPStore::check(std::vector<std::__cxx11::basic_string<char, std::char_traits<char>, std::allocator<char> >, std::allocator<std::__cxx11::basic_string<char, std::char_traits<char>, std::allocator<char> > > > const&) + 0x1a4 (0xfa2a2c45e294 in /usr/local/lib/python3.12/dist-packages/torch/lib/libtorch_cpu.so)
frame #3: c10d::ProcessGroupNCCL::HeartbeatMonitor::runLoop() + 0x380 (0xfa2a110ddb30 in /usr/local/lib/python3.12/dist-packages/torch/lib/libtorch_cuda.so)
frame #4: <unknown function> + 0xe1ae0 (0xfa2abf2e1ae0 in /usr/lib/aarch64-linux-gnu/libstdc++.so.6)
frame #5: <unknown function> + 0x8595c (0xfa2abffa595c in /usr/lib/aarch64-linux-gnu/libc.so.6)
frame #6: <unknown function> + 0xebb4c (0xfa2ac000bb4c in /usr/lib/aarch64-linux-gnu/libc.so.6)

[rank2]:[W522 08:42:31.077242203 ProcessGroupNCCL.cpp:1826] [PG ID 0 PG GUID 0 Rank 2] Failed to check the "should dump" flag on TCPStore, (maybe TCPStore server has shut down too early), with error: Broken pipe
[rank2]:[W522 08:42:32.077842249 TCPStore.cpp:106] [c10d] sendBytes failed on SocketImpl(fd=30, addr=[spark2-ring]:38462, remote=[spark0-ring]:29536): Broken pipe
Exception raised from sendBytes at /pytorch/torch/csrc/distributed/c10d/Utils.hpp:653 (most recent call first):
frame #0: c10::Error::Error(c10::SourceLocation, std::__cxx11::basic_string<char, std::char_traits<char>, std::allocator<char> >) + 0xc8 (0xfa2a101f66e8 in /usr/local/lib/python3.12/dist-packages/torch/lib/libc10.so)
frame #1: <unknown function> + 0x66f513c (0xfa2a2c45513c in /usr/local/lib/python3.12/dist-packages/torch/lib/libtorch_cpu.so)
frame #2: c10d::TCPStore::check(std::vector<std::__cxx11::basic_string<char, std::char_traits<char>, std::allocator<char> >, std::allocator<std::__cxx11::basic_string<char, std::char_traits<char>, std::allocator<char> > > > const&) + 0x1a4 (0xfa2a2c45e294 in /usr/local/lib/python3.12/dist-packages/torch/lib/libtorch_cpu.so)
frame #3: c10d::ProcessGroupNCCL::HeartbeatMonitor::runLoop() + 0x380 (0xfa2a110ddb30 in /usr/local/lib/python3.12/dist-packages/torch/lib/libtorch_cuda.so)
frame #4: <unknown function> + 0xe1ae0 (0xfa2abf2e1ae0 in /usr/lib/aarch64-linux-gnu/libstdc++.so.6)
frame #5: <unknown function> + 0x8595c (0xfa2abffa595c in /usr/lib/aarch64-linux-gnu/libc.so.6)
frame #6: <unknown function> + 0xebb4c (0xfa2ac000bb4c in /usr/lib/aarch64-linux-gnu/libc.so.6)

[rank2]:[W522 08:42:32.078781354 ProcessGroupNCCL.cpp:1826] [PG ID 0 PG GUID 0 Rank 2] Failed to check the "should dump" flag on TCPStore, (maybe TCPStore server has shut down too early), with error: Broken pipe
[rank2]:[W522 08:42:33.079331553 TCPStore.cpp:106] [c10d] sendBytes failed on SocketImpl(fd=30, addr=[spark2-ring]:38462, remote=[spark0-ring]:29536): Broken pipe
Exception raised from sendBytes at /pytorch/torch/csrc/distributed/c10d/Utils.hpp:653 (most recent call first):
frame #0: c10::Error::Error(c10::SourceLocation, std::__cxx11::basic_string<char, std::char_traits<char>, std::allocator<char> >) + 0xc8 (0xfa2a101f66e8 in /usr/local/lib/python3.12/dist-packages/torch/lib/libc10.so)
frame #1: <unknown function> + 0x66f513c (0xfa2a2c45513c in /usr/local/lib/python3.12/dist-packages/torch/lib/libtorch_cpu.so)
frame #2: c10d::TCPStore::check(std::vector<std::__cxx11::basic_string<char, std::char_traits<char>, std::allocator<char> >, std::allocator<std::__cxx11::basic_string<char, std::char_traits<char>, std::allocator<char> > > > const&) + 0x1a4 (0xfa2a2c45e294 in /usr/local/lib/python3.12/dist-packages/torch/lib/libtorch_cpu.so)
frame #3: c10d::ProcessGroupNCCL::HeartbeatMonitor::runLoop() + 0x380 (0xfa2a110ddb30 in /usr/local/lib/python3.12/dist-packages/torch/lib/libtorch_cuda.so)
frame #4: <unknown function> + 0xe1ae0 (0xfa2abf2e1ae0 in /usr/lib/aarch64-linux-gnu/libstdc++.so.6)
frame #5: <unknown function> + 0x8595c (0xfa2abffa595c in /usr/lib/aarch64-linux-gnu/libc.so.6)
frame #6: <unknown function> + 0xebb4c (0xfa2ac000bb4c in /usr/lib/aarch64-linux-gnu/libc.so.6)

[rank2]:[W522 08:42:33.080206738 ProcessGroupNCCL.cpp:1826] [PG ID 0 PG GUID 0 Rank 2] Failed to check the "should dump" flag on TCPStore, (maybe TCPStore server has shut down too early), with error: Broken pipe
[rank2]:[W522 08:42:34.080791941 TCPStore.cpp:106] [c10d] sendBytes failed on SocketImpl(fd=30, addr=[spark2-ring]:38462, remote=[spark0-ring]:29536): Broken pipe
Exception raised from sendBytes at /pytorch/torch/csrc/distributed/c10d/Utils.hpp:653 (most recent call first):
frame #0: c10::Error::Error(c10::SourceLocation, std::__cxx11::basic_string<char, std::char_traits<char>, std::allocator<char> >) + 0xc8 (0xfa2a101f66e8 in /usr/local/lib/python3.12/dist-packages/torch/lib/libc10.so)
frame #1: <unknown function> + 0x66f513c (0xfa2a2c45513c in /usr/local/lib/python3.12/dist-packages/torch/lib/libtorch_cpu.so)
frame #2: c10d::TCPStore::check(std::vector<std::__cxx11::basic_string<char, std::char_traits<char>, std::allocator<char> >, std::allocator<std::__cxx11::basic_string<char, std::char_traits<char>, std::allocator<char> > > > const&) + 0x1a4 (0xfa2a2c45e294 in /usr/local/lib/python3.12/dist-packages/torch/lib/libtorch_cpu.so)
frame #3: c10d::ProcessGroupNCCL::HeartbeatMonitor::runLoop() + 0x380 (0xfa2a110ddb30 in /usr/local/lib/python3.12/dist-packages/torch/lib/libtorch_cuda.so)
frame #4: <unknown function> + 0xe1ae0 (0xfa2abf2e1ae0 in /usr/lib/aarch64-linux-gnu/libstdc++.so.6)
frame #5: <unknown function> + 0x8595c (0xfa2abffa595c in /usr/lib/aarch64-linux-gnu/libc.so.6)
frame #6: <unknown function> + 0xebb4c (0xfa2ac000bb4c in /usr/lib/aarch64-linux-gnu/libc.so.6)

[rank2]:[W522 08:42:34.081720118 ProcessGroupNCCL.cpp:1826] [PG ID 0 PG GUID 0 Rank 2] Failed to check the "should dump" flag on TCPStore, (maybe TCPStore server has shut down too early), with error: Broken pipe
[rank2]:[W522 08:42:35.082311363 TCPStore.cpp:106] [c10d] sendBytes failed on SocketImpl(fd=30, addr=[spark2-ring]:38462, remote=[spark0-ring]:29536): Broken pipe
Exception raised from sendBytes at /pytorch/torch/csrc/distributed/c10d/Utils.hpp:653 (most recent call first):
frame #0: c10::Error::Error(c10::SourceLocation, std::__cxx11::basic_string<char, std::char_traits<char>, std::allocator<char> >) + 0xc8 (0xfa2a101f66e8 in /usr/local/lib/python3.12/dist-packages/torch/lib/libc10.so)
frame #1: <unknown function> + 0x66f513c (0xfa2a2c45513c in /usr/local/lib/python3.12/dist-packages/torch/lib/libtorch_cpu.so)
frame #2: c10d::TCPStore::check(std::vector<std::__cxx11::basic_string<char, std::char_traits<char>, std::allocator<char> >, std::allocator<std::__cxx11::basic_string<char, std::char_traits<char>, std::allocator<char> > > > const&) + 0x1a4 (0xfa2a2c45e294 in /usr/local/lib/python3.12/dist-packages/torch/lib/libtorch_cpu.so)
frame #3: c10d::ProcessGroupNCCL::HeartbeatMonitor::runLoop() + 0x380 (0xfa2a110ddb30 in /usr/local/lib/python3.12/dist-packages/torch/lib/libtorch_cuda.so)
frame #4: <unknown function> + 0xe1ae0 (0xfa2abf2e1ae0 in /usr/lib/aarch64-linux-gnu/libstdc++.so.6)
frame #5: <unknown function> + 0x8595c (0xfa2abffa595c in /usr/lib/aarch64-linux-gnu/libc.so.6)
frame #6: <unknown function> + 0xebb4c (0xfa2ac000bb4c in /usr/lib/aarch64-linux-gnu/libc.so.6)

[rank2]:[W522 08:42:35.083239124 ProcessGroupNCCL.cpp:1826] [PG ID 0 PG GUID 0 Rank 2] Failed to check the "should dump" flag on TCPStore, (maybe TCPStore server has shut down too early), with error: Broken pipe
[rank2]:[W522 08:42:36.083852283 TCPStore.cpp:106] [c10d] sendBytes failed on SocketImpl(fd=30, addr=[spark2-ring]:38462, remote=[spark0-ring]:29536): Broken pipe
Exception raised from sendBytes at /pytorch/torch/csrc/distributed/c10d/Utils.hpp:653 (most recent call first):
frame #0: c10::Error::Error(c10::SourceLocation, std::__cxx11::basic_string<char, std::char_traits<char>, std::allocator<char> >) + 0xc8 (0xfa2a101f66e8 in /usr/local/lib/python3.12/dist-packages/torch/lib/libc10.so)
frame #1: <unknown function> + 0x66f513c (0xfa2a2c45513c in /usr/local/lib/python3.12/dist-packages/torch/lib/libtorch_cpu.so)
frame #2: c10d::TCPStore::check(std::vector<std::__cxx11::basic_string<char, std::char_traits<char>, std::allocator<char> >, std::allocator<std::__cxx11::basic_string<char, std::char_traits<char>, std::allocator<char> > > > const&) + 0x1a4 (0xfa2a2c45e294 in /usr/local/lib/python3.12/dist-packages/torch/lib/libtorch_cpu.so)
frame #3: c10d::ProcessGroupNCCL::HeartbeatMonitor::runLoop() + 0x380 (0xfa2a110ddb30 in /usr/local/lib/python3.12/dist-packages/torch/lib/libtorch_cuda.so)
frame #4: <unknown function> + 0xe1ae0 (0xfa2abf2e1ae0 in /usr/lib/aarch64-linux-gnu/libstdc++.so.6)
frame #5: <unknown function> + 0x8595c (0xfa2abffa595c in /usr/lib/aarch64-linux-gnu/libc.so.6)
frame #6: <unknown function> + 0xebb4c (0xfa2ac000bb4c in /usr/lib/aarch64-linux-gnu/libc.so.6)

[rank2]:[W522 08:42:36.084728092 ProcessGroupNCCL.cpp:1826] [PG ID 0 PG GUID 0 Rank 2] Failed to check the "should dump" flag on TCPStore, (maybe TCPStore server has shut down too early), with error: Broken pipe
[rank2]:[W522 08:42:37.085316205 TCPStore.cpp:106] [c10d] sendBytes failed on SocketImpl(fd=30, addr=[spark2-ring]:38462, remote=[spark0-ring]:29536): Broken pipe
Exception raised from sendBytes at /pytorch/torch/csrc/distributed/c10d/Utils.hpp:653 (most recent call first):
frame #0: c10::Error::Error(c10::SourceLocation, std::__cxx11::basic_string<char, std::char_traits<char>, std::allocator<char> >) + 0xc8 (0xfa2a101f66e8 in /usr/local/lib/python3.12/dist-packages/torch/lib/libc10.so)
frame #1: <unknown function> + 0x66f513c (0xfa2a2c45513c in /usr/local/lib/python3.12/dist-packages/torch/lib/libtorch_cpu.so)
frame #2: c10d::TCPStore::check(std::vector<std::__cxx11::basic_string<char, std::char_traits<char>, std::allocator<char> >, std::allocator<std::__cxx11::basic_string<char, std::char_traits<char>, std::allocator<char> > > > const&) + 0x1a4 (0xfa2a2c45e294 in /usr/local/lib/python3.12/dist-packages/torch/lib/libtorch_cpu.so)
frame #3: c10d::ProcessGroupNCCL::HeartbeatMonitor::runLoop() + 0x380 (0xfa2a110ddb30 in /usr/local/lib/python3.12/dist-packages/torch/lib/libtorch_cuda.so)
frame #4: <unknown function> + 0xe1ae0 (0xfa2abf2e1ae0 in /usr/lib/aarch64-linux-gnu/libstdc++.so.6)
frame #5: <unknown function> + 0x8595c (0xfa2abffa595c in /usr/lib/aarch64-linux-gnu/libc.so.6)
frame #6: <unknown function> + 0xebb4c (0xfa2ac000bb4c in /usr/lib/aarch64-linux-gnu/libc.so.6)

[rank2]:[W522 08:42:37.086232558 ProcessGroupNCCL.cpp:1826] [PG ID 0 PG GUID 0 Rank 2] Failed to check the "should dump" flag on TCPStore, (maybe TCPStore server has shut down too early), with error: Broken pipe
[rank2]:[W522 08:42:38.086731449 TCPStore.cpp:106] [c10d] sendBytes failed on SocketImpl(fd=30, addr=[spark2-ring]:38462, remote=[spark0-ring]:29536): Broken pipe
Exception raised from sendBytes at /pytorch/torch/csrc/distributed/c10d/Utils.hpp:653 (most recent call first):
frame #0: c10::Error::Error(c10::SourceLocation, std::__cxx11::basic_string<char, std::char_traits<char>, std::allocator<char> >) + 0xc8 (0xfa2a101f66e8 in /usr/local/lib/python3.12/dist-packages/torch/lib/libc10.so)
frame #1: <unknown function> + 0x66f513c (0xfa2a2c45513c in /usr/local/lib/python3.12/dist-packages/torch/lib/libtorch_cpu.so)
frame #2: c10d::TCPStore::check(std::vector<std::__cxx11::basic_string<char, std::char_traits<char>, std::allocator<char> >, std::allocator<std::__cxx11::basic_string<char, std::char_traits<char>, std::allocator<char> > > > const&) + 0x1a4 (0xfa2a2c45e294 in /usr/local/lib/python3.12/dist-packages/torch/lib/libtorch_cpu.so)
frame #3: c10d::ProcessGroupNCCL::HeartbeatMonitor::runLoop() + 0x380 (0xfa2a110ddb30 in /usr/local/lib/python3.12/dist-packages/torch/lib/libtorch_cuda.so)
frame #4: <unknown function> + 0xe1ae0 (0xfa2abf2e1ae0 in /usr/lib/aarch64-linux-gnu/libstdc++.so.6)
frame #5: <unknown function> + 0x8595c (0xfa2abffa595c in /usr/lib/aarch64-linux-gnu/libc.so.6)
frame #6: <unknown function> + 0xebb4c (0xfa2ac000bb4c in /usr/lib/aarch64-linux-gnu/libc.so.6)

[rank2]:[W522 08:42:38.087602298 ProcessGroupNCCL.cpp:1826] [PG ID 0 PG GUID 0 Rank 2] Failed to check the "should dump" flag on TCPStore, (maybe TCPStore server has shut down too early), with error: Broken pipe
[rank2]:[W522 08:42:39.088191793 TCPStore.cpp:106] [c10d] sendBytes failed on SocketImpl(fd=30, addr=[spark2-ring]:38462, remote=[spark0-ring]:29536): Broken pipe
Exception raised from sendBytes at /pytorch/torch/csrc/distributed/c10d/Utils.hpp:653 (most recent call first):
frame #0: c10::Error::Error(c10::SourceLocation, std::__cxx11::basic_string<char, std::char_traits<char>, std::allocator<char> >) + 0xc8 (0xfa2a101f66e8 in /usr/local/lib/python3.12/dist-packages/torch/lib/libc10.so)
frame #1: <unknown function> + 0x66f513c (0xfa2a2c45513c in /usr/local/lib/python3.12/dist-packages/torch/lib/libtorch_cpu.so)
frame #2: c10d::TCPStore::check(std::vector<std::__cxx11::basic_string<char, std::char_traits<char>, std::allocator<char> >, std::allocator<std::__cxx11::basic_string<char, std::char_traits<char>, std::allocator<char> > > > const&) + 0x1a4 (0xfa2a2c45e294 in /usr/local/lib/python3.12/dist-packages/torch/lib/libtorch_cpu.so)
frame #3: c10d::ProcessGroupNCCL::HeartbeatMonitor::runLoop() + 0x380 (0xfa2a110ddb30 in /usr/local/lib/python3.12/dist-packages/torch/lib/libtorch_cuda.so)
frame #4: <unknown function> + 0xe1ae0 (0xfa2abf2e1ae0 in /usr/lib/aarch64-linux-gnu/libstdc++.so.6)
frame #5: <unknown function> + 0x8595c (0xfa2abffa595c in /usr/lib/aarch64-linux-gnu/libc.so.6)
frame #6: <unknown function> + 0xebb4c (0xfa2ac000bb4c in /usr/lib/aarch64-linux-gnu/libc.so.6)

[rank2]:[W522 08:42:39.089109490 ProcessGroupNCCL.cpp:1826] [PG ID 0 PG GUID 0 Rank 2] Failed to check the "should dump" flag on TCPStore, (maybe TCPStore server has shut down too early), with error: Broken pipe
[rank2]:[W522 08:42:40.089234930 TCPStore.cpp:106] [c10d] sendBytes failed on SocketImpl(fd=30, addr=[spark2-ring]:38462, remote=[spark0-ring]:29536): Broken pipe
Exception raised from sendBytes at /pytorch/torch/csrc/distributed/c10d/Utils.hpp:653 (most recent call first):
frame #0: c10::Error::Error(c10::SourceLocation, std::__cxx11::basic_string<char, std::char_traits<char>, std::allocator<char> >) + 0xc8 (0xfa2a101f66e8 in /usr/local/lib/python3.12/dist-packages/torch/lib/libc10.so)
frame #1: <unknown function> + 0x66f513c (0xfa2a2c45513c in /usr/local/lib/python3.12/dist-packages/torch/lib/libtorch_cpu.so)
frame #2: c10d::TCPStore::check(std::vector<std::__cxx11::basic_string<char, std::char_traits<char>, std::allocator<char> >, std::allocator<std::__cxx11::basic_string<char, std::char_traits<char>, std::allocator<char> > > > const&) + 0x1a4 (0xfa2a2c45e294 in /usr/local/lib/python3.12/dist-packages/torch/lib/libtorch_cpu.so)
frame #3: c10d::ProcessGroupNCCL::HeartbeatMonitor::runLoop() + 0x380 (0xfa2a110ddb30 in /usr/local/lib/python3.12/dist-packages/torch/lib/libtorch_cuda.so)
frame #4: <unknown function> + 0xe1ae0 (0xfa2abf2e1ae0 in /usr/lib/aarch64-linux-gnu/libstdc++.so.6)
frame #5: <unknown function> + 0x8595c (0xfa2abffa595c in /usr/lib/aarch64-linux-gnu/libc.so.6)
frame #6: <unknown function> + 0xebb4c (0xfa2ac000bb4c in /usr/lib/aarch64-linux-gnu/libc.so.6)

[rank2]:[W522 08:42:40.090099123 ProcessGroupNCCL.cpp:1826] [PG ID 0 PG GUID 0 Rank 2] Failed to check the "should dump" flag on TCPStore, (maybe TCPStore server has shut down too early), with error: Broken pipe
[rank2]:[W522 08:42:41.090691359 TCPStore.cpp:106] [c10d] sendBytes failed on SocketImpl(fd=30, addr=[spark2-ring]:38462, remote=[spark0-ring]:29536): Broken pipe
Exception raised from sendBytes at /pytorch/torch/csrc/distributed/c10d/Utils.hpp:653 (most recent call first):
frame #0: c10::Error::Error(c10::SourceLocation, std::__cxx11::basic_string<char, std::char_traits<char>, std::allocator<char> >) + 0xc8 (0xfa2a101f66e8 in /usr/local/lib/python3.12/dist-packages/torch/lib/libc10.so)
frame #1: <unknown function> + 0x66f513c (0xfa2a2c45513c in /usr/local/lib/python3.12/dist-packages/torch/lib/libtorch_cpu.so)
frame #2: c10d::TCPStore::check(std::vector<std::__cxx11::basic_string<char, std::char_traits<char>, std::allocator<char> >, std::allocator<std::__cxx11::basic_string<char, std::char_traits<char>, std::allocator<char> > > > const&) + 0x1a4 (0xfa2a2c45e294 in /usr/local/lib/python3.12/dist-packages/torch/lib/libtorch_cpu.so)
frame #3: c10d::ProcessGroupNCCL::HeartbeatMonitor::runLoop() + 0x380 (0xfa2a110ddb30 in /usr/local/lib/python3.12/dist-packages/torch/lib/libtorch_cuda.so)
frame #4: <unknown function> + 0xe1ae0 (0xfa2abf2e1ae0 in /usr/lib/aarch64-linux-gnu/libstdc++.so.6)
frame #5: <unknown function> + 0x8595c (0xfa2abffa595c in /usr/lib/aarch64-linux-gnu/libc.so.6)
frame #6: <unknown function> + 0xebb4c (0xfa2ac000bb4c in /usr/lib/aarch64-linux-gnu/libc.so.6)

[rank2]:[W522 08:42:41.091615536 ProcessGroupNCCL.cpp:1826] [PG ID 0 PG GUID 0 Rank 2] Failed to check the "should dump" flag on TCPStore, (maybe TCPStore server has shut down too early), with error: Broken pipe
[rank2]:[W522 08:42:42.092167925 TCPStore.cpp:106] [c10d] sendBytes failed on SocketImpl(fd=30, addr=[spark2-ring]:38462, remote=[spark0-ring]:29536): Broken pipe
Exception raised from sendBytes at /pytorch/torch/csrc/distributed/c10d/Utils.hpp:653 (most recent call first):
frame #0: c10::Error::Error(c10::SourceLocation, std::__cxx11::basic_string<char, std::char_traits<char>, std::allocator<char> >) + 0xc8 (0xfa2a101f66e8 in /usr/local/lib/python3.12/dist-packages/torch/lib/libc10.so)
frame #1: <unknown function> + 0x66f513c (0xfa2a2c45513c in /usr/local/lib/python3.12/dist-packages/torch/lib/libtorch_cpu.so)
frame #2: c10d::TCPStore::check(std::vector<std::__cxx11::basic_string<char, std::char_traits<char>, std::allocator<char> >, std::allocator<std::__cxx11::basic_string<char, std::char_traits<char>, std::allocator<char> > > > const&) + 0x1a4 (0xfa2a2c45e294 in /usr/local/lib/python3.12/dist-packages/torch/lib/libtorch_cpu.so)
frame #3: c10d::ProcessGroupNCCL::HeartbeatMonitor::runLoop() + 0x380 (0xfa2a110ddb30 in /usr/local/lib/python3.12/dist-packages/torch/lib/libtorch_cuda.so)
frame #4: <unknown function> + 0xe1ae0 (0xfa2abf2e1ae0 in /usr/lib/aarch64-linux-gnu/libstdc++.so.6)
frame #5: <unknown function> + 0x8595c (0xfa2abffa595c in /usr/lib/aarch64-linux-gnu/libc.so.6)
frame #6: <unknown function> + 0xebb4c (0xfa2ac000bb4c in /usr/lib/aarch64-linux-gnu/libc.so.6)

[rank2]:[W522 08:42:42.093039286 ProcessGroupNCCL.cpp:1826] [PG ID 0 PG GUID 0 Rank 2] Failed to check the "should dump" flag on TCPStore, (maybe TCPStore server has shut down too early), with error: Broken pipe
[rank2]:[W522 08:42:43.093624534 TCPStore.cpp:106] [c10d] sendBytes failed on SocketImpl(fd=30, addr=[spark2-ring]:38462, remote=[spark0-ring]:29536): Broken pipe
Exception raised from sendBytes at /pytorch/torch/csrc/distributed/c10d/Utils.hpp:653 (most recent call first):
frame #0: c10::Error::Error(c10::SourceLocation, std::__cxx11::basic_string<char, std::char_traits<char>, std::allocator<char> >) + 0xc8 (0xfa2a101f66e8 in /usr/local/lib/python3.12/dist-packages/torch/lib/libc10.so)
frame #1: <unknown function> + 0x66f513c (0xfa2a2c45513c in /usr/local/lib/python3.12/dist-packages/torch/lib/libtorch_cpu.so)
frame #2: c10d::TCPStore::check(std::vector<std::__cxx11::basic_string<char, std::char_traits<char>, std::allocator<char> >, std::allocator<std::__cxx11::basic_string<char, std::char_traits<char>, std::allocator<char> > > > const&) + 0x1a4 (0xfa2a2c45e294 in /usr/local/lib/python3.12/dist-packages/torch/lib/libtorch_cpu.so)
frame #3: c10d::ProcessGroupNCCL::HeartbeatMonitor::runLoop() + 0x380 (0xfa2a110ddb30 in /usr/local/lib/python3.12/dist-packages/torch/lib/libtorch_cuda.so)
frame #4: <unknown function> + 0xe1ae0 (0xfa2abf2e1ae0 in /usr/lib/aarch64-linux-gnu/libstdc++.so.6)
frame #5: <unknown function> + 0x8595c (0xfa2abffa595c in /usr/lib/aarch64-linux-gnu/libc.so.6)
frame #6: <unknown function> + 0xebb4c (0xfa2ac000bb4c in /usr/lib/aarch64-linux-gnu/libc.so.6)

[rank2]:[W522 08:42:43.094548935 ProcessGroupNCCL.cpp:1826] [PG ID 0 PG GUID 0 Rank 2] Failed to check the "should dump" flag on TCPStore, (maybe TCPStore server has shut down too early), with error: Broken pipe
[rank2]:[W522 08:42:44.095143922 TCPStore.cpp:106] [c10d] sendBytes failed on SocketImpl(fd=30, addr=[spark2-ring]:38462, remote=[spark0-ring]:29536): Broken pipe
Exception raised from sendBytes at /pytorch/torch/csrc/distributed/c10d/Utils.hpp:653 (most recent call first):
frame #0: c10::Error::Error(c10::SourceLocation, std::__cxx11::basic_string<char, std::char_traits<char>, std::allocator<char> >) + 0xc8 (0xfa2a101f66e8 in /usr/local/lib/python3.12/dist-packages/torch/lib/libc10.so)
frame #1: <unknown function> + 0x66f513c (0xfa2a2c45513c in /usr/local/lib/python3.12/dist-packages/torch/lib/libtorch_cpu.so)
frame #2: c10d::TCPStore::check(std::vector<std::__cxx11::basic_string<char, std::char_traits<char>, std::allocator<char> >, std::allocator<std::__cxx11::basic_string<char, std::char_traits<char>, std::allocator<char> > > > const&) + 0x1a4 (0xfa2a2c45e294 in /usr/local/lib/python3.12/dist-packages/torch/lib/libtorch_cpu.so)
frame #3: c10d::ProcessGroupNCCL::HeartbeatMonitor::runLoop() + 0x380 (0xfa2a110ddb30 in /usr/local/lib/python3.12/dist-packages/torch/lib/libtorch_cuda.so)
frame #4: <unknown function> + 0xe1ae0 (0xfa2abf2e1ae0 in /usr/lib/aarch64-linux-gnu/libstdc++.so.6)
frame #5: <unknown function> + 0x8595c (0xfa2abffa595c in /usr/lib/aarch64-linux-gnu/libc.so.6)
frame #6: <unknown function> + 0xebb4c (0xfa2ac000bb4c in /usr/lib/aarch64-linux-gnu/libc.so.6)

[rank2]:[W522 08:42:44.096106371 ProcessGroupNCCL.cpp:1826] [PG ID 0 PG GUID 0 Rank 2] Failed to check the "should dump" flag on TCPStore, (maybe TCPStore server has shut down too early), with error: Broken pipe
[rank2]:[W522 08:42:45.096698888 TCPStore.cpp:106] [c10d] sendBytes failed on SocketImpl(fd=30, addr=[spark2-ring]:38462, remote=[spark0-ring]:29536): Broken pipe
Exception raised from sendBytes at /pytorch/torch/csrc/distributed/c10d/Utils.hpp:653 (most recent call first):
frame #0: c10::Error::Error(c10::SourceLocation, std::__cxx11::basic_string<char, std::char_traits<char>, std::allocator<char> >) + 0xc8 (0xfa2a101f66e8 in /usr/local/lib/python3.12/dist-packages/torch/lib/libc10.so)
frame #1: <unknown function> + 0x66f513c (0xfa2a2c45513c in /usr/local/lib/python3.12/dist-packages/torch/lib/libtorch_cpu.so)
frame #2: c10d::TCPStore::check(std::vector<std::__cxx11::basic_string<char, std::char_traits<char>, std::allocator<char> >, std::allocator<std::__cxx11::basic_string<char, std::char_traits<char>, std::allocator<char> > > > const&) + 0x1a4 (0xfa2a2c45e294 in /usr/local/lib/python3.12/dist-packages/torch/lib/libtorch_cpu.so)
frame #3: c10d::ProcessGroupNCCL::HeartbeatMonitor::runLoop() + 0x380 (0xfa2a110ddb30 in /usr/local/lib/python3.12/dist-packages/torch/lib/libtorch_cuda.so)
frame #4: <unknown function> + 0xe1ae0 (0xfa2abf2e1ae0 in /usr/lib/aarch64-linux-gnu/libstdc++.so.6)
frame #5: <unknown function> + 0x8595c (0xfa2abffa595c in /usr/lib/aarch64-linux-gnu/libc.so.6)
frame #6: <unknown function> + 0xebb4c (0xfa2ac000bb4c in /usr/lib/aarch64-linux-gnu/libc.so.6)

[rank2]:[W522 08:42:45.097610185 ProcessGroupNCCL.cpp:1826] [PG ID 0 PG GUID 0 Rank 2] Failed to check the "should dump" flag on TCPStore, (maybe TCPStore server has shut down too early), with error: Broken pipe
[rank2]:[W522 08:42:46.097735288 TCPStore.cpp:106] [c10d] sendBytes failed on SocketImpl(fd=30, addr=[spark2-ring]:38462, remote=[spark0-ring]:29536): Broken pipe
Exception raised from sendBytes at /pytorch/torch/csrc/distributed/c10d/Utils.hpp:653 (most recent call first):
frame #0: c10::Error::Error(c10::SourceLocation, std::__cxx11::basic_string<char, std::char_traits<char>, std::allocator<char> >) + 0xc8 (0xfa2a101f66e8 in /usr/local/lib/python3.12/dist-packages/torch/lib/libc10.so)
frame #1: <unknown function> + 0x66f513c (0xfa2a2c45513c in /usr/local/lib/python3.12/dist-packages/torch/lib/libtorch_cpu.so)
frame #2: c10d::TCPStore::check(std::vector<std::__cxx11::basic_string<char, std::char_traits<char>, std::allocator<char> >, std::allocator<std::__cxx11::basic_string<char, std::char_traits<char>, std::allocator<char> > > > const&) + 0x1a4 (0xfa2a2c45e294 in /usr/local/lib/python3.12/dist-packages/torch/lib/libtorch_cpu.so)
frame #3: c10d::ProcessGroupNCCL::HeartbeatMonitor::runLoop() + 0x380 (0xfa2a110ddb30 in /usr/local/lib/python3.12/dist-packages/torch/lib/libtorch_cuda.so)
frame #4: <unknown function> + 0xe1ae0 (0xfa2abf2e1ae0 in /usr/lib/aarch64-linux-gnu/libstdc++.so.6)
frame #5: <unknown function> + 0x8595c (0xfa2abffa595c in /usr/lib/aarch64-linux-gnu/libc.so.6)
frame #6: <unknown function> + 0xebb4c (0xfa2ac000bb4c in /usr/lib/aarch64-linux-gnu/libc.so.6)

[rank2]:[W522 08:42:46.098594745 ProcessGroupNCCL.cpp:1826] [PG ID 0 PG GUID 0 Rank 2] Failed to check the "should dump" flag on TCPStore, (maybe TCPStore server has shut down too early), with error: Broken pipe
[rank2]:[W522 08:42:47.099462677 TCPStore.cpp:106] [c10d] sendBytes failed on SocketImpl(fd=30, addr=[spark2-ring]:38462, remote=[spark0-ring]:29536): Broken pipe
Exception raised from sendBytes at /pytorch/torch/csrc/distributed/c10d/Utils.hpp:653 (most recent call first):
frame #0: c10::Error::Error(c10::SourceLocation, std::__cxx11::basic_string<char, std::char_traits<char>, std::allocator<char> >) + 0xc8 (0xfa2a101f66e8 in /usr/local/lib/python3.12/dist-packages/torch/lib/libc10.so)
frame #1: <unknown function> + 0x66f513c (0xfa2a2c45513c in /usr/local/lib/python3.12/dist-packages/torch/lib/libtorch_cpu.so)
frame #2: c10d::TCPStore::check(std::vector<std::__cxx11::basic_string<char, std::char_traits<char>, std::allocator<char> >, std::allocator<std::__cxx11::basic_string<char, std::char_traits<char>, std::allocator<char> > > > const&) + 0x1a4 (0xfa2a2c45e294 in /usr/local/lib/python3.12/dist-packages/torch/lib/libtorch_cpu.so)
frame #3: c10d::ProcessGroupNCCL::HeartbeatMonitor::runLoop() + 0x380 (0xfa2a110ddb30 in /usr/local/lib/python3.12/dist-packages/torch/lib/libtorch_cuda.so)
frame #4: <unknown function> + 0xe1ae0 (0xfa2abf2e1ae0 in /usr/lib/aarch64-linux-gnu/libstdc++.so.6)
frame #5: <unknown function> + 0x8595c (0xfa2abffa595c in /usr/lib/aarch64-linux-gnu/libc.so.6)
frame #6: <unknown function> + 0xebb4c (0xfa2ac000bb4c in /usr/lib/aarch64-linux-gnu/libc.so.6)

[rank2]:[W522 08:42:47.100350198 ProcessGroupNCCL.cpp:1826] [PG ID 0 PG GUID 0 Rank 2] Failed to check the "should dump" flag on TCPStore, (maybe TCPStore server has shut down too early), with error: Broken pipe
[rank2]:[W522 08:42:48.100474169 TCPStore.cpp:106] [c10d] sendBytes failed on SocketImpl(fd=30, addr=[spark2-ring]:38462, remote=[spark0-ring]:29536): Broken pipe
Exception raised from sendBytes at /pytorch/torch/csrc/distributed/c10d/Utils.hpp:653 (most recent call first):
frame #0: c10::Error::Error(c10::SourceLocation, std::__cxx11::basic_string<char, std::char_traits<char>, std::allocator<char> >) + 0xc8 (0xfa2a101f66e8 in /usr/local/lib/python3.12/dist-packages/torch/lib/libc10.so)
frame #1: <unknown function> + 0x66f513c (0xfa2a2c45513c in /usr/local/lib/python3.12/dist-packages/torch/lib/libtorch_cpu.so)
frame #2: c10d::TCPStore::check(std::vector<std::__cxx11::basic_string<char, std::char_traits<char>, std::allocator<char> >, std::allocator<std::__cxx11::basic_string<char, std::char_traits<char>, std::allocator<char> > > > const&) + 0x1a4 (0xfa2a2c45e294 in /usr/local/lib/python3.12/dist-packages/torch/lib/libtorch_cpu.so)
frame #3: c10d::ProcessGroupNCCL::HeartbeatMonitor::runLoop() + 0x380 (0xfa2a110ddb30 in /usr/local/lib/python3.12/dist-packages/torch/lib/libtorch_cuda.so)
frame #4: <unknown function> + 0xe1ae0 (0xfa2abf2e1ae0 in /usr/lib/aarch64-linux-gnu/libstdc++.so.6)
frame #5: <unknown function> + 0x8595c (0xfa2abffa595c in /usr/lib/aarch64-linux-gnu/libc.so.6)
frame #6: <unknown function> + 0xebb4c (0xfa2ac000bb4c in /usr/lib/aarch64-linux-gnu/libc.so.6)

[rank2]:[W522 08:42:48.101362618 ProcessGroupNCCL.cpp:1826] [PG ID 0 PG GUID 0 Rank 2] Failed to check the "should dump" flag on TCPStore, (maybe TCPStore server has shut down too early), with error: Broken pipe
[rank2]:[W522 08:42:49.101952777 TCPStore.cpp:106] [c10d] sendBytes failed on SocketImpl(fd=30, addr=[spark2-ring]:38462, remote=[spark0-ring]:29536): Broken pipe
Exception raised from sendBytes at /pytorch/torch/csrc/distributed/c10d/Utils.hpp:653 (most recent call first):
frame #0: c10::Error::Error(c10::SourceLocation, std::__cxx11::basic_string<char, std::char_traits<char>, std::allocator<char> >) + 0xc8 (0xfa2a101f66e8 in /usr/local/lib/python3.12/dist-packages/torch/lib/libc10.so)
frame #1: <unknown function> + 0x66f513c (0xfa2a2c45513c in /usr/local/lib/python3.12/dist-packages/torch/lib/libtorch_cpu.so)
frame #2: c10d::TCPStore::check(std::vector<std::__cxx11::basic_string<char, std::char_traits<char>, std::allocator<char> >, std::allocator<std::__cxx11::basic_string<char, std::char_traits<char>, std::allocator<char> > > > const&) + 0x1a4 (0xfa2a2c45e294 in /usr/local/lib/python3.12/dist-packages/torch/lib/libtorch_cpu.so)
frame #3: c10d::ProcessGroupNCCL::HeartbeatMonitor::runLoop() + 0x380 (0xfa2a110ddb30 in /usr/local/lib/python3.12/dist-packages/torch/lib/libtorch_cuda.so)
frame #4: <unknown function> + 0xe1ae0 (0xfa2abf2e1ae0 in /usr/lib/aarch64-linux-gnu/libstdc++.so.6)
frame #5: <unknown function> + 0x8595c (0xfa2abffa595c in /usr/lib/aarch64-linux-gnu/libc.so.6)
frame #6: <unknown function> + 0xebb4c (0xfa2ac000bb4c in /usr/lib/aarch64-linux-gnu/libc.so.6)

[rank2]:[W522 08:42:49.102875866 ProcessGroupNCCL.cpp:1826] [PG ID 0 PG GUID 0 Rank 2] Failed to check the "should dump" flag on TCPStore, (maybe TCPStore server has shut down too early), with error: Broken pipe
[rank2]:[W522 08:42:50.103017331 TCPStore.cpp:106] [c10d] sendBytes failed on SocketImpl(fd=30, addr=[spark2-ring]:38462, remote=[spark0-ring]:29536): Broken pipe
Exception raised from sendBytes at /pytorch/torch/csrc/distributed/c10d/Utils.hpp:653 (most recent call first):
frame #0: c10::Error::Error(c10::SourceLocation, std::__cxx11::basic_string<char, std::char_traits<char>, std::allocator<char> >) + 0xc8 (0xfa2a101f66e8 in /usr/local/lib/python3.12/dist-packages/torch/lib/libc10.so)
frame #1: <unknown function> + 0x66f513c (0xfa2a2c45513c in /usr/local/lib/python3.12/dist-packages/torch/lib/libtorch_cpu.so)
frame #2: c10d::TCPStore::check(std::vector<std::__cxx11::basic_string<char, std::char_traits<char>, std::allocator<char> >, std::allocator<std::__cxx11::basic_string<char, std::char_traits<char>, std::allocator<char> > > > const&) + 0x1a4 (0xfa2a2c45e294 in /usr/local/lib/python3.12/dist-packages/torch/lib/libtorch_cpu.so)
frame #3: c10d::ProcessGroupNCCL::HeartbeatMonitor::runLoop() + 0x380 (0xfa2a110ddb30 in /usr/local/lib/python3.12/dist-packages/torch/lib/libtorch_cuda.so)
frame #4: <unknown function> + 0xe1ae0 (0xfa2abf2e1ae0 in /usr/lib/aarch64-linux-gnu/libstdc++.so.6)
frame #5: <unknown function> + 0x8595c (0xfa2abffa595c in /usr/lib/aarch64-linux-gnu/libc.so.6)
frame #6: <unknown function> + 0xebb4c (0xfa2ac000bb4c in /usr/lib/aarch64-linux-gnu/libc.so.6)

[rank2]:[W522 08:42:50.103859524 ProcessGroupNCCL.cpp:1826] [PG ID 0 PG GUID 0 Rank 2] Failed to check the "should dump" flag on TCPStore, (maybe TCPStore server has shut down too early), with error: Broken pipe
[rank2]:[W522 08:42:51.104452217 TCPStore.cpp:106] [c10d] sendBytes failed on SocketImpl(fd=30, addr=[spark2-ring]:38462, remote=[spark0-ring]:29536): Broken pipe
Exception raised from sendBytes at /pytorch/torch/csrc/distributed/c10d/Utils.hpp:653 (most recent call first):
frame #0: c10::Error::Error(c10::SourceLocation, std::__cxx11::basic_string<char, std::char_traits<char>, std::allocator<char> >) + 0xc8 (0xfa2a101f66e8 in /usr/local/lib/python3.12/dist-packages/torch/lib/libc10.so)
frame #1: <unknown function> + 0x66f513c (0xfa2a2c45513c in /usr/local/lib/python3.12/dist-packages/torch/lib/libtorch_cpu.so)
frame #2: c10d::TCPStore::check(std::vector<std::__cxx11::basic_string<char, std::char_traits<char>, std::allocator<char> >, std::allocator<std::__cxx11::basic_string<char, std::char_traits<char>, std::allocator<char> > > > const&) + 0x1a4 (0xfa2a2c45e294 in /usr/local/lib/python3.12/dist-packages/torch/lib/libtorch_cpu.so)
frame #3: c10d::ProcessGroupNCCL::HeartbeatMonitor::runLoop() + 0x380 (0xfa2a110ddb30 in /usr/local/lib/python3.12/dist-packages/torch/lib/libtorch_cuda.so)
frame #4: <unknown function> + 0xe1ae0 (0xfa2abf2e1ae0 in /usr/lib/aarch64-linux-gnu/libstdc++.so.6)
frame #5: <unknown function> + 0x8595c (0xfa2abffa595c in /usr/lib/aarch64-linux-gnu/libc.so.6)
frame #6: <unknown function> + 0xebb4c (0xfa2ac000bb4c in /usr/lib/aarch64-linux-gnu/libc.so.6)

[rank2]:[W522 08:42:51.105363178 ProcessGroupNCCL.cpp:1826] [PG ID 0 PG GUID 0 Rank 2] Failed to check the "should dump" flag on TCPStore, (maybe TCPStore server has shut down too early), with error: Broken pipe
[rank2]:[W522 08:42:52.105481528 TCPStore.cpp:106] [c10d] sendBytes failed on SocketImpl(fd=30, addr=[spark2-ring]:38462, remote=[spark0-ring]:29536): Broken pipe
Exception raised from sendBytes at /pytorch/torch/csrc/distributed/c10d/Utils.hpp:653 (most recent call first):
frame #0: c10::Error::Error(c10::SourceLocation, std::__cxx11::basic_string<char, std::char_traits<char>, std::allocator<char> >) + 0xc8 (0xfa2a101f66e8 in /usr/local/lib/python3.12/dist-packages/torch/lib/libc10.so)
frame #1: <unknown function> + 0x66f513c (0xfa2a2c45513c in /usr/local/lib/python3.12/dist-packages/torch/lib/libtorch_cpu.so)
frame #2: c10d::TCPStore::check(std::vector<std::__cxx11::basic_string<char, std::char_traits<char>, std::allocator<char> >, std::allocator<std::__cxx11::basic_string<char, std::char_traits<char>, std::allocator<char> > > > const&) + 0x1a4 (0xfa2a2c45e294 in /usr/local/lib/python3.12/dist-packages/torch/lib/libtorch_cpu.so)
frame #3: c10d::ProcessGroupNCCL::HeartbeatMonitor::runLoop() + 0x380 (0xfa2a110ddb30 in /usr/local/lib/python3.12/dist-packages/torch/lib/libtorch_cuda.so)
frame #4: <unknown function> + 0xe1ae0 (0xfa2abf2e1ae0 in /usr/lib/aarch64-linux-gnu/libstdc++.so.6)
frame #5: <unknown function> + 0x8595c (0xfa2abffa595c in /usr/lib/aarch64-linux-gnu/libc.so.6)
frame #6: <unknown function> + 0xebb4c (0xfa2ac000bb4c in /usr/lib/aarch64-linux-gnu/libc.so.6)

[rank2]:[W522 08:42:52.106352713 ProcessGroupNCCL.cpp:1826] [PG ID 0 PG GUID 0 Rank 2] Failed to check the "should dump" flag on TCPStore, (maybe TCPStore server has shut down too early), with error: Broken pipe
[rank2]:[W522 08:42:53.106529265 TCPStore.cpp:106] [c10d] sendBytes failed on SocketImpl(fd=30, addr=[spark2-ring]:38462, remote=[spark0-ring]:29536): Broken pipe
Exception raised from sendBytes at /pytorch/torch/csrc/distributed/c10d/Utils.hpp:653 (most recent call first):
frame #0: c10::Error::Error(c10::SourceLocation, std::__cxx11::basic_string<char, std::char_traits<char>, std::allocator<char> >) + 0xc8 (0xfa2a101f66e8 in /usr/local/lib/python3.12/dist-packages/torch/lib/libc10.so)
frame #1: <unknown function> + 0x66f513c (0xfa2a2c45513c in /usr/local/lib/python3.12/dist-packages/torch/lib/libtorch_cpu.so)
frame #2: c10d::TCPStore::check(std::vector<std::__cxx11::basic_string<char, std::char_traits<char>, std::allocator<char> >, std::allocator<std::__cxx11::basic_string<char, std::char_traits<char>, std::allocator<char> > > > const&) + 0x1a4 (0xfa2a2c45e294 in /usr/local/lib/python3.12/dist-packages/torch/lib/libtorch_cpu.so)
frame #3: c10d::ProcessGroupNCCL::HeartbeatMonitor::runLoop() + 0x380 (0xfa2a110ddb30 in /usr/local/lib/python3.12/dist-packages/torch/lib/libtorch_cuda.so)
frame #4: <unknown function> + 0xe1ae0 (0xfa2abf2e1ae0 in /usr/lib/aarch64-linux-gnu/libstdc++.so.6)
frame #5: <unknown function> + 0x8595c (0xfa2abffa595c in /usr/lib/aarch64-linux-gnu/libc.so.6)
frame #6: <unknown function> + 0xebb4c (0xfa2ac000bb4c in /usr/lib/aarch64-linux-gnu/libc.so.6)

[rank2]:[W522 08:42:53.107446738 ProcessGroupNCCL.cpp:1826] [PG ID 0 PG GUID 0 Rank 2] Failed to check the "should dump" flag on TCPStore, (maybe TCPStore server has shut down too early), with error: Broken pipe
[rank2]:[W522 08:42:54.108069254 TCPStore.cpp:106] [c10d] sendBytes failed on SocketImpl(fd=30, addr=[spark2-ring]:38462, remote=[spark0-ring]:29536): Broken pipe
Exception raised from sendBytes at /pytorch/torch/csrc/distributed/c10d/Utils.hpp:653 (most recent call first):
frame #0: c10::Error::Error(c10::SourceLocation, std::__cxx11::basic_string<char, std::char_traits<char>, std::allocator<char> >) + 0xc8 (0xfa2a101f66e8 in /usr/local/lib/python3.12/dist-packages/torch/lib/libc10.so)
frame #1: <unknown function> + 0x66f513c (0xfa2a2c45513c in /usr/local/lib/python3.12/dist-packages/torch/lib/libtorch_cpu.so)
frame #2: c10d::TCPStore::check(std::vector<std::__cxx11::basic_string<char, std::char_traits<char>, std::allocator<char> >, std::allocator<std::__cxx11::basic_string<char, std::char_traits<char>, std::allocator<char> > > > const&) + 0x1a4 (0xfa2a2c45e294 in /usr/local/lib/python3.12/dist-packages/torch/lib/libtorch_cpu.so)
frame #3: c10d::ProcessGroupNCCL::HeartbeatMonitor::runLoop() + 0x380 (0xfa2a110ddb30 in /usr/local/lib/python3.12/dist-packages/torch/lib/libtorch_cuda.so)
frame #4: <unknown function> + 0xe1ae0 (0xfa2abf2e1ae0 in /usr/lib/aarch64-linux-gnu/libstdc++.so.6)
frame #5: <unknown function> + 0x8595c (0xfa2abffa595c in /usr/lib/aarch64-linux-gnu/libc.so.6)
frame #6: <unknown function> + 0xebb4c (0xfa2ac000bb4c in /usr/lib/aarch64-linux-gnu/libc.so.6)

[rank2]:[W522 08:42:54.108974487 ProcessGroupNCCL.cpp:1826] [PG ID 0 PG GUID 0 Rank 2] Failed to check the "should dump" flag on TCPStore, (maybe TCPStore server has shut down too early), with error: Broken pipe
[rank2]:[W522 08:42:55.109553654 TCPStore.cpp:106] [c10d] sendBytes failed on SocketImpl(fd=30, addr=[spark2-ring]:38462, remote=[spark0-ring]:29536): Broken pipe
Exception raised from sendBytes at /pytorch/torch/csrc/distributed/c10d/Utils.hpp:653 (most recent call first):
frame #0: c10::Error::Error(c10::SourceLocation, std::__cxx11::basic_string<char, std::char_traits<char>, std::allocator<char> >) + 0xc8 (0xfa2a101f66e8 in /usr/local/lib/python3.12/dist-packages/torch/lib/libc10.so)
frame #1: <unknown function> + 0x66f513c (0xfa2a2c45513c in /usr/local/lib/python3.12/dist-packages/torch/lib/libtorch_cpu.so)
frame #2: c10d::TCPStore::check(std::vector<std::__cxx11::basic_string<char, std::char_traits<char>, std::allocator<char> >, std::allocator<std::__cxx11::basic_string<char, std::char_traits<char>, std::allocator<char> > > > const&) + 0x1a4 (0xfa2a2c45e294 in /usr/local/lib/python3.12/dist-packages/torch/lib/libtorch_cpu.so)
frame #3: c10d::ProcessGroupNCCL::HeartbeatMonitor::runLoop() + 0x380 (0xfa2a110ddb30 in /usr/local/lib/python3.12/dist-packages/torch/lib/libtorch_cuda.so)
frame #4: <unknown function> + 0xe1ae0 (0xfa2abf2e1ae0 in /usr/lib/aarch64-linux-gnu/libstdc++.so.6)
frame #5: <unknown function> + 0x8595c (0xfa2abffa595c in /usr/lib/aarch64-linux-gnu/libc.so.6)
frame #6: <unknown function> + 0xebb4c (0xfa2ac000bb4c in /usr/lib/aarch64-linux-gnu/libc.so.6)

[rank2]:[W522 08:42:55.110420551 ProcessGroupNCCL.cpp:1826] [PG ID 0 PG GUID 0 Rank 2] Failed to check the "should dump" flag on TCPStore, (maybe TCPStore server has shut down too early), with error: Broken pipe
[rank2]:[W522 08:42:56.110544063 TCPStore.cpp:106] [c10d] sendBytes failed on SocketImpl(fd=30, addr=[spark2-ring]:38462, remote=[spark0-ring]:29536): Broken pipe
Exception raised from sendBytes at /pytorch/torch/csrc/distributed/c10d/Utils.hpp:653 (most recent call first):
frame #0: c10::Error::Error(c10::SourceLocation, std::__cxx11::basic_string<char, std::char_traits<char>, std::allocator<char> >) + 0xc8 (0xfa2a101f66e8 in /usr/local/lib/python3.12/dist-packages/torch/lib/libc10.so)
frame #1: <unknown function> + 0x66f513c (0xfa2a2c45513c in /usr/local/lib/python3.12/dist-packages/torch/lib/libtorch_cpu.so)
frame #2: c10d::TCPStore::check(std::vector<std::__cxx11::basic_string<char, std::char_traits<char>, std::allocator<char> >, std::allocator<std::__cxx11::basic_string<char, std::char_traits<char>, std::allocator<char> > > > const&) + 0x1a4 (0xfa2a2c45e294 in /usr/local/lib/python3.12/dist-packages/torch/lib/libtorch_cpu.so)
frame #3: c10d::ProcessGroupNCCL::HeartbeatMonitor::runLoop() + 0x380 (0xfa2a110ddb30 in /usr/local/lib/python3.12/dist-packages/torch/lib/libtorch_cuda.so)
frame #4: <unknown function> + 0xe1ae0 (0xfa2abf2e1ae0 in /usr/lib/aarch64-linux-gnu/libstdc++.so.6)
frame #5: <unknown function> + 0x8595c (0xfa2abffa595c in /usr/lib/aarch64-linux-gnu/libc.so.6)
frame #6: <unknown function> + 0xebb4c (0xfa2ac000bb4c in /usr/lib/aarch64-linux-gnu/libc.so.6)

[rank2]:[W522 08:42:56.111402752 ProcessGroupNCCL.cpp:1826] [PG ID 0 PG GUID 0 Rank 2] Failed to check the "should dump" flag on TCPStore, (maybe TCPStore server has shut down too early), with error: Broken pipe
[rank2]:[W522 08:42:57.112869301 TCPStore.cpp:106] [c10d] sendBytes failed on SocketImpl(fd=30, addr=[spark2-ring]:38462, remote=[spark0-ring]:29536): Broken pipe
Exception raised from sendBytes at /pytorch/torch/csrc/distributed/c10d/Utils.hpp:653 (most recent call first):
frame #0: c10::Error::Error(c10::SourceLocation, std::__cxx11::basic_string<char, std::char_traits<char>, std::allocator<char> >) + 0xc8 (0xfa2a101f66e8 in /usr/local/lib/python3.12/dist-packages/torch/lib/libc10.so)
frame #1: <unknown function> + 0x66f513c (0xfa2a2c45513c in /usr/local/lib/python3.12/dist-packages/torch/lib/libtorch_cpu.so)
frame #2: c10d::TCPStore::check(std::vector<std::__cxx11::basic_string<char, std::char_traits<char>, std::allocator<char> >, std::allocator<std::__cxx11::basic_string<char, std::char_traits<char>, std::allocator<char> > > > const&) + 0x1a4 (0xfa2a2c45e294 in /usr/local/lib/python3.12/dist-packages/torch/lib/libtorch_cpu.so)
frame #3: c10d::ProcessGroupNCCL::HeartbeatMonitor::runLoop() + 0x380 (0xfa2a110ddb30 in /usr/local/lib/python3.12/dist-packages/torch/lib/libtorch_cuda.so)
frame #4: <unknown function> + 0xe1ae0 (0xfa2abf2e1ae0 in /usr/lib/aarch64-linux-gnu/libstdc++.so.6)
frame #5: <unknown function> + 0x8595c (0xfa2abffa595c in /usr/lib/aarch64-linux-gnu/libc.so.6)
frame #6: <unknown function> + 0xebb4c (0xfa2ac000bb4c in /usr/lib/aarch64-linux-gnu/libc.so.6)

[rank2]:[W522 08:42:57.113791958 ProcessGroupNCCL.cpp:1826] [PG ID 0 PG GUID 0 Rank 2] Failed to check the "should dump" flag on TCPStore, (maybe TCPStore server has shut down too early), with error: Broken pipe
[rank2]:[W522 08:42:58.114379829 TCPStore.cpp:106] [c10d] sendBytes failed on SocketImpl(fd=30, addr=[spark2-ring]:38462, remote=[spark0-ring]:29536): Broken pipe
Exception raised from sendBytes at /pytorch/torch/csrc/distributed/c10d/Utils.hpp:653 (most recent call first):
frame #0: c10::Error::Error(c10::SourceLocation, std::__cxx11::basic_string<char, std::char_traits<char>, std::allocator<char> >) + 0xc8 (0xfa2a101f66e8 in /usr/local/lib/python3.12/dist-packages/torch/lib/libc10.so)
frame #1: <unknown function> + 0x66f513c (0xfa2a2c45513c in /usr/local/lib/python3.12/dist-packages/torch/lib/libtorch_cpu.so)
frame #2: c10d::TCPStore::check(std::vector<std::__cxx11::basic_string<char, std::char_traits<char>, std::allocator<char> >, std::allocator<std::__cxx11::basic_string<char, std::char_traits<char>, std::allocator<char> > > > const&) + 0x1a4 (0xfa2a2c45e294 in /usr/local/lib/python3.12/dist-packages/torch/lib/libtorch_cpu.so)
frame #3: c10d::ProcessGroupNCCL::HeartbeatMonitor::runLoop() + 0x380 (0xfa2a110ddb30 in /usr/local/lib/python3.12/dist-packages/torch/lib/libtorch_cuda.so)
frame #4: <unknown function> + 0xe1ae0 (0xfa2abf2e1ae0 in /usr/lib/aarch64-linux-gnu/libstdc++.so.6)
frame #5: <unknown function> + 0x8595c (0xfa2abffa595c in /usr/lib/aarch64-linux-gnu/libc.so.6)
frame #6: <unknown function> + 0xebb4c (0xfa2ac000bb4c in /usr/lib/aarch64-linux-gnu/libc.so.6)

[rank2]:[W522 08:42:58.115312038 ProcessGroupNCCL.cpp:1826] [PG ID 0 PG GUID 0 Rank 2] Failed to check the "should dump" flag on TCPStore, (maybe TCPStore server has shut down too early), with error: Broken pipe
[rank2]:[W522 08:42:59.115909695 TCPStore.cpp:106] [c10d] sendBytes failed on SocketImpl(fd=30, addr=[spark2-ring]:38462, remote=[spark0-ring]:29536): Broken pipe
Exception raised from sendBytes at /pytorch/torch/csrc/distributed/c10d/Utils.hpp:653 (most recent call first):
frame #0: c10::Error::Error(c10::SourceLocation, std::__cxx11::basic_string<char, std::char_traits<char>, std::allocator<char> >) + 0xc8 (0xfa2a101f66e8 in /usr/local/lib/python3.12/dist-packages/torch/lib/libc10.so)
frame #1: <unknown function> + 0x66f513c (0xfa2a2c45513c in /usr/local/lib/python3.12/dist-packages/torch/lib/libtorch_cpu.so)
frame #2: c10d::TCPStore::check(std::vector<std::__cxx11::basic_string<char, std::char_traits<char>, std::allocator<char> >, std::allocator<std::__cxx11::basic_string<char, std::char_traits<char>, std::allocator<char> > > > const&) + 0x1a4 (0xfa2a2c45e294 in /usr/local/lib/python3.12/dist-packages/torch/lib/libtorch_cpu.so)
frame #3: c10d::ProcessGroupNCCL::HeartbeatMonitor::runLoop() + 0x380 (0xfa2a110ddb30 in /usr/local/lib/python3.12/dist-packages/torch/lib/libtorch_cuda.so)
frame #4: <unknown function> + 0xe1ae0 (0xfa2abf2e1ae0 in /usr/lib/aarch64-linux-gnu/libstdc++.so.6)
frame #5: <unknown function> + 0x8595c (0xfa2abffa595c in /usr/lib/aarch64-linux-gnu/libc.so.6)
frame #6: <unknown function> + 0xebb4c (0xfa2ac000bb4c in /usr/lib/aarch64-linux-gnu/libc.so.6)

[rank2]:[W522 08:42:59.116810704 ProcessGroupNCCL.cpp:1826] [PG ID 0 PG GUID 0 Rank 2] Failed to check the "should dump" flag on TCPStore, (maybe TCPStore server has shut down too early), with error: Broken pipe
[rank2]:[W522 08:43:00.117411444 TCPStore.cpp:106] [c10d] sendBytes failed on SocketImpl(fd=30, addr=[spark2-ring]:38462, remote=[spark0-ring]:29536): Broken pipe
Exception raised from sendBytes at /pytorch/torch/csrc/distributed/c10d/Utils.hpp:653 (most recent call first):
frame #0: c10::Error::Error(c10::SourceLocation, std::__cxx11::basic_string<char, std::char_traits<char>, std::allocator<char> >) + 0xc8 (0xfa2a101f66e8 in /usr/local/lib/python3.12/dist-packages/torch/lib/libc10.so)
frame #1: <unknown function> + 0x66f513c (0xfa2a2c45513c in /usr/local/lib/python3.12/dist-packages/torch/lib/libtorch_cpu.so)
frame #2: c10d::TCPStore::check(std::vector<std::__cxx11::basic_string<char, std::char_traits<char>, std::allocator<char> >, std::allocator<std::__cxx11::basic_string<char, std::char_traits<char>, std::allocator<char> > > > const&) + 0x1a4 (0xfa2a2c45e294 in /usr/local/lib/python3.12/dist-packages/torch/lib/libtorch_cpu.so)
frame #3: c10d::ProcessGroupNCCL::HeartbeatMonitor::runLoop() + 0x380 (0xfa2a110ddb30 in /usr/local/lib/python3.12/dist-packages/torch/lib/libtorch_cuda.so)
frame #4: <unknown function> + 0xe1ae0 (0xfa2abf2e1ae0 in /usr/lib/aarch64-linux-gnu/libstdc++.so.6)
frame #5: <unknown function> + 0x8595c (0xfa2abffa595c in /usr/lib/aarch64-linux-gnu/libc.so.6)
frame #6: <unknown function> + 0xebb4c (0xfa2ac000bb4c in /usr/lib/aarch64-linux-gnu/libc.so.6)

[rank2]:[W522 08:43:00.118330677 ProcessGroupNCCL.cpp:1826] [PG ID 0 PG GUID 0 Rank 2] Failed to check the "should dump" flag on TCPStore, (maybe TCPStore server has shut down too early), with error: Broken pipe
[rank2]:[W522 08:43:01.118849346 TCPStore.cpp:106] [c10d] sendBytes failed on SocketImpl(fd=30, addr=[spark2-ring]:38462, remote=[spark0-ring]:29536): Broken pipe
Exception raised from sendBytes at /pytorch/torch/csrc/distributed/c10d/Utils.hpp:653 (most recent call first):
frame #0: c10::Error::Error(c10::SourceLocation, std::__cxx11::basic_string<char, std::char_traits<char>, std::allocator<char> >) + 0xc8 (0xfa2a101f66e8 in /usr/local/lib/python3.12/dist-packages/torch/lib/libc10.so)
frame #1: <unknown function> + 0x66f513c (0xfa2a2c45513c in /usr/local/lib/python3.12/dist-packages/torch/lib/libtorch_cpu.so)
frame #2: c10d::TCPStore::check(std::vector<std::__cxx11::basic_string<char, std::char_traits<char>, std::allocator<char> >, std::allocator<std::__cxx11::basic_string<char, std::char_traits<char>, std::allocator<char> > > > const&) + 0x1a4 (0xfa2a2c45e294 in /usr/local/lib/python3.12/dist-packages/torch/lib/libtorch_cpu.so)
frame #3: c10d::ProcessGroupNCCL::HeartbeatMonitor::runLoop() + 0x380 (0xfa2a110ddb30 in /usr/local/lib/python3.12/dist-packages/torch/lib/libtorch_cuda.so)
frame #4: <unknown function> + 0xe1ae0 (0xfa2abf2e1ae0 in /usr/lib/aarch64-linux-gnu/libstdc++.so.6)
frame #5: <unknown function> + 0x8595c (0xfa2abffa595c in /usr/lib/aarch64-linux-gnu/libc.so.6)
frame #6: <unknown function> + 0xebb4c (0xfa2ac000bb4c in /usr/lib/aarch64-linux-gnu/libc.so.6)

[rank2]:[W522 08:43:01.119720867 ProcessGroupNCCL.cpp:1826] [PG ID 0 PG GUID 0 Rank 2] Failed to check the "should dump" flag on TCPStore, (maybe TCPStore server has shut down too early), with error: Broken pipe
[rank2]:[W522 08:43:02.120308445 TCPStore.cpp:106] [c10d] sendBytes failed on SocketImpl(fd=30, addr=[spark2-ring]:38462, remote=[spark0-ring]:29536): Broken pipe
Exception raised from sendBytes at /pytorch/torch/csrc/distributed/c10d/Utils.hpp:653 (most recent call first):
frame #0: c10::Error::Error(c10::SourceLocation, std::__cxx11::basic_string<char, std::char_traits<char>, std::allocator<char> >) + 0xc8 (0xfa2a101f66e8 in /usr/local/lib/python3.12/dist-packages/torch/lib/libc10.so)
frame #1: <unknown function> + 0x66f513c (0xfa2a2c45513c in /usr/local/lib/python3.12/dist-packages/torch/lib/libtorch_cpu.so)
frame #2: c10d::TCPStore::check(std::vector<std::__cxx11::basic_string<char, std::char_traits<char>, std::allocator<char> >, std::allocator<std::__cxx11::basic_string<char, std::char_traits<char>, std::allocator<char> > > > const&) + 0x1a4 (0xfa2a2c45e294 in /usr/local/lib/python3.12/dist-packages/torch/lib/libtorch_cpu.so)
frame #3: c10d::ProcessGroupNCCL::HeartbeatMonitor::runLoop() + 0x380 (0xfa2a110ddb30 in /usr/local/lib/python3.12/dist-packages/torch/lib/libtorch_cuda.so)
frame #4: <unknown function> + 0xe1ae0 (0xfa2abf2e1ae0 in /usr/lib/aarch64-linux-gnu/libstdc++.so.6)
frame #5: <unknown function> + 0x8595c (0xfa2abffa595c in /usr/lib/aarch64-linux-gnu/libc.so.6)
frame #6: <unknown function> + 0xebb4c (0xfa2ac000bb4c in /usr/lib/aarch64-linux-gnu/libc.so.6)

[rank2]:[W522 08:43:02.121229310 ProcessGroupNCCL.cpp:1826] [PG ID 0 PG GUID 0 Rank 2] Failed to check the "should dump" flag on TCPStore, (maybe TCPStore server has shut down too early), with error: Broken pipe
[rank2]:[W522 08:43:03.121646370 TCPStore.cpp:106] [c10d] sendBytes failed on SocketImpl(fd=30, addr=[spark2-ring]:38462, remote=[spark0-ring]:29536): Broken pipe
Exception raised from sendBytes at /pytorch/torch/csrc/distributed/c10d/Utils.hpp:653 (most recent call first):
frame #0: c10::Error::Error(c10::SourceLocation, std::__cxx11::basic_string<char, std::char_traits<char>, std::allocator<char> >) + 0xc8 (0xfa2a101f66e8 in /usr/local/lib/python3.12/dist-packages/torch/lib/libc10.so)
frame #1: <unknown function> + 0x66f513c (0xfa2a2c45513c in /usr/local/lib/python3.12/dist-packages/torch/lib/libtorch_cpu.so)
frame #2: c10d::TCPStore::check(std::vector<std::__cxx11::basic_string<char, std::char_traits<char>, std::allocator<char> >, std::allocator<std::__cxx11::basic_string<char, std::char_traits<char>, std::allocator<char> > > > const&) + 0x1a4 (0xfa2a2c45e294 in /usr/local/lib/python3.12/dist-packages/torch/lib/libtorch_cpu.so)
frame #3: c10d::ProcessGroupNCCL::HeartbeatMonitor::runLoop() + 0x380 (0xfa2a110ddb30 in /usr/local/lib/python3.12/dist-packages/torch/lib/libtorch_cuda.so)
frame #4: <unknown function> + 0xe1ae0 (0xfa2abf2e1ae0 in /usr/lib/aarch64-linux-gnu/libstdc++.so.6)
frame #5: <unknown function> + 0x8595c (0xfa2abffa595c in /usr/lib/aarch64-linux-gnu/libc.so.6)
frame #6: <unknown function> + 0xebb4c (0xfa2ac000bb4c in /usr/lib/aarch64-linux-gnu/libc.so.6)

[rank2]:[W522 08:43:03.122512690 ProcessGroupNCCL.cpp:1826] [PG ID 0 PG GUID 0 Rank 2] Failed to check the "should dump" flag on TCPStore, (maybe TCPStore server has shut down too early), with error: Broken pipe
[rank2]:[W522 08:43:04.122625345 TCPStore.cpp:106] [c10d] sendBytes failed on SocketImpl(fd=30, addr=[spark2-ring]:38462, remote=[spark0-ring]:29536): Broken pipe
Exception raised from sendBytes at /pytorch/torch/csrc/distributed/c10d/Utils.hpp:653 (most recent call first):
frame #0: c10::Error::Error(c10::SourceLocation, std::__cxx11::basic_string<char, std::char_traits<char>, std::allocator<char> >) + 0xc8 (0xfa2a101f66e8 in /usr/local/lib/python3.12/dist-packages/torch/lib/libc10.so)
frame #1: <unknown function> + 0x66f513c (0xfa2a2c45513c in /usr/local/lib/python3.12/dist-packages/torch/lib/libtorch_cpu.so)
frame #2: c10d::TCPStore::check(std::vector<std::__cxx11::basic_string<char, std::char_traits<char>, std::allocator<char> >, std::allocator<std::__cxx11::basic_string<char, std::char_traits<char>, std::allocator<char> > > > const&) + 0x1a4 (0xfa2a2c45e294 in /usr/local/lib/python3.12/dist-packages/torch/lib/libtorch_cpu.so)
frame #3: c10d::ProcessGroupNCCL::HeartbeatMonitor::runLoop() + 0x380 (0xfa2a110ddb30 in /usr/local/lib/python3.12/dist-packages/torch/lib/libtorch_cuda.so)
frame #4: <unknown function> + 0xe1ae0 (0xfa2abf2e1ae0 in /usr/lib/aarch64-linux-gnu/libstdc++.so.6)
frame #5: <unknown function> + 0x8595c (0xfa2abffa595c in /usr/lib/aarch64-linux-gnu/libc.so.6)
frame #6: <unknown function> + 0xebb4c (0xfa2ac000bb4c in /usr/lib/aarch64-linux-gnu/libc.so.6)

[rank2]:[W522 08:43:04.123497921 ProcessGroupNCCL.cpp:1826] [PG ID 0 PG GUID 0 Rank 2] Failed to check the "should dump" flag on TCPStore, (maybe TCPStore server has shut down too early), with error: Broken pipe
[rank2]:[W522 08:43:05.124105178 TCPStore.cpp:106] [c10d] sendBytes failed on SocketImpl(fd=30, addr=[spark2-ring]:38462, remote=[spark0-ring]:29536): Broken pipe
Exception raised from sendBytes at /pytorch/torch/csrc/distributed/c10d/Utils.hpp:653 (most recent call first):
frame #0: c10::Error::Error(c10::SourceLocation, std::__cxx11::basic_string<char, std::char_traits<char>, std::allocator<char> >) + 0xc8 (0xfa2a101f66e8 in /usr/local/lib/python3.12/dist-packages/torch/lib/libc10.so)
frame #1: <unknown function> + 0x66f513c (0xfa2a2c45513c in /usr/local/lib/python3.12/dist-packages/torch/lib/libtorch_cpu.so)
frame #2: c10d::TCPStore::check(std::vector<std::__cxx11::basic_string<char, std::char_traits<char>, std::allocator<char> >, std::allocator<std::__cxx11::basic_string<char, std::char_traits<char>, std::allocator<char> > > > const&) + 0x1a4 (0xfa2a2c45e294 in /usr/local/lib/python3.12/dist-packages/torch/lib/libtorch_cpu.so)
frame #3: c10d::ProcessGroupNCCL::HeartbeatMonitor::runLoop() + 0x380 (0xfa2a110ddb30 in /usr/local/lib/python3.12/dist-packages/torch/lib/libtorch_cuda.so)
frame #4: <unknown function> + 0xe1ae0 (0xfa2abf2e1ae0 in /usr/lib/aarch64-linux-gnu/libstdc++.so.6)
frame #5: <unknown function> + 0x8595c (0xfa2abffa595c in /usr/lib/aarch64-linux-gnu/libc.so.6)
frame #6: <unknown function> + 0xebb4c (0xfa2ac000bb4c in /usr/lib/aarch64-linux-gnu/libc.so.6)

[rank2]:[W522 08:43:05.125020795 ProcessGroupNCCL.cpp:1826] [PG ID 0 PG GUID 0 Rank 2] Failed to check the "should dump" flag on TCPStore, (maybe TCPStore server has shut down too early), with error: Broken pipe
[rank2]:[W522 08:43:06.125617199 TCPStore.cpp:106] [c10d] sendBytes failed on SocketImpl(fd=30, addr=[spark2-ring]:38462, remote=[spark0-ring]:29536): Broken pipe
Exception raised from sendBytes at /pytorch/torch/csrc/distributed/c10d/Utils.hpp:653 (most recent call first):
frame #0: c10::Error::Error(c10::SourceLocation, std::__cxx11::basic_string<char, std::char_traits<char>, std::allocator<char> >) + 0xc8 (0xfa2a101f66e8 in /usr/local/lib/python3.12/dist-packages/torch/lib/libc10.so)
frame #1: <unknown function> + 0x66f513c (0xfa2a2c45513c in /usr/local/lib/python3.12/dist-packages/torch/lib/libtorch_cpu.so)
frame #2: c10d::TCPStore::check(std::vector<std::__cxx11::basic_string<char, std::char_traits<char>, std::allocator<char> >, std::allocator<std::__cxx11::basic_string<char, std::char_traits<char>, std::allocator<char> > > > const&) + 0x1a4 (0xfa2a2c45e294 in /usr/local/lib/python3.12/dist-packages/torch/lib/libtorch_cpu.so)
frame #3: c10d::ProcessGroupNCCL::HeartbeatMonitor::runLoop() + 0x380 (0xfa2a110ddb30 in /usr/local/lib/python3.12/dist-packages/torch/lib/libtorch_cuda.so)
frame #4: <unknown function> + 0xe1ae0 (0xfa2abf2e1ae0 in /usr/lib/aarch64-linux-gnu/libstdc++.so.6)
frame #5: <unknown function> + 0x8595c (0xfa2abffa595c in /usr/lib/aarch64-linux-gnu/libc.so.6)
frame #6: <unknown function> + 0xebb4c (0xfa2ac000bb4c in /usr/lib/aarch64-linux-gnu/libc.so.6)

[rank2]:[W522 08:43:06.126561520 ProcessGroupNCCL.cpp:1826] [PG ID 0 PG GUID 0 Rank 2] Failed to check the "should dump" flag on TCPStore, (maybe TCPStore server has shut down too early), with error: Broken pipe
[rank2]:[W522 08:43:07.127095935 TCPStore.cpp:106] [c10d] sendBytes failed on SocketImpl(fd=30, addr=[spark2-ring]:38462, remote=[spark0-ring]:29536): Broken pipe
Exception raised from sendBytes at /pytorch/torch/csrc/distributed/c10d/Utils.hpp:653 (most recent call first):
frame #0: c10::Error::Error(c10::SourceLocation, std::__cxx11::basic_string<char, std::char_traits<char>, std::allocator<char> >) + 0xc8 (0xfa2a101f66e8 in /usr/local/lib/python3.12/dist-packages/torch/lib/libc10.so)
frame #1: <unknown function> + 0x66f513c (0xfa2a2c45513c in /usr/local/lib/python3.12/dist-packages/torch/lib/libtorch_cpu.so)
frame #2: c10d::TCPStore::check(std::vector<std::__cxx11::basic_string<char, std::char_traits<char>, std::allocator<char> >, std::allocator<std::__cxx11::basic_string<char, std::char_traits<char>, std::allocator<char> > > > const&) + 0x1a4 (0xfa2a2c45e294 in /usr/local/lib/python3.12/dist-packages/torch/lib/libtorch_cpu.so)
frame #3: c10d::ProcessGroupNCCL::HeartbeatMonitor::runLoop() + 0x380 (0xfa2a110ddb30 in /usr/local/lib/python3.12/dist-packages/torch/lib/libtorch_cuda.so)
frame #4: <unknown function> + 0xe1ae0 (0xfa2abf2e1ae0 in /usr/lib/aarch64-linux-gnu/libstdc++.so.6)
frame #5: <unknown function> + 0x8595c (0xfa2abffa595c in /usr/lib/aarch64-linux-gnu/libc.so.6)
frame #6: <unknown function> + 0xebb4c (0xfa2ac000bb4c in /usr/lib/aarch64-linux-gnu/libc.so.6)

[rank2]:[W522 08:43:07.127955536 ProcessGroupNCCL.cpp:1826] [PG ID 0 PG GUID 0 Rank 2] Failed to check the "should dump" flag on TCPStore, (maybe TCPStore server has shut down too early), with error: Broken pipe
[rank2]:[W522 08:43:08.128540249 TCPStore.cpp:106] [c10d] sendBytes failed on SocketImpl(fd=30, addr=[spark2-ring]:38462, remote=[spark0-ring]:29536): Broken pipe
Exception raised from sendBytes at /pytorch/torch/csrc/distributed/c10d/Utils.hpp:653 (most recent call first):
frame #0: c10::Error::Error(c10::SourceLocation, std::__cxx11::basic_string<char, std::char_traits<char>, std::allocator<char> >) + 0xc8 (0xfa2a101f66e8 in /usr/local/lib/python3.12/dist-packages/torch/lib/libc10.so)
frame #1: <unknown function> + 0x66f513c (0xfa2a2c45513c in /usr/local/lib/python3.12/dist-packages/torch/lib/libtorch_cpu.so)
frame #2: c10d::TCPStore::check(std::vector<std::__cxx11::basic_string<char, std::char_traits<char>, std::allocator<char> >, std::allocator<std::__cxx11::basic_string<char, std::char_traits<char>, std::allocator<char> > > > const&) + 0x1a4 (0xfa2a2c45e294 in /usr/local/lib/python3.12/dist-packages/torch/lib/libtorch_cpu.so)
frame #3: c10d::ProcessGroupNCCL::HeartbeatMonitor::runLoop() + 0x380 (0xfa2a110ddb30 in /usr/local/lib/python3.12/dist-packages/torch/lib/libtorch_cuda.so)
frame #4: <unknown function> + 0xe1ae0 (0xfa2abf2e1ae0 in /usr/lib/aarch64-linux-gnu/libstdc++.so.6)
frame #5: <unknown function> + 0x8595c (0xfa2abffa595c in /usr/lib/aarch64-linux-gnu/libc.so.6)
frame #6: <unknown function> + 0xebb4c (0xfa2ac000bb4c in /usr/lib/aarch64-linux-gnu/libc.so.6)

[rank2]:[W522 08:43:08.129448922 ProcessGroupNCCL.cpp:1826] [PG ID 0 PG GUID 0 Rank 2] Failed to check the "should dump" flag on TCPStore, (maybe TCPStore server has shut down too early), with error: Broken pipe
[rank2]:[W522 08:43:09.130223358 TCPStore.cpp:106] [c10d] sendBytes failed on SocketImpl(fd=30, addr=[spark2-ring]:38462, remote=[spark0-ring]:29536): Broken pipe
Exception raised from sendBytes at /pytorch/torch/csrc/distributed/c10d/Utils.hpp:653 (most recent call first):
frame #0: c10::Error::Error(c10::SourceLocation, std::__cxx11::basic_string<char, std::char_traits<char>, std::allocator<char> >) + 0xc8 (0xfa2a101f66e8 in /usr/local/lib/python3.12/dist-packages/torch/lib/libc10.so)
frame #1: <unknown function> + 0x66f513c (0xfa2a2c45513c in /usr/local/lib/python3.12/dist-packages/torch/lib/libtorch_cpu.so)
frame #2: c10d::TCPStore::check(std::vector<std::__cxx11::basic_string<char, std::char_traits<char>, std::allocator<char> >, std::allocator<std::__cxx11::basic_string<char, std::char_traits<char>, std::allocator<char> > > > const&) + 0x1a4 (0xfa2a2c45e294 in /usr/local/lib/python3.12/dist-packages/torch/lib/libtorch_cpu.so)
frame #3: c10d::ProcessGroupNCCL::HeartbeatMonitor::runLoop() + 0x380 (0xfa2a110ddb30 in /usr/local/lib/python3.12/dist-packages/torch/lib/libtorch_cuda.so)
frame #4: <unknown function> + 0xe1ae0 (0xfa2abf2e1ae0 in /usr/lib/aarch64-linux-gnu/libstdc++.so.6)
frame #5: <unknown function> + 0x8595c (0xfa2abffa595c in /usr/lib/aarch64-linux-gnu/libc.so.6)
frame #6: <unknown function> + 0xebb4c (0xfa2ac000bb4c in /usr/lib/aarch64-linux-gnu/libc.so.6)

[rank2]:[W522 08:43:09.131155983 ProcessGroupNCCL.cpp:1826] [PG ID 0 PG GUID 0 Rank 2] Failed to check the "should dump" flag on TCPStore, (maybe TCPStore server has shut down too early), with error: Broken pipe
[rank2]:[W522 08:43:10.131710061 TCPStore.cpp:106] [c10d] sendBytes failed on SocketImpl(fd=30, addr=[spark2-ring]:38462, remote=[spark0-ring]:29536): Broken pipe
Exception raised from sendBytes at /pytorch/torch/csrc/distributed/c10d/Utils.hpp:653 (most recent call first):
frame #0: c10::Error::Error(c10::SourceLocation, std::__cxx11::basic_string<char, std::char_traits<char>, std::allocator<char> >) + 0xc8 (0xfa2a101f66e8 in /usr/local/lib/python3.12/dist-packages/torch/lib/libc10.so)
frame #1: <unknown function> + 0x66f513c (0xfa2a2c45513c in /usr/local/lib/python3.12/dist-packages/torch/lib/libtorch_cpu.so)
frame #2: c10d::TCPStore::check(std::vector<std::__cxx11::basic_string<char, std::char_traits<char>, std::allocator<char> >, std::allocator<std::__cxx11::basic_string<char, std::char_traits<char>, std::allocator<char> > > > const&) + 0x1a4 (0xfa2a2c45e294 in /usr/local/lib/python3.12/dist-packages/torch/lib/libtorch_cpu.so)
frame #3: c10d::ProcessGroupNCCL::HeartbeatMonitor::runLoop() + 0x380 (0xfa2a110ddb30 in /usr/local/lib/python3.12/dist-packages/torch/lib/libtorch_cuda.so)
frame #4: <unknown function> + 0xe1ae0 (0xfa2abf2e1ae0 in /usr/lib/aarch64-linux-gnu/libstdc++.so.6)
frame #5: <unknown function> + 0x8595c (0xfa2abffa595c in /usr/lib/aarch64-linux-gnu/libc.so.6)
frame #6: <unknown function> + 0xebb4c (0xfa2ac000bb4c in /usr/lib/aarch64-linux-gnu/libc.so.6)

[rank2]:[W522 08:43:10.132585646 ProcessGroupNCCL.cpp:1826] [PG ID 0 PG GUID 0 Rank 2] Failed to check the "should dump" flag on TCPStore, (maybe TCPStore server has shut down too early), with error: Broken pipe
[rank2]:[W522 08:43:11.133172470 TCPStore.cpp:106] [c10d] sendBytes failed on SocketImpl(fd=30, addr=[spark2-ring]:38462, remote=[spark0-ring]:29536): Broken pipe
Exception raised from sendBytes at /pytorch/torch/csrc/distributed/c10d/Utils.hpp:653 (most recent call first):
frame #0: c10::Error::Error(c10::SourceLocation, std::__cxx11::basic_string<char, std::char_traits<char>, std::allocator<char> >) + 0xc8 (0xfa2a101f66e8 in /usr/local/lib/python3.12/dist-packages/torch/lib/libc10.so)
frame #1: <unknown function> + 0x66f513c (0xfa2a2c45513c in /usr/local/lib/python3.12/dist-packages/torch/lib/libtorch_cpu.so)
frame #2: c10d::TCPStore::check(std::vector<std::__cxx11::basic_string<char, std::char_traits<char>, std::allocator<char> >, std::allocator<std::__cxx11::basic_string<char, std::char_traits<char>, std::allocator<char> > > > const&) + 0x1a4 (0xfa2a2c45e294 in /usr/local/lib/python3.12/dist-packages/torch/lib/libtorch_cpu.so)
frame #3: c10d::ProcessGroupNCCL::HeartbeatMonitor::runLoop() + 0x380 (0xfa2a110ddb30 in /usr/local/lib/python3.12/dist-packages/torch/lib/libtorch_cuda.so)
frame #4: <unknown function> + 0xe1ae0 (0xfa2abf2e1ae0 in /usr/lib/aarch64-linux-gnu/libstdc++.so.6)
frame #5: <unknown function> + 0x8595c (0xfa2abffa595c in /usr/lib/aarch64-linux-gnu/libc.so.6)
frame #6: <unknown function> + 0xebb4c (0xfa2ac000bb4c in /usr/lib/aarch64-linux-gnu/libc.so.6)

[rank2]:[W522 08:43:11.134079143 ProcessGroupNCCL.cpp:1826] [PG ID 0 PG GUID 0 Rank 2] Failed to check the "should dump" flag on TCPStore, (maybe TCPStore server has shut down too early), with error: Broken pipe
[rank2]:[W522 08:43:12.134300763 TCPStore.cpp:106] [c10d] sendBytes failed on SocketImpl(fd=30, addr=[spark2-ring]:38462, remote=[spark0-ring]:29536): Broken pipe
Exception raised from sendBytes at /pytorch/torch/csrc/distributed/c10d/Utils.hpp:653 (most recent call first):
frame #0: c10::Error::Error(c10::SourceLocation, std::__cxx11::basic_string<char, std::char_traits<char>, std::allocator<char> >) + 0xc8 (0xfa2a101f66e8 in /usr/local/lib/python3.12/dist-packages/torch/lib/libc10.so)
frame #1: <unknown function> + 0x66f513c (0xfa2a2c45513c in /usr/local/lib/python3.12/dist-packages/torch/lib/libtorch_cpu.so)
frame #2: c10d::TCPStore::check(std::vector<std::__cxx11::basic_string<char, std::char_traits<char>, std::allocator<char> >, std::allocator<std::__cxx11::basic_string<char, std::char_traits<char>, std::allocator<char> > > > const&) + 0x1a4 (0xfa2a2c45e294 in /usr/local/lib/python3.12/dist-packages/torch/lib/libtorch_cpu.so)
frame #3: c10d::ProcessGroupNCCL::HeartbeatMonitor::runLoop() + 0x380 (0xfa2a110ddb30 in /usr/local/lib/python3.12/dist-packages/torch/lib/libtorch_cuda.so)
frame #4: <unknown function> + 0xe1ae0 (0xfa2abf2e1ae0 in /usr/lib/aarch64-linux-gnu/libstdc++.so.6)
frame #5: <unknown function> + 0x8595c (0xfa2abffa595c in /usr/lib/aarch64-linux-gnu/libc.so.6)
frame #6: <unknown function> + 0xebb4c (0xfa2ac000bb4c in /usr/lib/aarch64-linux-gnu/libc.so.6)

[rank2]:[W522 08:43:12.135200172 ProcessGroupNCCL.cpp:1826] [PG ID 0 PG GUID 0 Rank 2] Failed to check the "should dump" flag on TCPStore, (maybe TCPStore server has shut down too early), with error: Broken pipe
[rank2]:[W522 08:43:13.135786298 TCPStore.cpp:106] [c10d] sendBytes failed on SocketImpl(fd=30, addr=[spark2-ring]:38462, remote=[spark0-ring]:29536): Broken pipe
Exception raised from sendBytes at /pytorch/torch/csrc/distributed/c10d/Utils.hpp:653 (most recent call first):
frame #0: c10::Error::Error(c10::SourceLocation, std::__cxx11::basic_string<char, std::char_traits<char>, std::allocator<char> >) + 0xc8 (0xfa2a101f66e8 in /usr/local/lib/python3.12/dist-packages/torch/lib/libc10.so)
frame #1: <unknown function> + 0x66f513c (0xfa2a2c45513c in /usr/local/lib/python3.12/dist-packages/torch/lib/libtorch_cpu.so)
frame #2: c10d::TCPStore::check(std::vector<std::__cxx11::basic_string<char, std::char_traits<char>, std::allocator<char> >, std::allocator<std::__cxx11::basic_string<char, std::char_traits<char>, std::allocator<char> > > > const&) + 0x1a4 (0xfa2a2c45e294 in /usr/local/lib/python3.12/dist-packages/torch/lib/libtorch_cpu.so)
frame #3: c10d::ProcessGroupNCCL::HeartbeatMonitor::runLoop() + 0x380 (0xfa2a110ddb30 in /usr/local/lib/python3.12/dist-packages/torch/lib/libtorch_cuda.so)
frame #4: <unknown function> + 0xe1ae0 (0xfa2abf2e1ae0 in /usr/lib/aarch64-linux-gnu/libstdc++.so.6)
frame #5: <unknown function> + 0x8595c (0xfa2abffa595c in /usr/lib/aarch64-linux-gnu/libc.so.6)
frame #6: <unknown function> + 0xebb4c (0xfa2ac000bb4c in /usr/lib/aarch64-linux-gnu/libc.so.6)

[rank2]:[W522 08:43:13.136717979 ProcessGroupNCCL.cpp:1826] [PG ID 0 PG GUID 0 Rank 2] Failed to check the "should dump" flag on TCPStore, (maybe TCPStore server has shut down too early), with error: Broken pipe
[rank2]:[W522 08:43:14.137415141 TCPStore.cpp:106] [c10d] sendBytes failed on SocketImpl(fd=30, addr=[spark2-ring]:38462, remote=[spark0-ring]:29536): Broken pipe
Exception raised from sendBytes at /pytorch/torch/csrc/distributed/c10d/Utils.hpp:653 (most recent call first):
frame #0: c10::Error::Error(c10::SourceLocation, std::__cxx11::basic_string<char, std::char_traits<char>, std::allocator<char> >) + 0xc8 (0xfa2a101f66e8 in /usr/local/lib/python3.12/dist-packages/torch/lib/libc10.so)
frame #1: <unknown function> + 0x66f513c (0xfa2a2c45513c in /usr/local/lib/python3.12/dist-packages/torch/lib/libtorch_cpu.so)
frame #2: c10d::TCPStore::check(std::vector<std::__cxx11::basic_string<char, std::char_traits<char>, std::allocator<char> >, std::allocator<std::__cxx11::basic_string<char, std::char_traits<char>, std::allocator<char> > > > const&) + 0x1a4 (0xfa2a2c45e294 in /usr/local/lib/python3.12/dist-packages/torch/lib/libtorch_cpu.so)
frame #3: c10d::ProcessGroupNCCL::HeartbeatMonitor::runLoop() + 0x380 (0xfa2a110ddb30 in /usr/local/lib/python3.12/dist-packages/torch/lib/libtorch_cuda.so)
frame #4: <unknown function> + 0xe1ae0 (0xfa2abf2e1ae0 in /usr/lib/aarch64-linux-gnu/libstdc++.so.6)
frame #5: <unknown function> + 0x8595c (0xfa2abffa595c in /usr/lib/aarch64-linux-gnu/libc.so.6)
frame #6: <unknown function> + 0xebb4c (0xfa2ac000bb4c in /usr/lib/aarch64-linux-gnu/libc.so.6)

[rank2]:[W522 08:43:14.138353638 ProcessGroupNCCL.cpp:1826] [PG ID 0 PG GUID 0 Rank 2] Failed to check the "should dump" flag on TCPStore, (maybe TCPStore server has shut down too early), with error: Broken pipe
[rank2]:[W522 08:43:15.139162170 TCPStore.cpp:106] [c10d] sendBytes failed on SocketImpl(fd=30, addr=[spark2-ring]:38462, remote=[spark0-ring]:29536): Broken pipe
Exception raised from sendBytes at /pytorch/torch/csrc/distributed/c10d/Utils.hpp:653 (most recent call first):
frame #0: c10::Error::Error(c10::SourceLocation, std::__cxx11::basic_string<char, std::char_traits<char>, std::allocator<char> >) + 0xc8 (0xfa2a101f66e8 in /usr/local/lib/python3.12/dist-packages/torch/lib/libc10.so)
frame #1: <unknown function> + 0x66f513c (0xfa2a2c45513c in /usr/local/lib/python3.12/dist-packages/torch/lib/libtorch_cpu.so)
frame #2: c10d::TCPStore::check(std::vector<std::__cxx11::basic_string<char, std::char_traits<char>, std::allocator<char> >, std::allocator<std::__cxx11::basic_string<char, std::char_traits<char>, std::allocator<char> > > > const&) + 0x1a4 (0xfa2a2c45e294 in /usr/local/lib/python3.12/dist-packages/torch/lib/libtorch_cpu.so)
frame #3: c10d::ProcessGroupNCCL::HeartbeatMonitor::runLoop() + 0x380 (0xfa2a110ddb30 in /usr/local/lib/python3.12/dist-packages/torch/lib/libtorch_cuda.so)
frame #4: <unknown function> + 0xe1ae0 (0xfa2abf2e1ae0 in /usr/lib/aarch64-linux-gnu/libstdc++.so.6)
frame #5: <unknown function> + 0x8595c (0xfa2abffa595c in /usr/lib/aarch64-linux-gnu/libc.so.6)
frame #6: <unknown function> + 0xebb4c (0xfa2ac000bb4c in /usr/lib/aarch64-linux-gnu/libc.so.6)

[rank2]:[W522 08:43:15.140051643 ProcessGroupNCCL.cpp:1826] [PG ID 0 PG GUID 0 Rank 2] Failed to check the "should dump" flag on TCPStore, (maybe TCPStore server has shut down too early), with error: Broken pipe
[rank2]:[W522 08:43:16.140636492 TCPStore.cpp:106] [c10d] sendBytes failed on SocketImpl(fd=30, addr=[spark2-ring]:38462, remote=[spark0-ring]:29536): Broken pipe
Exception raised from sendBytes at /pytorch/torch/csrc/distributed/c10d/Utils.hpp:653 (most recent call first):
frame #0: c10::Error::Error(c10::SourceLocation, std::__cxx11::basic_string<char, std::char_traits<char>, std::allocator<char> >) + 0xc8 (0xfa2a101f66e8 in /usr/local/lib/python3.12/dist-packages/torch/lib/libc10.so)
frame #1: <unknown function> + 0x66f513c (0xfa2a2c45513c in /usr/local/lib/python3.12/dist-packages/torch/lib/libtorch_cpu.so)
frame #2: c10d::TCPStore::check(std::vector<std::__cxx11::basic_string<char, std::char_traits<char>, std::allocator<char> >, std::allocator<std::__cxx11::basic_string<char, std::char_traits<char>, std::allocator<char> > > > const&) + 0x1a4 (0xfa2a2c45e294 in /usr/local/lib/python3.12/dist-packages/torch/lib/libtorch_cpu.so)
frame #3: c10d::ProcessGroupNCCL::HeartbeatMonitor::runLoop() + 0x380 (0xfa2a110ddb30 in /usr/local/lib/python3.12/dist-packages/torch/lib/libtorch_cuda.so)
frame #4: <unknown function> + 0xe1ae0 (0xfa2abf2e1ae0 in /usr/lib/aarch64-linux-gnu/libstdc++.so.6)
frame #5: <unknown function> + 0x8595c (0xfa2abffa595c in /usr/lib/aarch64-linux-gnu/libc.so.6)
frame #6: <unknown function> + 0xebb4c (0xfa2ac000bb4c in /usr/lib/aarch64-linux-gnu/libc.so.6)

[rank2]:[W522 08:43:16.141552028 ProcessGroupNCCL.cpp:1826] [PG ID 0 PG GUID 0 Rank 2] Failed to check the "should dump" flag on TCPStore, (maybe TCPStore server has shut down too early), with error: Broken pipe
[rank2]:[W522 08:43:17.142171606 TCPStore.cpp:106] [c10d] sendBytes failed on SocketImpl(fd=30, addr=[spark2-ring]:38462, remote=[spark0-ring]:29536): Broken pipe
Exception raised from sendBytes at /pytorch/torch/csrc/distributed/c10d/Utils.hpp:653 (most recent call first):
frame #0: c10::Error::Error(c10::SourceLocation, std::__cxx11::basic_string<char, std::char_traits<char>, std::allocator<char> >) + 0xc8 (0xfa2a101f66e8 in /usr/local/lib/python3.12/dist-packages/torch/lib/libc10.so)
frame #1: <unknown function> + 0x66f513c (0xfa2a2c45513c in /usr/local/lib/python3.12/dist-packages/torch/lib/libtorch_cpu.so)
frame #2: c10d::TCPStore::check(std::vector<std::__cxx11::basic_string<char, std::char_traits<char>, std::allocator<char> >, std::allocator<std::__cxx11::basic_string<char, std::char_traits<char>, std::allocator<char> > > > const&) + 0x1a4 (0xfa2a2c45e294 in /usr/local/lib/python3.12/dist-packages/torch/lib/libtorch_cpu.so)
frame #3: c10d::ProcessGroupNCCL::HeartbeatMonitor::runLoop() + 0x380 (0xfa2a110ddb30 in /usr/local/lib/python3.12/dist-packages/torch/lib/libtorch_cuda.so)
frame #4: <unknown function> + 0xe1ae0 (0xfa2abf2e1ae0 in /usr/lib/aarch64-linux-gnu/libstdc++.so.6)
frame #5: <unknown function> + 0x8595c (0xfa2abffa595c in /usr/lib/aarch64-linux-gnu/libc.so.6)
frame #6: <unknown function> + 0xebb4c (0xfa2ac000bb4c in /usr/lib/aarch64-linux-gnu/libc.so.6)

[rank2]:[W522 08:43:17.143126055 ProcessGroupNCCL.cpp:1826] [PG ID 0 PG GUID 0 Rank 2] Failed to check the "should dump" flag on TCPStore, (maybe TCPStore server has shut down too early), with error: Broken pipe
[rank2]:[W522 08:43:18.143699981 TCPStore.cpp:106] [c10d] sendBytes failed on SocketImpl(fd=30, addr=[spark2-ring]:38462, remote=[spark0-ring]:29536): Broken pipe
Exception raised from sendBytes at /pytorch/torch/csrc/distributed/c10d/Utils.hpp:653 (most recent call first):
frame #0: c10::Error::Error(c10::SourceLocation, std::__cxx11::basic_string<char, std::char_traits<char>, std::allocator<char> >) + 0xc8 (0xfa2a101f66e8 in /usr/local/lib/python3.12/dist-packages/torch/lib/libc10.so)
frame #1: <unknown function> + 0x66f513c (0xfa2a2c45513c in /usr/local/lib/python3.12/dist-packages/torch/lib/libtorch_cpu.so)
frame #2: c10d::TCPStore::check(std::vector<std::__cxx11::basic_string<char, std::char_traits<char>, std::allocator<char> >, std::allocator<std::__cxx11::basic_string<char, std::char_traits<char>, std::allocator<char> > > > const&) + 0x1a4 (0xfa2a2c45e294 in /usr/local/lib/python3.12/dist-packages/torch/lib/libtorch_cpu.so)
frame #3: c10d::ProcessGroupNCCL::HeartbeatMonitor::runLoop() + 0x380 (0xfa2a110ddb30 in /usr/local/lib/python3.12/dist-packages/torch/lib/libtorch_cuda.so)
frame #4: <unknown function> + 0xe1ae0 (0xfa2abf2e1ae0 in /usr/lib/aarch64-linux-gnu/libstdc++.so.6)
frame #5: <unknown function> + 0x8595c (0xfa2abffa595c in /usr/lib/aarch64-linux-gnu/libc.so.6)
frame #6: <unknown function> + 0xebb4c (0xfa2ac000bb4c in /usr/lib/aarch64-linux-gnu/libc.so.6)

[rank2]:[W522 08:43:18.144558510 ProcessGroupNCCL.cpp:1826] [PG ID 0 PG GUID 0 Rank 2] Failed to check the "should dump" flag on TCPStore, (maybe TCPStore server has shut down too early), with error: Broken pipe
[rank2]:[W522 08:43:19.145147229 TCPStore.cpp:106] [c10d] sendBytes failed on SocketImpl(fd=30, addr=[spark2-ring]:38462, remote=[spark0-ring]:29536): Broken pipe
Exception raised from sendBytes at /pytorch/torch/csrc/distributed/c10d/Utils.hpp:653 (most recent call first):
frame #0: c10::Error::Error(c10::SourceLocation, std::__cxx11::basic_string<char, std::char_traits<char>, std::allocator<char> >) + 0xc8 (0xfa2a101f66e8 in /usr/local/lib/python3.12/dist-packages/torch/lib/libc10.so)
frame #1: <unknown function> + 0x66f513c (0xfa2a2c45513c in /usr/local/lib/python3.12/dist-packages/torch/lib/libtorch_cpu.so)
frame #2: c10d::TCPStore::check(std::vector<std::__cxx11::basic_string<char, std::char_traits<char>, std::allocator<char> >, std::allocator<std::__cxx11::basic_string<char, std::char_traits<char>, std::allocator<char> > > > const&) + 0x1a4 (0xfa2a2c45e294 in /usr/local/lib/python3.12/dist-packages/torch/lib/libtorch_cpu.so)
frame #3: c10d::ProcessGroupNCCL::HeartbeatMonitor::runLoop() + 0x380 (0xfa2a110ddb30 in /usr/local/lib/python3.12/dist-packages/torch/lib/libtorch_cuda.so)
frame #4: <unknown function> + 0xe1ae0 (0xfa2abf2e1ae0 in /usr/lib/aarch64-linux-gnu/libstdc++.so.6)
frame #5: <unknown function> + 0x8595c (0xfa2abffa595c in /usr/lib/aarch64-linux-gnu/libc.so.6)
frame #6: <unknown function> + 0xebb4c (0xfa2ac000bb4c in /usr/lib/aarch64-linux-gnu/libc.so.6)

[rank2]:[W522 08:43:19.146061470 ProcessGroupNCCL.cpp:1826] [PG ID 0 PG GUID 0 Rank 2] Failed to check the "should dump" flag on TCPStore, (maybe TCPStore server has shut down too early), with error: Broken pipe
[rank2]:[W522 08:43:20.146551320 TCPStore.cpp:106] [c10d] sendBytes failed on SocketImpl(fd=30, addr=[spark2-ring]:38462, remote=[spark0-ring]:29536): Broken pipe
Exception raised from sendBytes at /pytorch/torch/csrc/distributed/c10d/Utils.hpp:653 (most recent call first):
frame #0: c10::Error::Error(c10::SourceLocation, std::__cxx11::basic_string<char, std::char_traits<char>, std::allocator<char> >) + 0xc8 (0xfa2a101f66e8 in /usr/local/lib/python3.12/dist-packages/torch/lib/libc10.so)
frame #1: <unknown function> + 0x66f513c (0xfa2a2c45513c in /usr/local/lib/python3.12/dist-packages/torch/lib/libtorch_cpu.so)
frame #2: c10d::TCPStore::check(std::vector<std::__cxx11::basic_string<char, std::char_traits<char>, std::allocator<char> >, std::allocator<std::__cxx11::basic_string<char, std::char_traits<char>, std::allocator<char> > > > const&) + 0x1a4 (0xfa2a2c45e294 in /usr/local/lib/python3.12/dist-packages/torch/lib/libtorch_cpu.so)
frame #3: c10d::ProcessGroupNCCL::HeartbeatMonitor::runLoop() + 0x380 (0xfa2a110ddb30 in /usr/local/lib/python3.12/dist-packages/torch/lib/libtorch_cuda.so)
frame #4: <unknown function> + 0xe1ae0 (0xfa2abf2e1ae0 in /usr/lib/aarch64-linux-gnu/libstdc++.so.6)
frame #5: <unknown function> + 0x8595c (0xfa2abffa595c in /usr/lib/aarch64-linux-gnu/libc.so.6)
frame #6: <unknown function> + 0xebb4c (0xfa2ac000bb4c in /usr/lib/aarch64-linux-gnu/libc.so.6)

[rank2]:[W522 08:43:20.147422377 ProcessGroupNCCL.cpp:1826] [PG ID 0 PG GUID 0 Rank 2] Failed to check the "should dump" flag on TCPStore, (maybe TCPStore server has shut down too early), with error: Broken pipe
[rank2]:[W522 08:43:21.148028447 TCPStore.cpp:106] [c10d] sendBytes failed on SocketImpl(fd=30, addr=[spark2-ring]:38462, remote=[spark0-ring]:29536): Broken pipe
Exception raised from sendBytes at /pytorch/torch/csrc/distributed/c10d/Utils.hpp:653 (most recent call first):
frame #0: c10::Error::Error(c10::SourceLocation, std::__cxx11::basic_string<char, std::char_traits<char>, std::allocator<char> >) + 0xc8 (0xfa2a101f66e8 in /usr/local/lib/python3.12/dist-packages/torch/lib/libc10.so)
frame #1: <unknown function> + 0x66f513c (0xfa2a2c45513c in /usr/local/lib/python3.12/dist-packages/torch/lib/libtorch_cpu.so)
frame #2: c10d::TCPStore::check(std::vector<std::__cxx11::basic_string<char, std::char_traits<char>, std::allocator<char> >, std::allocator<std::__cxx11::basic_string<char, std::char_traits<char>, std::allocator<char> > > > const&) + 0x1a4 (0xfa2a2c45e294 in /usr/local/lib/python3.12/dist-packages/torch/lib/libtorch_cpu.so)
frame #3: c10d::ProcessGroupNCCL::HeartbeatMonitor::runLoop() + 0x380 (0xfa2a110ddb30 in /usr/local/lib/python3.12/dist-packages/torch/lib/libtorch_cuda.so)
frame #4: <unknown function> + 0xe1ae0 (0xfa2abf2e1ae0 in /usr/lib/aarch64-linux-gnu/libstdc++.so.6)
frame #5: <unknown function> + 0x8595c (0xfa2abffa595c in /usr/lib/aarch64-linux-gnu/libc.so.6)
frame #6: <unknown function> + 0xebb4c (0xfa2ac000bb4c in /usr/lib/aarch64-linux-gnu/libc.so.6)

[rank2]:[W522 08:43:21.148922688 ProcessGroupNCCL.cpp:1826] [PG ID 0 PG GUID 0 Rank 2] Failed to check the "should dump" flag on TCPStore, (maybe TCPStore server has shut down too early), with error: Broken pipe
[rank2]:[W522 08:43:22.149492465 TCPStore.cpp:106] [c10d] sendBytes failed on SocketImpl(fd=30, addr=[spark2-ring]:38462, remote=[spark0-ring]:29536): Broken pipe
Exception raised from sendBytes at /pytorch/torch/csrc/distributed/c10d/Utils.hpp:653 (most recent call first):
frame #0: c10::Error::Error(c10::SourceLocation, std::__cxx11::basic_string<char, std::char_traits<char>, std::allocator<char> >) + 0xc8 (0xfa2a101f66e8 in /usr/local/lib/python3.12/dist-packages/torch/lib/libc10.so)
frame #1: <unknown function> + 0x66f513c (0xfa2a2c45513c in /usr/local/lib/python3.12/dist-packages/torch/lib/libtorch_cpu.so)
frame #2: c10d::TCPStore::check(std::vector<std::__cxx11::basic_string<char, std::char_traits<char>, std::allocator<char> >, std::allocator<std::__cxx11::basic_string<char, std::char_traits<char>, std::allocator<char> > > > const&) + 0x1a4 (0xfa2a2c45e294 in /usr/local/lib/python3.12/dist-packages/torch/lib/libtorch_cpu.so)
frame #3: c10d::ProcessGroupNCCL::HeartbeatMonitor::runLoop() + 0x380 (0xfa2a110ddb30 in /usr/local/lib/python3.12/dist-packages/torch/lib/libtorch_cuda.so)
frame #4: <unknown function> + 0xe1ae0 (0xfa2abf2e1ae0 in /usr/lib/aarch64-linux-gnu/libstdc++.so.6)
frame #5: <unknown function> + 0x8595c (0xfa2abffa595c in /usr/lib/aarch64-linux-gnu/libc.so.6)
frame #6: <unknown function> + 0xebb4c (0xfa2ac000bb4c in /usr/lib/aarch64-linux-gnu/libc.so.6)

[rank2]:[W522 08:43:22.150426449 ProcessGroupNCCL.cpp:1826] [PG ID 0 PG GUID 0 Rank 2] Failed to check the "should dump" flag on TCPStore, (maybe TCPStore server has shut down too early), with error: Broken pipe
[rank2]:[W522 08:43:23.151054077 TCPStore.cpp:106] [c10d] sendBytes failed on SocketImpl(fd=30, addr=[spark2-ring]:38462, remote=[spark0-ring]:29536): Broken pipe
Exception raised from sendBytes at /pytorch/torch/csrc/distributed/c10d/Utils.hpp:653 (most recent call first):
frame #0: c10::Error::Error(c10::SourceLocation, std::__cxx11::basic_string<char, std::char_traits<char>, std::allocator<char> >) + 0xc8 (0xfa2a101f66e8 in /usr/local/lib/python3.12/dist-packages/torch/lib/libc10.so)
frame #1: <unknown function> + 0x66f513c (0xfa2a2c45513c in /usr/local/lib/python3.12/dist-packages/torch/lib/libtorch_cpu.so)
frame #2: c10d::TCPStore::check(std::vector<std::__cxx11::basic_string<char, std::char_traits<char>, std::allocator<char> >, std::allocator<std::__cxx11::basic_string<char, std::char_traits<char>, std::allocator<char> > > > const&) + 0x1a4 (0xfa2a2c45e294 in /usr/local/lib/python3.12/dist-packages/torch/lib/libtorch_cpu.so)
frame #3: c10d::ProcessGroupNCCL::HeartbeatMonitor::runLoop() + 0x380 (0xfa2a110ddb30 in /usr/local/lib/python3.12/dist-packages/torch/lib/libtorch_cuda.so)
frame #4: <unknown function> + 0xe1ae0 (0xfa2abf2e1ae0 in /usr/lib/aarch64-linux-gnu/libstdc++.so.6)
frame #5: <unknown function> + 0x8595c (0xfa2abffa595c in /usr/lib/aarch64-linux-gnu/libc.so.6)
frame #6: <unknown function> + 0xebb4c (0xfa2ac000bb4c in /usr/lib/aarch64-linux-gnu/libc.so.6)

[rank2]:[W522 08:43:23.151903758 ProcessGroupNCCL.cpp:1826] [PG ID 0 PG GUID 0 Rank 2] Failed to check the "should dump" flag on TCPStore, (maybe TCPStore server has shut down too early), with error: Broken pipe
[rank2]:[W522 08:43:24.152034516 TCPStore.cpp:106] [c10d] sendBytes failed on SocketImpl(fd=30, addr=[spark2-ring]:38462, remote=[spark0-ring]:29536): Broken pipe
Exception raised from sendBytes at /pytorch/torch/csrc/distributed/c10d/Utils.hpp:653 (most recent call first):
frame #0: c10::Error::Error(c10::SourceLocation, std::__cxx11::basic_string<char, std::char_traits<char>, std::allocator<char> >) + 0xc8 (0xfa2a101f66e8 in /usr/local/lib/python3.12/dist-packages/torch/lib/libc10.so)
frame #1: <unknown function> + 0x66f513c (0xfa2a2c45513c in /usr/local/lib/python3.12/dist-packages/torch/lib/libtorch_cpu.so)
frame #2: c10d::TCPStore::check(std::vector<std::__cxx11::basic_string<char, std::char_traits<char>, std::allocator<char> >, std::allocator<std::__cxx11::basic_string<char, std::char_traits<char>, std::allocator<char> > > > const&) + 0x1a4 (0xfa2a2c45e294 in /usr/local/lib/python3.12/dist-packages/torch/lib/libtorch_cpu.so)
frame #3: c10d::ProcessGroupNCCL::HeartbeatMonitor::runLoop() + 0x380 (0xfa2a110ddb30 in /usr/local/lib/python3.12/dist-packages/torch/lib/libtorch_cuda.so)
frame #4: <unknown function> + 0xe1ae0 (0xfa2abf2e1ae0 in /usr/lib/aarch64-linux-gnu/libstdc++.so.6)
frame #5: <unknown function> + 0x8595c (0xfa2abffa595c in /usr/lib/aarch64-linux-gnu/libc.so.6)
frame #6: <unknown function> + 0xebb4c (0xfa2ac000bb4c in /usr/lib/aarch64-linux-gnu/libc.so.6)

[rank2]:[W522 08:43:24.152879189 ProcessGroupNCCL.cpp:1826] [PG ID 0 PG GUID 0 Rank 2] Failed to check the "should dump" flag on TCPStore, (maybe TCPStore server has shut down too early), with error: Broken pipe
[rank2]:[W522 08:43:25.153465846 TCPStore.cpp:106] [c10d] sendBytes failed on SocketImpl(fd=30, addr=[spark2-ring]:38462, remote=[spark0-ring]:29536): Broken pipe
Exception raised from sendBytes at /pytorch/torch/csrc/distributed/c10d/Utils.hpp:653 (most recent call first):
frame #0: c10::Error::Error(c10::SourceLocation, std::__cxx11::basic_string<char, std::char_traits<char>, std::allocator<char> >) + 0xc8 (0xfa2a101f66e8 in /usr/local/lib/python3.12/dist-packages/torch/lib/libc10.so)
frame #1: <unknown function> + 0x66f513c (0xfa2a2c45513c in /usr/local/lib/python3.12/dist-packages/torch/lib/libtorch_cpu.so)
frame #2: c10d::TCPStore::check(std::vector<std::__cxx11::basic_string<char, std::char_traits<char>, std::allocator<char> >, std::allocator<std::__cxx11::basic_string<char, std::char_traits<char>, std::allocator<char> > > > const&) + 0x1a4 (0xfa2a2c45e294 in /usr/local/lib/python3.12/dist-packages/torch/lib/libtorch_cpu.so)
frame #3: c10d::ProcessGroupNCCL::HeartbeatMonitor::runLoop() + 0x380 (0xfa2a110ddb30 in /usr/local/lib/python3.12/dist-packages/torch/lib/libtorch_cuda.so)
frame #4: <unknown function> + 0xe1ae0 (0xfa2abf2e1ae0 in /usr/lib/aarch64-linux-gnu/libstdc++.so.6)
frame #5: <unknown function> + 0x8595c (0xfa2abffa595c in /usr/lib/aarch64-linux-gnu/libc.so.6)
frame #6: <unknown function> + 0xebb4c (0xfa2ac000bb4c in /usr/lib/aarch64-linux-gnu/libc.so.6)

[rank2]:[W522 08:43:25.154387527 ProcessGroupNCCL.cpp:1826] [PG ID 0 PG GUID 0 Rank 2] Failed to check the "should dump" flag on TCPStore, (maybe TCPStore server has shut down too early), with error: Broken pipe
[rank2]:[W522 08:43:26.154973635 TCPStore.cpp:106] [c10d] sendBytes failed on SocketImpl(fd=30, addr=[spark2-ring]:38462, remote=[spark0-ring]:29536): Broken pipe
Exception raised from sendBytes at /pytorch/torch/csrc/distributed/c10d/Utils.hpp:653 (most recent call first):
frame #0: c10::Error::Error(c10::SourceLocation, std::__cxx11::basic_string<char, std::char_traits<char>, std::allocator<char> >) + 0xc8 (0xfa2a101f66e8 in /usr/local/lib/python3.12/dist-packages/torch/lib/libc10.so)
frame #1: <unknown function> + 0x66f513c (0xfa2a2c45513c in /usr/local/lib/python3.12/dist-packages/torch/lib/libtorch_cpu.so)
frame #2: c10d::TCPStore::check(std::vector<std::__cxx11::basic_string<char, std::char_traits<char>, std::allocator<char> >, std::allocator<std::__cxx11::basic_string<char, std::char_traits<char>, std::allocator<char> > > > const&) + 0x1a4 (0xfa2a2c45e294 in /usr/local/lib/python3.12/dist-packages/torch/lib/libtorch_cpu.so)
frame #3: c10d::ProcessGroupNCCL::HeartbeatMonitor::runLoop() + 0x380 (0xfa2a110ddb30 in /usr/local/lib/python3.12/dist-packages/torch/lib/libtorch_cuda.so)
frame #4: <unknown function> + 0xe1ae0 (0xfa2abf2e1ae0 in /usr/lib/aarch64-linux-gnu/libstdc++.so.6)
frame #5: <unknown function> + 0x8595c (0xfa2abffa595c in /usr/lib/aarch64-linux-gnu/libc.so.6)
frame #6: <unknown function> + 0xebb4c (0xfa2ac000bb4c in /usr/lib/aarch64-linux-gnu/libc.so.6)

[rank2]:[W522 08:43:26.155907091 ProcessGroupNCCL.cpp:1826] [PG ID 0 PG GUID 0 Rank 2] Failed to check the "should dump" flag on TCPStore, (maybe TCPStore server has shut down too early), with error: Broken pipe
[rank2]:[W522 08:43:27.156501978 TCPStore.cpp:106] [c10d] sendBytes failed on SocketImpl(fd=30, addr=[spark2-ring]:38462, remote=[spark0-ring]:29536): Broken pipe
Exception raised from sendBytes at /pytorch/torch/csrc/distributed/c10d/Utils.hpp:653 (most recent call first):
frame #0: c10::Error::Error(c10::SourceLocation, std::__cxx11::basic_string<char, std::char_traits<char>, std::allocator<char> >) + 0xc8 (0xfa2a101f66e8 in /usr/local/lib/python3.12/dist-packages/torch/lib/libc10.so)
frame #1: <unknown function> + 0x66f513c (0xfa2a2c45513c in /usr/local/lib/python3.12/dist-packages/torch/lib/libtorch_cpu.so)
frame #2: c10d::TCPStore::check(std::vector<std::__cxx11::basic_string<char, std::char_traits<char>, std::allocator<char> >, std::allocator<std::__cxx11::basic_string<char, std::char_traits<char>, std::allocator<char> > > > const&) + 0x1a4 (0xfa2a2c45e294 in /usr/local/lib/python3.12/dist-packages/torch/lib/libtorch_cpu.so)
frame #3: c10d::ProcessGroupNCCL::HeartbeatMonitor::runLoop() + 0x380 (0xfa2a110ddb30 in /usr/local/lib/python3.12/dist-packages/torch/lib/libtorch_cuda.so)
frame #4: <unknown function> + 0xe1ae0 (0xfa2abf2e1ae0 in /usr/lib/aarch64-linux-gnu/libstdc++.so.6)
frame #5: <unknown function> + 0x8595c (0xfa2abffa595c in /usr/lib/aarch64-linux-gnu/libc.so.6)
frame #6: <unknown function> + 0xebb4c (0xfa2ac000bb4c in /usr/lib/aarch64-linux-gnu/libc.so.6)

[rank2]:[W522 08:43:27.157403995 ProcessGroupNCCL.cpp:1826] [PG ID 0 PG GUID 0 Rank 2] Failed to check the "should dump" flag on TCPStore, (maybe TCPStore server has shut down too early), with error: Broken pipe
[rank2]:[W522 08:43:28.157539725 TCPStore.cpp:106] [c10d] sendBytes failed on SocketImpl(fd=30, addr=[spark2-ring]:38462, remote=[spark0-ring]:29536): Broken pipe
Exception raised from sendBytes at /pytorch/torch/csrc/distributed/c10d/Utils.hpp:653 (most recent call first):
frame #0: c10::Error::Error(c10::SourceLocation, std::__cxx11::basic_string<char, std::char_traits<char>, std::allocator<char> >) + 0xc8 (0xfa2a101f66e8 in /usr/local/lib/python3.12/dist-packages/torch/lib/libc10.so)
frame #1: <unknown function> + 0x66f513c (0xfa2a2c45513c in /usr/local/lib/python3.12/dist-packages/torch/lib/libtorch_cpu.so)
frame #2: c10d::TCPStore::check(std::vector<std::__cxx11::basic_string<char, std::char_traits<char>, std::allocator<char> >, std::allocator<std::__cxx11::basic_string<char, std::char_traits<char>, std::allocator<char> > > > const&) + 0x1a4 (0xfa2a2c45e294 in /usr/local/lib/python3.12/dist-packages/torch/lib/libtorch_cpu.so)
frame #3: c10d::ProcessGroupNCCL::HeartbeatMonitor::runLoop() + 0x380 (0xfa2a110ddb30 in /usr/local/lib/python3.12/dist-packages/torch/lib/libtorch_cuda.so)
frame #4: <unknown function> + 0xe1ae0 (0xfa2abf2e1ae0 in /usr/lib/aarch64-linux-gnu/libstdc++.so.6)
frame #5: <unknown function> + 0x8595c (0xfa2abffa595c in /usr/lib/aarch64-linux-gnu/libc.so.6)
frame #6: <unknown function> + 0xebb4c (0xfa2ac000bb4c in /usr/lib/aarch64-linux-gnu/libc.so.6)

[rank2]:[W522 08:43:28.158407310 ProcessGroupNCCL.cpp:1826] [PG ID 0 PG GUID 0 Rank 2] Failed to check the "should dump" flag on TCPStore, (maybe TCPStore server has shut down too early), with error: Broken pipe
[rank2]:[W522 08:43:29.158993723 TCPStore.cpp:106] [c10d] sendBytes failed on SocketImpl(fd=30, addr=[spark2-ring]:38462, remote=[spark0-ring]:29536): Broken pipe
Exception raised from sendBytes at /pytorch/torch/csrc/distributed/c10d/Utils.hpp:653 (most recent call first):
frame #0: c10::Error::Error(c10::SourceLocation, std::__cxx11::basic_string<char, std::char_traits<char>, std::allocator<char> >) + 0xc8 (0xfa2a101f66e8 in /usr/local/lib/python3.12/dist-packages/torch/lib/libc10.so)
frame #1: <unknown function> + 0x66f513c (0xfa2a2c45513c in /usr/local/lib/python3.12/dist-packages/torch/lib/libtorch_cpu.so)
frame #2: c10d::TCPStore::check(std::vector<std::__cxx11::basic_string<char, std::char_traits<char>, std::allocator<char> >, std::allocator<std::__cxx11::basic_string<char, std::char_traits<char>, std::allocator<char> > > > const&) + 0x1a4 (0xfa2a2c45e294 in /usr/local/lib/python3.12/dist-packages/torch/lib/libtorch_cpu.so)
frame #3: c10d::ProcessGroupNCCL::HeartbeatMonitor::runLoop() + 0x380 (0xfa2a110ddb30 in /usr/local/lib/python3.12/dist-packages/torch/lib/libtorch_cuda.so)
frame #4: <unknown function> + 0xe1ae0 (0xfa2abf2e1ae0 in /usr/lib/aarch64-linux-gnu/libstdc++.so.6)
frame #5: <unknown function> + 0x8595c (0xfa2abffa595c in /usr/lib/aarch64-linux-gnu/libc.so.6)
frame #6: <unknown function> + 0xebb4c (0xfa2ac000bb4c in /usr/lib/aarch64-linux-gnu/libc.so.6)

[rank2]:[W522 08:43:29.159920732 ProcessGroupNCCL.cpp:1826] [PG ID 0 PG GUID 0 Rank 2] Failed to check the "should dump" flag on TCPStore, (maybe TCPStore server has shut down too early), with error: Broken pipe
[rank2]:[W522 08:43:30.160502452 TCPStore.cpp:106] [c10d] sendBytes failed on SocketImpl(fd=30, addr=[spark2-ring]:38462, remote=[spark0-ring]:29536): Broken pipe
Exception raised from sendBytes at /pytorch/torch/csrc/distributed/c10d/Utils.hpp:653 (most recent call first):
frame #0: c10::Error::Error(c10::SourceLocation, std::__cxx11::basic_string<char, std::char_traits<char>, std::allocator<char> >) + 0xc8 (0xfa2a101f66e8 in /usr/local/lib/python3.12/dist-packages/torch/lib/libc10.so)
frame #1: <unknown function> + 0x66f513c (0xfa2a2c45513c in /usr/local/lib/python3.12/dist-packages/torch/lib/libtorch_cpu.so)
frame #2: c10d::TCPStore::check(std::vector<std::__cxx11::basic_string<char, std::char_traits<char>, std::allocator<char> >, std::allocator<std::__cxx11::basic_string<char, std::char_traits<char>, std::allocator<char> > > > const&) + 0x1a4 (0xfa2a2c45e294 in /usr/local/lib/python3.12/dist-packages/torch/lib/libtorch_cpu.so)
frame #3: c10d::ProcessGroupNCCL::HeartbeatMonitor::runLoop() + 0x380 (0xfa2a110ddb30 in /usr/local/lib/python3.12/dist-packages/torch/lib/libtorch_cuda.so)
frame #4: <unknown function> + 0xe1ae0 (0xfa2abf2e1ae0 in /usr/lib/aarch64-linux-gnu/libstdc++.so.6)
frame #5: <unknown function> + 0x8595c (0xfa2abffa595c in /usr/lib/aarch64-linux-gnu/libc.so.6)
frame #6: <unknown function> + 0xebb4c (0xfa2ac000bb4c in /usr/lib/aarch64-linux-gnu/libc.so.6)

[rank2]:[W522 08:43:30.161447876 ProcessGroupNCCL.cpp:1826] [PG ID 0 PG GUID 0 Rank 2] Failed to check the "should dump" flag on TCPStore, (maybe TCPStore server has shut down too early), with error: Broken pipe
[rank2]:[W522 08:43:31.162061447 TCPStore.cpp:106] [c10d] sendBytes failed on SocketImpl(fd=30, addr=[spark2-ring]:38462, remote=[spark0-ring]:29536): Broken pipe
Exception raised from sendBytes at /pytorch/torch/csrc/distributed/c10d/Utils.hpp:653 (most recent call first):
frame #0: c10::Error::Error(c10::SourceLocation, std::__cxx11::basic_string<char, std::char_traits<char>, std::allocator<char> >) + 0xc8 (0xfa2a101f66e8 in /usr/local/lib/python3.12/dist-packages/torch/lib/libc10.so)
frame #1: <unknown function> + 0x66f513c (0xfa2a2c45513c in /usr/local/lib/python3.12/dist-packages/torch/lib/libtorch_cpu.so)
frame #2: c10d::TCPStore::check(std::vector<std::__cxx11::basic_string<char, std::char_traits<char>, std::allocator<char> >, std::allocator<std::__cxx11::basic_string<char, std::char_traits<char>, std::allocator<char> > > > const&) + 0x1a4 (0xfa2a2c45e294 in /usr/local/lib/python3.12/dist-packages/torch/lib/libtorch_cpu.so)
frame #3: c10d::ProcessGroupNCCL::HeartbeatMonitor::runLoop() + 0x380 (0xfa2a110ddb30 in /usr/local/lib/python3.12/dist-packages/torch/lib/libtorch_cuda.so)
frame #4: <unknown function> + 0xe1ae0 (0xfa2abf2e1ae0 in /usr/lib/aarch64-linux-gnu/libstdc++.so.6)
frame #5: <unknown function> + 0x8595c (0xfa2abffa595c in /usr/lib/aarch64-linux-gnu/libc.so.6)
frame #6: <unknown function> + 0xebb4c (0xfa2ac000bb4c in /usr/lib/aarch64-linux-gnu/libc.so.6)

[rank2]:[W522 08:43:31.162913064 ProcessGroupNCCL.cpp:1826] [PG ID 0 PG GUID 0 Rank 2] Failed to check the "should dump" flag on TCPStore, (maybe TCPStore server has shut down too early), with error: Broken pipe
[rank2]:[W522 08:43:32.163501013 TCPStore.cpp:106] [c10d] sendBytes failed on SocketImpl(fd=30, addr=[spark2-ring]:38462, remote=[spark0-ring]:29536): Broken pipe
Exception raised from sendBytes at /pytorch/torch/csrc/distributed/c10d/Utils.hpp:653 (most recent call first):
frame #0: c10::Error::Error(c10::SourceLocation, std::__cxx11::basic_string<char, std::char_traits<char>, std::allocator<char> >) + 0xc8 (0xfa2a101f66e8 in /usr/local/lib/python3.12/dist-packages/torch/lib/libc10.so)
frame #1: <unknown function> + 0x66f513c (0xfa2a2c45513c in /usr/local/lib/python3.12/dist-packages/torch/lib/libtorch_cpu.so)
frame #2: c10d::TCPStore::check(std::vector<std::__cxx11::basic_string<char, std::char_traits<char>, std::allocator<char> >, std::allocator<std::__cxx11::basic_string<char, std::char_traits<char>, std::allocator<char> > > > const&) + 0x1a4 (0xfa2a2c45e294 in /usr/local/lib/python3.12/dist-packages/torch/lib/libtorch_cpu.so)
frame #3: c10d::ProcessGroupNCCL::HeartbeatMonitor::runLoop() + 0x380 (0xfa2a110ddb30 in /usr/local/lib/python3.12/dist-packages/torch/lib/libtorch_cuda.so)
frame #4: <unknown function> + 0xe1ae0 (0xfa2abf2e1ae0 in /usr/lib/aarch64-linux-gnu/libstdc++.so.6)
frame #5: <unknown function> + 0x8595c (0xfa2abffa595c in /usr/lib/aarch64-linux-gnu/libc.so.6)
frame #6: <unknown function> + 0xebb4c (0xfa2ac000bb4c in /usr/lib/aarch64-linux-gnu/libc.so.6)

[rank2]:[W522 08:43:32.164412390 ProcessGroupNCCL.cpp:1826] [PG ID 0 PG GUID 0 Rank 2] Failed to check the "should dump" flag on TCPStore, (maybe TCPStore server has shut down too early), with error: Broken pipe
[rank2]:[W522 08:43:33.164942190 TCPStore.cpp:106] [c10d] sendBytes failed on SocketImpl(fd=30, addr=[spark2-ring]:38462, remote=[spark0-ring]:29536): Broken pipe
Exception raised from sendBytes at /pytorch/torch/csrc/distributed/c10d/Utils.hpp:653 (most recent call first):
frame #0: c10::Error::Error(c10::SourceLocation, std::__cxx11::basic_string<char, std::char_traits<char>, std::allocator<char> >) + 0xc8 (0xfa2a101f66e8 in /usr/local/lib/python3.12/dist-packages/torch/lib/libc10.so)
frame #1: <unknown function> + 0x66f513c (0xfa2a2c45513c in /usr/local/lib/python3.12/dist-packages/torch/lib/libtorch_cpu.so)
frame #2: c10d::TCPStore::check(std::vector<std::__cxx11::basic_string<char, std::char_traits<char>, std::allocator<char> >, std::allocator<std::__cxx11::basic_string<char, std::char_traits<char>, std::allocator<char> > > > const&) + 0x1a4 (0xfa2a2c45e294 in /usr/local/lib/python3.12/dist-packages/torch/lib/libtorch_cpu.so)
frame #3: c10d::ProcessGroupNCCL::HeartbeatMonitor::runLoop() + 0x380 (0xfa2a110ddb30 in /usr/local/lib/python3.12/dist-packages/torch/lib/libtorch_cuda.so)
frame #4: <unknown function> + 0xe1ae0 (0xfa2abf2e1ae0 in /usr/lib/aarch64-linux-gnu/libstdc++.so.6)
frame #5: <unknown function> + 0x8595c (0xfa2abffa595c in /usr/lib/aarch64-linux-gnu/libc.so.6)
frame #6: <unknown function> + 0xebb4c (0xfa2ac000bb4c in /usr/lib/aarch64-linux-gnu/libc.so.6)

[rank2]:[W522 08:43:33.165811407 ProcessGroupNCCL.cpp:1826] [PG ID 0 PG GUID 0 Rank 2] Failed to check the "should dump" flag on TCPStore, (maybe TCPStore server has shut down too early), with error: Broken pipe
[rank2]:[W522 08:43:34.166401746 TCPStore.cpp:106] [c10d] sendBytes failed on SocketImpl(fd=30, addr=[spark2-ring]:38462, remote=[spark0-ring]:29536): Broken pipe
Exception raised from sendBytes at /pytorch/torch/csrc/distributed/c10d/Utils.hpp:653 (most recent call first):
frame #0: c10::Error::Error(c10::SourceLocation, std::__cxx11::basic_string<char, std::char_traits<char>, std::allocator<char> >) + 0xc8 (0xfa2a101f66e8 in /usr/local/lib/python3.12/dist-packages/torch/lib/libc10.so)
frame #1: <unknown function> + 0x66f513c (0xfa2a2c45513c in /usr/local/lib/python3.12/dist-packages/torch/lib/libtorch_cpu.so)
frame #2: c10d::TCPStore::check(std::vector<std::__cxx11::basic_string<char, std::char_traits<char>, std::allocator<char> >, std::allocator<std::__cxx11::basic_string<char, std::char_traits<char>, std::allocator<char> > > > const&) + 0x1a4 (0xfa2a2c45e294 in /usr/local/lib/python3.12/dist-packages/torch/lib/libtorch_cpu.so)
frame #3: c10d::ProcessGroupNCCL::HeartbeatMonitor::runLoop() + 0x380 (0xfa2a110ddb30 in /usr/local/lib/python3.12/dist-packages/torch/lib/libtorch_cuda.so)
frame #4: <unknown function> + 0xe1ae0 (0xfa2abf2e1ae0 in /usr/lib/aarch64-linux-gnu/libstdc++.so.6)
frame #5: <unknown function> + 0x8595c (0xfa2abffa595c in /usr/lib/aarch64-linux-gnu/libc.so.6)
frame #6: <unknown function> + 0xebb4c (0xfa2ac000bb4c in /usr/lib/aarch64-linux-gnu/libc.so.6)

[rank2]:[W522 08:43:34.167321218 ProcessGroupNCCL.cpp:1826] [PG ID 0 PG GUID 0 Rank 2] Failed to check the "should dump" flag on TCPStore, (maybe TCPStore server has shut down too early), with error: Broken pipe
[rank2]:[W522 08:43:35.167936064 TCPStore.cpp:106] [c10d] sendBytes failed on SocketImpl(fd=30, addr=[spark2-ring]:38462, remote=[spark0-ring]:29536): Broken pipe
Exception raised from sendBytes at /pytorch/torch/csrc/distributed/c10d/Utils.hpp:653 (most recent call first):
frame #0: c10::Error::Error(c10::SourceLocation, std::__cxx11::basic_string<char, std::char_traits<char>, std::allocator<char> >) + 0xc8 (0xfa2a101f66e8 in /usr/local/lib/python3.12/dist-packages/torch/lib/libc10.so)
frame #1: <unknown function> + 0x66f513c (0xfa2a2c45513c in /usr/local/lib/python3.12/dist-packages/torch/lib/libtorch_cpu.so)
frame #2: c10d::TCPStore::check(std::vector<std::__cxx11::basic_string<char, std::char_traits<char>, std::allocator<char> >, std::allocator<std::__cxx11::basic_string<char, std::char_traits<char>, std::allocator<char> > > > const&) + 0x1a4 (0xfa2a2c45e294 in /usr/local/lib/python3.12/dist-packages/torch/lib/libtorch_cpu.so)
frame #3: c10d::ProcessGroupNCCL::HeartbeatMonitor::runLoop() + 0x380 (0xfa2a110ddb30 in /usr/local/lib/python3.12/dist-packages/torch/lib/libtorch_cuda.so)
frame #4: <unknown function> + 0xe1ae0 (0xfa2abf2e1ae0 in /usr/lib/aarch64-linux-gnu/libstdc++.so.6)
frame #5: <unknown function> + 0x8595c (0xfa2abffa595c in /usr/lib/aarch64-linux-gnu/libc.so.6)
frame #6: <unknown function> + 0xebb4c (0xfa2ac000bb4c in /usr/lib/aarch64-linux-gnu/libc.so.6)

[rank2]:[W522 08:43:35.168871377 ProcessGroupNCCL.cpp:1826] [PG ID 0 PG GUID 0 Rank 2] Failed to check the "should dump" flag on TCPStore, (maybe TCPStore server has shut down too early), with error: Broken pipe
[rank2]:[W522 08:43:36.169457771 TCPStore.cpp:106] [c10d] sendBytes failed on SocketImpl(fd=30, addr=[spark2-ring]:38462, remote=[spark0-ring]:29536): Broken pipe
Exception raised from sendBytes at /pytorch/torch/csrc/distributed/c10d/Utils.hpp:653 (most recent call first):
frame #0: c10::Error::Error(c10::SourceLocation, std::__cxx11::basic_string<char, std::char_traits<char>, std::allocator<char> >) + 0xc8 (0xfa2a101f66e8 in /usr/local/lib/python3.12/dist-packages/torch/lib/libc10.so)
frame #1: <unknown function> + 0x66f513c (0xfa2a2c45513c in /usr/local/lib/python3.12/dist-packages/torch/lib/libtorch_cpu.so)
frame #2: c10d::TCPStore::check(std::vector<std::__cxx11::basic_string<char, std::char_traits<char>, std::allocator<char> >, std::allocator<std::__cxx11::basic_string<char, std::char_traits<char>, std::allocator<char> > > > const&) + 0x1a4 (0xfa2a2c45e294 in /usr/local/lib/python3.12/dist-packages/torch/lib/libtorch_cpu.so)
frame #3: c10d::ProcessGroupNCCL::HeartbeatMonitor::runLoop() + 0x380 (0xfa2a110ddb30 in /usr/local/lib/python3.12/dist-packages/torch/lib/libtorch_cuda.so)
frame #4: <unknown function> + 0xe1ae0 (0xfa2abf2e1ae0 in /usr/lib/aarch64-linux-gnu/libstdc++.so.6)
frame #5: <unknown function> + 0x8595c (0xfa2abffa595c in /usr/lib/aarch64-linux-gnu/libc.so.6)
frame #6: <unknown function> + 0xebb4c (0xfa2ac000bb4c in /usr/lib/aarch64-linux-gnu/libc.so.6)

[rank2]:[W522 08:43:36.170321756 ProcessGroupNCCL.cpp:1826] [PG ID 0 PG GUID 0 Rank 2] Failed to check the "should dump" flag on TCPStore, (maybe TCPStore server has shut down too early), with error: Broken pipe
[rank2]:[W522 08:43:37.170908577 TCPStore.cpp:106] [c10d] sendBytes failed on SocketImpl(fd=30, addr=[spark2-ring]:38462, remote=[spark0-ring]:29536): Broken pipe
Exception raised from sendBytes at /pytorch/torch/csrc/distributed/c10d/Utils.hpp:653 (most recent call first):
frame #0: c10::Error::Error(c10::SourceLocation, std::__cxx11::basic_string<char, std::char_traits<char>, std::allocator<char> >) + 0xc8 (0xfa2a101f66e8 in /usr/local/lib/python3.12/dist-packages/torch/lib/libc10.so)
frame #1: <unknown function> + 0x66f513c (0xfa2a2c45513c in /usr/local/lib/python3.12/dist-packages/torch/lib/libtorch_cpu.so)
frame #2: c10d::TCPStore::check(std::vector<std::__cxx11::basic_string<char, std::char_traits<char>, std::allocator<char> >, std::allocator<std::__cxx11::basic_string<char, std::char_traits<char>, std::allocator<char> > > > const&) + 0x1a4 (0xfa2a2c45e294 in /usr/local/lib/python3.12/dist-packages/torch/lib/libtorch_cpu.so)
frame #3: c10d::ProcessGroupNCCL::HeartbeatMonitor::runLoop() + 0x380 (0xfa2a110ddb30 in /usr/local/lib/python3.12/dist-packages/torch/lib/libtorch_cuda.so)
frame #4: <unknown function> + 0xe1ae0 (0xfa2abf2e1ae0 in /usr/lib/aarch64-linux-gnu/libstdc++.so.6)
frame #5: <unknown function> + 0x8595c (0xfa2abffa595c in /usr/lib/aarch64-linux-gnu/libc.so.6)
frame #6: <unknown function> + 0xebb4c (0xfa2ac000bb4c in /usr/lib/aarch64-linux-gnu/libc.so.6)

[rank2]:[W522 08:43:37.171831249 ProcessGroupNCCL.cpp:1826] [PG ID 0 PG GUID 0 Rank 2] Failed to check the "should dump" flag on TCPStore, (maybe TCPStore server has shut down too early), with error: Broken pipe
[rank2]:[W522 08:43:38.172322353 TCPStore.cpp:106] [c10d] sendBytes failed on SocketImpl(fd=30, addr=[spark2-ring]:38462, remote=[spark0-ring]:29536): Broken pipe
Exception raised from sendBytes at /pytorch/torch/csrc/distributed/c10d/Utils.hpp:653 (most recent call first):
frame #0: c10::Error::Error(c10::SourceLocation, std::__cxx11::basic_string<char, std::char_traits<char>, std::allocator<char> >) + 0xc8 (0xfa2a101f66e8 in /usr/local/lib/python3.12/dist-packages/torch/lib/libc10.so)
frame #1: <unknown function> + 0x66f513c (0xfa2a2c45513c in /usr/local/lib/python3.12/dist-packages/torch/lib/libtorch_cpu.so)
frame #2: c10d::TCPStore::check(std::vector<std::__cxx11::basic_string<char, std::char_traits<char>, std::allocator<char> >, std::allocator<std::__cxx11::basic_string<char, std::char_traits<char>, std::allocator<char> > > > const&) + 0x1a4 (0xfa2a2c45e294 in /usr/local/lib/python3.12/dist-packages/torch/lib/libtorch_cpu.so)
frame #3: c10d::ProcessGroupNCCL::HeartbeatMonitor::runLoop() + 0x380 (0xfa2a110ddb30 in /usr/local/lib/python3.12/dist-packages/torch/lib/libtorch_cuda.so)
frame #4: <unknown function> + 0xe1ae0 (0xfa2abf2e1ae0 in /usr/lib/aarch64-linux-gnu/libstdc++.so.6)
frame #5: <unknown function> + 0x8595c (0xfa2abffa595c in /usr/lib/aarch64-linux-gnu/libc.so.6)
frame #6: <unknown function> + 0xebb4c (0xfa2ac000bb4c in /usr/lib/aarch64-linux-gnu/libc.so.6)

[rank2]:[W522 08:43:38.173201250 ProcessGroupNCCL.cpp:1826] [PG ID 0 PG GUID 0 Rank 2] Failed to check the "should dump" flag on TCPStore, (maybe TCPStore server has shut down too early), with error: Broken pipe
[rank2]:[W522 08:43:39.173787421 TCPStore.cpp:106] [c10d] sendBytes failed on SocketImpl(fd=30, addr=[spark2-ring]:38462, remote=[spark0-ring]:29536): Broken pipe
Exception raised from sendBytes at /pytorch/torch/csrc/distributed/c10d/Utils.hpp:653 (most recent call first):
frame #0: c10::Error::Error(c10::SourceLocation, std::__cxx11::basic_string<char, std::char_traits<char>, std::allocator<char> >) + 0xc8 (0xfa2a101f66e8 in /usr/local/lib/python3.12/dist-packages/torch/lib/libc10.so)
frame #1: <unknown function> + 0x66f513c (0xfa2a2c45513c in /usr/local/lib/python3.12/dist-packages/torch/lib/libtorch_cpu.so)
frame #2: c10d::TCPStore::check(std::vector<std::__cxx11::basic_string<char, std::char_traits<char>, std::allocator<char> >, std::allocator<std::__cxx11::basic_string<char, std::char_traits<char>, std::allocator<char> > > > const&) + 0x1a4 (0xfa2a2c45e294 in /usr/local/lib/python3.12/dist-packages/torch/lib/libtorch_cpu.so)
frame #3: c10d::ProcessGroupNCCL::HeartbeatMonitor::runLoop() + 0x380 (0xfa2a110ddb30 in /usr/local/lib/python3.12/dist-packages/torch/lib/libtorch_cuda.so)
frame #4: <unknown function> + 0xe1ae0 (0xfa2abf2e1ae0 in /usr/lib/aarch64-linux-gnu/libstdc++.so.6)
frame #5: <unknown function> + 0x8595c (0xfa2abffa595c in /usr/lib/aarch64-linux-gnu/libc.so.6)
frame #6: <unknown function> + 0xebb4c (0xfa2ac000bb4c in /usr/lib/aarch64-linux-gnu/libc.so.6)

[rank2]:[W522 08:43:39.174704238 ProcessGroupNCCL.cpp:1826] [PG ID 0 PG GUID 0 Rank 2] Failed to check the "should dump" flag on TCPStore, (maybe TCPStore server has shut down too early), with error: Broken pipe
[rank2]:[W522 08:43:40.175321490 TCPStore.cpp:106] [c10d] sendBytes failed on SocketImpl(fd=30, addr=[spark2-ring]:38462, remote=[spark0-ring]:29536): Broken pipe
Exception raised from sendBytes at /pytorch/torch/csrc/distributed/c10d/Utils.hpp:653 (most recent call first):
frame #0: c10::Error::Error(c10::SourceLocation, std::__cxx11::basic_string<char, std::char_traits<char>, std::allocator<char> >) + 0xc8 (0xfa2a101f66e8 in /usr/local/lib/python3.12/dist-packages/torch/lib/libc10.so)
frame #1: <unknown function> + 0x66f513c (0xfa2a2c45513c in /usr/local/lib/python3.12/dist-packages/torch/lib/libtorch_cpu.so)
frame #2: c10d::TCPStore::check(std::vector<std::__cxx11::basic_string<char, std::char_traits<char>, std::allocator<char> >, std::allocator<std::__cxx11::basic_string<char, std::char_traits<char>, std::allocator<char> > > > const&) + 0x1a4 (0xfa2a2c45e294 in /usr/local/lib/python3.12/dist-packages/torch/lib/libtorch_cpu.so)
frame #3: c10d::ProcessGroupNCCL::HeartbeatMonitor::runLoop() + 0x380 (0xfa2a110ddb30 in /usr/local/lib/python3.12/dist-packages/torch/lib/libtorch_cuda.so)
frame #4: <unknown function> + 0xe1ae0 (0xfa2abf2e1ae0 in /usr/lib/aarch64-linux-gnu/libstdc++.so.6)
frame #5: <unknown function> + 0x8595c (0xfa2abffa595c in /usr/lib/aarch64-linux-gnu/libc.so.6)
frame #6: <unknown function> + 0xebb4c (0xfa2ac000bb4c in /usr/lib/aarch64-linux-gnu/libc.so.6)

[rank2]:[W522 08:43:40.176247603 ProcessGroupNCCL.cpp:1826] [PG ID 0 PG GUID 0 Rank 2] Failed to check the "should dump" flag on TCPStore, (maybe TCPStore server has shut down too early), with error: Broken pipe
[rank2]:[W522 08:43:41.176828500 TCPStore.cpp:106] [c10d] sendBytes failed on SocketImpl(fd=30, addr=[spark2-ring]:38462, remote=[spark0-ring]:29536): Broken pipe
Exception raised from sendBytes at /pytorch/torch/csrc/distributed/c10d/Utils.hpp:653 (most recent call first):
frame #0: c10::Error::Error(c10::SourceLocation, std::__cxx11::basic_string<char, std::char_traits<char>, std::allocator<char> >) + 0xc8 (0xfa2a101f66e8 in /usr/local/lib/python3.12/dist-packages/torch/lib/libc10.so)
frame #1: <unknown function> + 0x66f513c (0xfa2a2c45513c in /usr/local/lib/python3.12/dist-packages/torch/lib/libtorch_cpu.so)
frame #2: c10d::TCPStore::check(std::vector<std::__cxx11::basic_string<char, std::char_traits<char>, std::allocator<char> >, std::allocator<std::__cxx11::basic_string<char, std::char_traits<char>, std::allocator<char> > > > const&) + 0x1a4 (0xfa2a2c45e294 in /usr/local/lib/python3.12/dist-packages/torch/lib/libtorch_cpu.so)
frame #3: c10d::ProcessGroupNCCL::HeartbeatMonitor::runLoop() + 0x380 (0xfa2a110ddb30 in /usr/local/lib/python3.12/dist-packages/torch/lib/libtorch_cuda.so)
frame #4: <unknown function> + 0xe1ae0 (0xfa2abf2e1ae0 in /usr/lib/aarch64-linux-gnu/libstdc++.so.6)
frame #5: <unknown function> + 0x8595c (0xfa2abffa595c in /usr/lib/aarch64-linux-gnu/libc.so.6)
frame #6: <unknown function> + 0xebb4c (0xfa2ac000bb4c in /usr/lib/aarch64-linux-gnu/libc.so.6)

[rank2]:[W522 08:43:41.177684053 ProcessGroupNCCL.cpp:1826] [PG ID 0 PG GUID 0 Rank 2] Failed to check the "should dump" flag on TCPStore, (maybe TCPStore server has shut down too early), with error: Broken pipe
[rank2]:[W522 08:43:42.178268208 TCPStore.cpp:106] [c10d] sendBytes failed on SocketImpl(fd=30, addr=[spark2-ring]:38462, remote=[spark0-ring]:29536): Broken pipe
Exception raised from sendBytes at /pytorch/torch/csrc/distributed/c10d/Utils.hpp:653 (most recent call first):
frame #0: c10::Error::Error(c10::SourceLocation, std::__cxx11::basic_string<char, std::char_traits<char>, std::allocator<char> >) + 0xc8 (0xfa2a101f66e8 in /usr/local/lib/python3.12/dist-packages/torch/lib/libc10.so)
frame #1: <unknown function> + 0x66f513c (0xfa2a2c45513c in /usr/local/lib/python3.12/dist-packages/torch/lib/libtorch_cpu.so)
frame #2: c10d::TCPStore::check(std::vector<std::__cxx11::basic_string<char, std::char_traits<char>, std::allocator<char> >, std::allocator<std::__cxx11::basic_string<char, std::char_traits<char>, std::allocator<char> > > > const&) + 0x1a4 (0xfa2a2c45e294 in /usr/local/lib/python3.12/dist-packages/torch/lib/libtorch_cpu.so)
frame #3: c10d::ProcessGroupNCCL::HeartbeatMonitor::runLoop() + 0x380 (0xfa2a110ddb30 in /usr/local/lib/python3.12/dist-packages/torch/lib/libtorch_cuda.so)
frame #4: <unknown function> + 0xe1ae0 (0xfa2abf2e1ae0 in /usr/lib/aarch64-linux-gnu/libstdc++.so.6)
frame #5: <unknown function> + 0x8595c (0xfa2abffa595c in /usr/lib/aarch64-linux-gnu/libc.so.6)
frame #6: <unknown function> + 0xebb4c (0xfa2ac000bb4c in /usr/lib/aarch64-linux-gnu/libc.so.6)

[rank2]:[W522 08:43:42.179173105 ProcessGroupNCCL.cpp:1826] [PG ID 0 PG GUID 0 Rank 2] Failed to check the "should dump" flag on TCPStore, (maybe TCPStore server has shut down too early), with error: Broken pipe
[rank2]:[W522 08:43:43.179598328 TCPStore.cpp:106] [c10d] sendBytes failed on SocketImpl(fd=30, addr=[spark2-ring]:38462, remote=[spark0-ring]:29536): Broken pipe
Exception raised from sendBytes at /pytorch/torch/csrc/distributed/c10d/Utils.hpp:653 (most recent call first):
frame #0: c10::Error::Error(c10::SourceLocation, std::__cxx11::basic_string<char, std::char_traits<char>, std::allocator<char> >) + 0xc8 (0xfa2a101f66e8 in /usr/local/lib/python3.12/dist-packages/torch/lib/libc10.so)
frame #1: <unknown function> + 0x66f513c (0xfa2a2c45513c in /usr/local/lib/python3.12/dist-packages/torch/lib/libtorch_cpu.so)
frame #2: c10d::TCPStore::check(std::vector<std::__cxx11::basic_string<char, std::char_traits<char>, std::allocator<char> >, std::allocator<std::__cxx11::basic_string<char, std::char_traits<char>, std::allocator<char> > > > const&) + 0x1a4 (0xfa2a2c45e294 in /usr/local/lib/python3.12/dist-packages/torch/lib/libtorch_cpu.so)
frame #3: c10d::ProcessGroupNCCL::HeartbeatMonitor::runLoop() + 0x380 (0xfa2a110ddb30 in /usr/local/lib/python3.12/dist-packages/torch/lib/libtorch_cuda.so)
frame #4: <unknown function> + 0xe1ae0 (0xfa2abf2e1ae0 in /usr/lib/aarch64-linux-gnu/libstdc++.so.6)
frame #5: <unknown function> + 0x8595c (0xfa2abffa595c in /usr/lib/aarch64-linux-gnu/libc.so.6)
frame #6: <unknown function> + 0xebb4c (0xfa2ac000bb4c in /usr/lib/aarch64-linux-gnu/libc.so.6)

[rank2]:[W522 08:43:43.180472216 ProcessGroupNCCL.cpp:1826] [PG ID 0 PG GUID 0 Rank 2] Failed to check the "should dump" flag on TCPStore, (maybe TCPStore server has shut down too early), with error: Broken pipe
[rank2]:[W522 08:43:44.181082154 TCPStore.cpp:106] [c10d] sendBytes failed on SocketImpl(fd=30, addr=[spark2-ring]:38462, remote=[spark0-ring]:29536): Broken pipe
Exception raised from sendBytes at /pytorch/torch/csrc/distributed/c10d/Utils.hpp:653 (most recent call first):
frame #0: c10::Error::Error(c10::SourceLocation, std::__cxx11::basic_string<char, std::char_traits<char>, std::allocator<char> >) + 0xc8 (0xfa2a101f66e8 in /usr/local/lib/python3.12/dist-packages/torch/lib/libc10.so)
frame #1: <unknown function> + 0x66f513c (0xfa2a2c45513c in /usr/local/lib/python3.12/dist-packages/torch/lib/libtorch_cpu.so)
frame #2: c10d::TCPStore::check(std::vector<std::__cxx11::basic_string<char, std::char_traits<char>, std::allocator<char> >, std::allocator<std::__cxx11::basic_string<char, std::char_traits<char>, std::allocator<char> > > > const&) + 0x1a4 (0xfa2a2c45e294 in /usr/local/lib/python3.12/dist-packages/torch/lib/libtorch_cpu.so)
frame #3: c10d::ProcessGroupNCCL::HeartbeatMonitor::runLoop() + 0x380 (0xfa2a110ddb30 in /usr/local/lib/python3.12/dist-packages/torch/lib/libtorch_cuda.so)
frame #4: <unknown function> + 0xe1ae0 (0xfa2abf2e1ae0 in /usr/lib/aarch64-linux-gnu/libstdc++.so.6)
frame #5: <unknown function> + 0x8595c (0xfa2abffa595c in /usr/lib/aarch64-linux-gnu/libc.so.6)
frame #6: <unknown function> + 0xebb4c (0xfa2ac000bb4c in /usr/lib/aarch64-linux-gnu/libc.so.6)

[rank2]:[W522 08:43:44.181992347 ProcessGroupNCCL.cpp:1826] [PG ID 0 PG GUID 0 Rank 2] Failed to check the "should dump" flag on TCPStore, (maybe TCPStore server has shut down too early), with error: Broken pipe
[rank2]:[W522 08:43:45.182590679 TCPStore.cpp:106] [c10d] sendBytes failed on SocketImpl(fd=30, addr=[spark2-ring]:38462, remote=[spark0-ring]:29536): Broken pipe
Exception raised from sendBytes at /pytorch/torch/csrc/distributed/c10d/Utils.hpp:653 (most recent call first):
frame #0: c10::Error::Error(c10::SourceLocation, std::__cxx11::basic_string<char, std::char_traits<char>, std::allocator<char> >) + 0xc8 (0xfa2a101f66e8 in /usr/local/lib/python3.12/dist-packages/torch/lib/libc10.so)
frame #1: <unknown function> + 0x66f513c (0xfa2a2c45513c in /usr/local/lib/python3.12/dist-packages/torch/lib/libtorch_cpu.so)
frame #2: c10d::TCPStore::check(std::vector<std::__cxx11::basic_string<char, std::char_traits<char>, std::allocator<char> >, std::allocator<std::__cxx11::basic_string<char, std::char_traits<char>, std::allocator<char> > > > const&) + 0x1a4 (0xfa2a2c45e294 in /usr/local/lib/python3.12/dist-packages/torch/lib/libtorch_cpu.so)
frame #3: c10d::ProcessGroupNCCL::HeartbeatMonitor::runLoop() + 0x380 (0xfa2a110ddb30 in /usr/local/lib/python3.12/dist-packages/torch/lib/libtorch_cuda.so)
frame #4: <unknown function> + 0xe1ae0 (0xfa2abf2e1ae0 in /usr/lib/aarch64-linux-gnu/libstdc++.so.6)
frame #5: <unknown function> + 0x8595c (0xfa2abffa595c in /usr/lib/aarch64-linux-gnu/libc.so.6)
frame #6: <unknown function> + 0xebb4c (0xfa2ac000bb4c in /usr/lib/aarch64-linux-gnu/libc.so.6)

[rank2]:[W522 08:43:45.183538344 ProcessGroupNCCL.cpp:1826] [PG ID 0 PG GUID 0 Rank 2] Failed to check the "should dump" flag on TCPStore, (maybe TCPStore server has shut down too early), with error: Broken pipe
[rank2]:[W522 08:43:46.184133345 TCPStore.cpp:106] [c10d] sendBytes failed on SocketImpl(fd=30, addr=[spark2-ring]:38462, remote=[spark0-ring]:29536): Broken pipe
Exception raised from sendBytes at /pytorch/torch/csrc/distributed/c10d/Utils.hpp:653 (most recent call first):
frame #0: c10::Error::Error(c10::SourceLocation, std::__cxx11::basic_string<char, std::char_traits<char>, std::allocator<char> >) + 0xc8 (0xfa2a101f66e8 in /usr/local/lib/python3.12/dist-packages/torch/lib/libc10.so)
frame #1: <unknown function> + 0x66f513c (0xfa2a2c45513c in /usr/local/lib/python3.12/dist-packages/torch/lib/libtorch_cpu.so)
frame #2: c10d::TCPStore::check(std::vector<std::__cxx11::basic_string<char, std::char_traits<char>, std::allocator<char> >, std::allocator<std::__cxx11::basic_string<char, std::char_traits<char>, std::allocator<char> > > > const&) + 0x1a4 (0xfa2a2c45e294 in /usr/local/lib/python3.12/dist-packages/torch/lib/libtorch_cpu.so)
frame #3: c10d::ProcessGroupNCCL::HeartbeatMonitor::runLoop() + 0x380 (0xfa2a110ddb30 in /usr/local/lib/python3.12/dist-packages/torch/lib/libtorch_cuda.so)
frame #4: <unknown function> + 0xe1ae0 (0xfa2abf2e1ae0 in /usr/lib/aarch64-linux-gnu/libstdc++.so.6)
frame #5: <unknown function> + 0x8595c (0xfa2abffa595c in /usr/lib/aarch64-linux-gnu/libc.so.6)
frame #6: <unknown function> + 0xebb4c (0xfa2ac000bb4c in /usr/lib/aarch64-linux-gnu/libc.so.6)

[rank2]:[W522 08:43:46.185019009 ProcessGroupNCCL.cpp:1826] [PG ID 0 PG GUID 0 Rank 2] Failed to check the "should dump" flag on TCPStore, (maybe TCPStore server has shut down too early), with error: Broken pipe
[rank2]:[W522 08:43:47.185605508 TCPStore.cpp:106] [c10d] sendBytes failed on SocketImpl(fd=30, addr=[spark2-ring]:38462, remote=[spark0-ring]:29536): Broken pipe
Exception raised from sendBytes at /pytorch/torch/csrc/distributed/c10d/Utils.hpp:653 (most recent call first):
frame #0: c10::Error::Error(c10::SourceLocation, std::__cxx11::basic_string<char, std::char_traits<char>, std::allocator<char> >) + 0xc8 (0xfa2a101f66e8 in /usr/local/lib/python3.12/dist-packages/torch/lib/libc10.so)
frame #1: <unknown function> + 0x66f513c (0xfa2a2c45513c in /usr/local/lib/python3.12/dist-packages/torch/lib/libtorch_cpu.so)
frame #2: c10d::TCPStore::check(std::vector<std::__cxx11::basic_string<char, std::char_traits<char>, std::allocator<char> >, std::allocator<std::__cxx11::basic_string<char, std::char_traits<char>, std::allocator<char> > > > const&) + 0x1a4 (0xfa2a2c45e294 in /usr/local/lib/python3.12/dist-packages/torch/lib/libtorch_cpu.so)
frame #3: c10d::ProcessGroupNCCL::HeartbeatMonitor::runLoop() + 0x380 (0xfa2a110ddb30 in /usr/local/lib/python3.12/dist-packages/torch/lib/libtorch_cuda.so)
frame #4: <unknown function> + 0xe1ae0 (0xfa2abf2e1ae0 in /usr/lib/aarch64-linux-gnu/libstdc++.so.6)
frame #5: <unknown function> + 0x8595c (0xfa2abffa595c in /usr/lib/aarch64-linux-gnu/libc.so.6)
frame #6: <unknown function> + 0xebb4c (0xfa2ac000bb4c in /usr/lib/aarch64-linux-gnu/libc.so.6)

[rank2]:[W522 08:43:47.186521493 ProcessGroupNCCL.cpp:1826] [PG ID 0 PG GUID 0 Rank 2] Failed to check the "should dump" flag on TCPStore, (maybe TCPStore server has shut down too early), with error: Broken pipe
[rank2]:[W522 08:43:48.187049587 TCPStore.cpp:106] [c10d] sendBytes failed on SocketImpl(fd=30, addr=[spark2-ring]:38462, remote=[spark0-ring]:29536): Broken pipe
Exception raised from sendBytes at /pytorch/torch/csrc/distributed/c10d/Utils.hpp:653 (most recent call first):
frame #0: c10::Error::Error(c10::SourceLocation, std::__cxx11::basic_string<char, std::char_traits<char>, std::allocator<char> >) + 0xc8 (0xfa2a101f66e8 in /usr/local/lib/python3.12/dist-packages/torch/lib/libc10.so)
frame #1: <unknown function> + 0x66f513c (0xfa2a2c45513c in /usr/local/lib/python3.12/dist-packages/torch/lib/libtorch_cpu.so)
frame #2: c10d::TCPStore::check(std::vector<std::__cxx11::basic_string<char, std::char_traits<char>, std::allocator<char> >, std::allocator<std::__cxx11::basic_string<char, std::char_traits<char>, std::allocator<char> > > > const&) + 0x1a4 (0xfa2a2c45e294 in /usr/local/lib/python3.12/dist-packages/torch/lib/libtorch_cpu.so)
frame #3: c10d::ProcessGroupNCCL::HeartbeatMonitor::runLoop() + 0x380 (0xfa2a110ddb30 in /usr/local/lib/python3.12/dist-packages/torch/lib/libtorch_cuda.so)
frame #4: <unknown function> + 0xe1ae0 (0xfa2abf2e1ae0 in /usr/lib/aarch64-linux-gnu/libstdc++.so.6)
frame #5: <unknown function> + 0x8595c (0xfa2abffa595c in /usr/lib/aarch64-linux-gnu/libc.so.6)
frame #6: <unknown function> + 0xebb4c (0xfa2ac000bb4c in /usr/lib/aarch64-linux-gnu/libc.so.6)

[rank2]:[W522 08:43:48.187909859 ProcessGroupNCCL.cpp:1826] [PG ID 0 PG GUID 0 Rank 2] Failed to check the "should dump" flag on TCPStore, (maybe TCPStore server has shut down too early), with error: Broken pipe
[rank2]:[W522 08:43:49.188494413 TCPStore.cpp:106] [c10d] sendBytes failed on SocketImpl(fd=30, addr=[spark2-ring]:38462, remote=[spark0-ring]:29536): Broken pipe
Exception raised from sendBytes at /pytorch/torch/csrc/distributed/c10d/Utils.hpp:653 (most recent call first):
frame #0: c10::Error::Error(c10::SourceLocation, std::__cxx11::basic_string<char, std::char_traits<char>, std::allocator<char> >) + 0xc8 (0xfa2a101f66e8 in /usr/local/lib/python3.12/dist-packages/torch/lib/libc10.so)
frame #1: <unknown function> + 0x66f513c (0xfa2a2c45513c in /usr/local/lib/python3.12/dist-packages/torch/lib/libtorch_cpu.so)
frame #2: c10d::TCPStore::check(std::vector<std::__cxx11::basic_string<char, std::char_traits<char>, std::allocator<char> >, std::allocator<std::__cxx11::basic_string<char, std::char_traits<char>, std::allocator<char> > > > const&) + 0x1a4 (0xfa2a2c45e294 in /usr/local/lib/python3.12/dist-packages/torch/lib/libtorch_cpu.so)
frame #3: c10d::ProcessGroupNCCL::HeartbeatMonitor::runLoop() + 0x380 (0xfa2a110ddb30 in /usr/local/lib/python3.12/dist-packages/torch/lib/libtorch_cuda.so)
frame #4: <unknown function> + 0xe1ae0 (0xfa2abf2e1ae0 in /usr/lib/aarch64-linux-gnu/libstdc++.so.6)
frame #5: <unknown function> + 0x8595c (0xfa2abffa595c in /usr/lib/aarch64-linux-gnu/libc.so.6)
frame #6: <unknown function> + 0xebb4c (0xfa2ac000bb4c in /usr/lib/aarch64-linux-gnu/libc.so.6)

[rank2]:[W522 08:43:49.189406749 ProcessGroupNCCL.cpp:1826] [PG ID 0 PG GUID 0 Rank 2] Failed to check the "should dump" flag on TCPStore, (maybe TCPStore server has shut down too early), with error: Broken pipe
[rank2]:[W522 08:43:50.189992897 TCPStore.cpp:106] [c10d] sendBytes failed on SocketImpl(fd=30, addr=[spark2-ring]:38462, remote=[spark0-ring]:29536): Broken pipe
Exception raised from sendBytes at /pytorch/torch/csrc/distributed/c10d/Utils.hpp:653 (most recent call first):
frame #0: c10::Error::Error(c10::SourceLocation, std::__cxx11::basic_string<char, std::char_traits<char>, std::allocator<char> >) + 0xc8 (0xfa2a101f66e8 in /usr/local/lib/python3.12/dist-packages/torch/lib/libc10.so)
frame #1: <unknown function> + 0x66f513c (0xfa2a2c45513c in /usr/local/lib/python3.12/dist-packages/torch/lib/libtorch_cpu.so)
frame #2: c10d::TCPStore::check(std::vector<std::__cxx11::basic_string<char, std::char_traits<char>, std::allocator<char> >, std::allocator<std::__cxx11::basic_string<char, std::char_traits<char>, std::allocator<char> > > > const&) + 0x1a4 (0xfa2a2c45e294 in /usr/local/lib/python3.12/dist-packages/torch/lib/libtorch_cpu.so)
frame #3: c10d::ProcessGroupNCCL::HeartbeatMonitor::runLoop() + 0x380 (0xfa2a110ddb30 in /usr/local/lib/python3.12/dist-packages/torch/lib/libtorch_cuda.so)
frame #4: <unknown function> + 0xe1ae0 (0xfa2abf2e1ae0 in /usr/lib/aarch64-linux-gnu/libstdc++.so.6)
frame #5: <unknown function> + 0x8595c (0xfa2abffa595c in /usr/lib/aarch64-linux-gnu/libc.so.6)
frame #6: <unknown function> + 0xebb4c (0xfa2ac000bb4c in /usr/lib/aarch64-linux-gnu/libc.so.6)

[rank2]:[W522 08:43:50.190909394 ProcessGroupNCCL.cpp:1826] [PG ID 0 PG GUID 0 Rank 2] Failed to check the "should dump" flag on TCPStore, (maybe TCPStore server has shut down too early), with error: Broken pipe
[rank2]:[W522 08:43:51.191300913 TCPStore.cpp:106] [c10d] sendBytes failed on SocketImpl(fd=30, addr=[spark2-ring]:38462, remote=[spark0-ring]:29536): Broken pipe
Exception raised from sendBytes at /pytorch/torch/csrc/distributed/c10d/Utils.hpp:653 (most recent call first):
frame #0: c10::Error::Error(c10::SourceLocation, std::__cxx11::basic_string<char, std::char_traits<char>, std::allocator<char> >) + 0xc8 (0xfa2a101f66e8 in /usr/local/lib/python3.12/dist-packages/torch/lib/libc10.so)
frame #1: <unknown function> + 0x66f513c (0xfa2a2c45513c in /usr/local/lib/python3.12/dist-packages/torch/lib/libtorch_cpu.so)
frame #2: c10d::TCPStore::check(std::vector<std::__cxx11::basic_string<char, std::char_traits<char>, std::allocator<char> >, std::allocator<std::__cxx11::basic_string<char, std::char_traits<char>, std::allocator<char> > > > const&) + 0x1a4 (0xfa2a2c45e294 in /usr/local/lib/python3.12/dist-packages/torch/lib/libtorch_cpu.so)
frame #3: c10d::ProcessGroupNCCL::HeartbeatMonitor::runLoop() + 0x380 (0xfa2a110ddb30 in /usr/local/lib/python3.12/dist-packages/torch/lib/libtorch_cuda.so)
frame #4: <unknown function> + 0xe1ae0 (0xfa2abf2e1ae0 in /usr/lib/aarch64-linux-gnu/libstdc++.so.6)
frame #5: <unknown function> + 0x8595c (0xfa2abffa595c in /usr/lib/aarch64-linux-gnu/libc.so.6)
frame #6: <unknown function> + 0xebb4c (0xfa2ac000bb4c in /usr/lib/aarch64-linux-gnu/libc.so.6)

[rank2]:[W522 08:43:51.192220514 ProcessGroupNCCL.cpp:1826] [PG ID 0 PG GUID 0 Rank 2] Failed to check the "should dump" flag on TCPStore, (maybe TCPStore server has shut down too early), with error: Broken pipe
[rank2]:[W522 08:43:52.192441693 TCPStore.cpp:106] [c10d] sendBytes failed on SocketImpl(fd=30, addr=[spark2-ring]:38462, remote=[spark0-ring]:29536): Broken pipe
Exception raised from sendBytes at /pytorch/torch/csrc/distributed/c10d/Utils.hpp:653 (most recent call first):
frame #0: c10::Error::Error(c10::SourceLocation, std::__cxx11::basic_string<char, std::char_traits<char>, std::allocator<char> >) + 0xc8 (0xfa2a101f66e8 in /usr/local/lib/python3.12/dist-packages/torch/lib/libc10.so)
frame #1: <unknown function> + 0x66f513c (0xfa2a2c45513c in /usr/local/lib/python3.12/dist-packages/torch/lib/libtorch_cpu.so)
frame #2: c10d::TCPStore::check(std::vector<std::__cxx11::basic_string<char, std::char_traits<char>, std::allocator<char> >, std::allocator<std::__cxx11::basic_string<char, std::char_traits<char>, std::allocator<char> > > > const&) + 0x1a4 (0xfa2a2c45e294 in /usr/local/lib/python3.12/dist-packages/torch/lib/libtorch_cpu.so)
frame #3: c10d::ProcessGroupNCCL::HeartbeatMonitor::runLoop() + 0x380 (0xfa2a110ddb30 in /usr/local/lib/python3.12/dist-packages/torch/lib/libtorch_cuda.so)
frame #4: <unknown function> + 0xe1ae0 (0xfa2abf2e1ae0 in /usr/lib/aarch64-linux-gnu/libstdc++.so.6)
frame #5: <unknown function> + 0x8595c (0xfa2abffa595c in /usr/lib/aarch64-linux-gnu/libc.so.6)
frame #6: <unknown function> + 0xebb4c (0xfa2ac000bb4c in /usr/lib/aarch64-linux-gnu/libc.so.6)

[rank2]:[W522 08:43:52.193350637 ProcessGroupNCCL.cpp:1826] [PG ID 0 PG GUID 0 Rank 2] Failed to check the "should dump" flag on TCPStore, (maybe TCPStore server has shut down too early), with error: Broken pipe
[rank2]:[W522 08:43:53.193937444 TCPStore.cpp:106] [c10d] sendBytes failed on SocketImpl(fd=30, addr=[spark2-ring]:38462, remote=[spark0-ring]:29536): Broken pipe
Exception raised from sendBytes at /pytorch/torch/csrc/distributed/c10d/Utils.hpp:653 (most recent call first):
frame #0: c10::Error::Error(c10::SourceLocation, std::__cxx11::basic_string<char, std::char_traits<char>, std::allocator<char> >) + 0xc8 (0xfa2a101f66e8 in /usr/local/lib/python3.12/dist-packages/torch/lib/libc10.so)
frame #1: <unknown function> + 0x66f513c (0xfa2a2c45513c in /usr/local/lib/python3.12/dist-packages/torch/lib/libtorch_cpu.so)
frame #2: c10d::TCPStore::check(std::vector<std::__cxx11::basic_string<char, std::char_traits<char>, std::allocator<char> >, std::allocator<std::__cxx11::basic_string<char, std::char_traits<char>, std::allocator<char> > > > const&) + 0x1a4 (0xfa2a2c45e294 in /usr/local/lib/python3.12/dist-packages/torch/lib/libtorch_cpu.so)
frame #3: c10d::ProcessGroupNCCL::HeartbeatMonitor::runLoop() + 0x380 (0xfa2a110ddb30 in /usr/local/lib/python3.12/dist-packages/torch/lib/libtorch_cuda.so)
frame #4: <unknown function> + 0xe1ae0 (0xfa2abf2e1ae0 in /usr/lib/aarch64-linux-gnu/libstdc++.so.6)
frame #5: <unknown function> + 0x8595c (0xfa2abffa595c in /usr/lib/aarch64-linux-gnu/libc.so.6)
frame #6: <unknown function> + 0xebb4c (0xfa2ac000bb4c in /usr/lib/aarch64-linux-gnu/libc.so.6)

[rank2]:[W522 08:43:53.194900725 ProcessGroupNCCL.cpp:1826] [PG ID 0 PG GUID 0 Rank 2] Failed to check the "should dump" flag on TCPStore, (maybe TCPStore server has shut down too early), with error: Broken pipe
[rank2]:[W522 08:43:54.195485414 TCPStore.cpp:106] [c10d] sendBytes failed on SocketImpl(fd=30, addr=[spark2-ring]:38462, remote=[spark0-ring]:29536): Broken pipe
Exception raised from sendBytes at /pytorch/torch/csrc/distributed/c10d/Utils.hpp:653 (most recent call first):
frame #0: c10::Error::Error(c10::SourceLocation, std::__cxx11::basic_string<char, std::char_traits<char>, std::allocator<char> >) + 0xc8 (0xfa2a101f66e8 in /usr/local/lib/python3.12/dist-packages/torch/lib/libc10.so)
frame #1: <unknown function> + 0x66f513c (0xfa2a2c45513c in /usr/local/lib/python3.12/dist-packages/torch/lib/libtorch_cpu.so)
frame #2: c10d::TCPStore::check(std::vector<std::__cxx11::basic_string<char, std::char_traits<char>, std::allocator<char> >, std::allocator<std::__cxx11::basic_string<char, std::char_traits<char>, std::allocator<char> > > > const&) + 0x1a4 (0xfa2a2c45e294 in /usr/local/lib/python3.12/dist-packages/torch/lib/libtorch_cpu.so)
frame #3: c10d::ProcessGroupNCCL::HeartbeatMonitor::runLoop() + 0x380 (0xfa2a110ddb30 in /usr/local/lib/python3.12/dist-packages/torch/lib/libtorch_cuda.so)
frame #4: <unknown function> + 0xe1ae0 (0xfa2abf2e1ae0 in /usr/lib/aarch64-linux-gnu/libstdc++.so.6)
frame #5: <unknown function> + 0x8595c (0xfa2abffa595c in /usr/lib/aarch64-linux-gnu/libc.so.6)
frame #6: <unknown function> + 0xebb4c (0xfa2ac000bb4c in /usr/lib/aarch64-linux-gnu/libc.so.6)

[rank2]:[W522 08:43:54.196417095 ProcessGroupNCCL.cpp:1826] [PG ID 0 PG GUID 0 Rank 2] Failed to check the "should dump" flag on TCPStore, (maybe TCPStore server has shut down too early), with error: Broken pipe
[rank2]:[W522 08:43:55.197029652 TCPStore.cpp:106] [c10d] sendBytes failed on SocketImpl(fd=30, addr=[spark2-ring]:38462, remote=[spark0-ring]:29536): Broken pipe
Exception raised from sendBytes at /pytorch/torch/csrc/distributed/c10d/Utils.hpp:653 (most recent call first):
frame #0: c10::Error::Error(c10::SourceLocation, std::__cxx11::basic_string<char, std::char_traits<char>, std::allocator<char> >) + 0xc8 (0xfa2a101f66e8 in /usr/local/lib/python3.12/dist-packages/torch/lib/libc10.so)
frame #1: <unknown function> + 0x66f513c (0xfa2a2c45513c in /usr/local/lib/python3.12/dist-packages/torch/lib/libtorch_cpu.so)
frame #2: c10d::TCPStore::check(std::vector<std::__cxx11::basic_string<char, std::char_traits<char>, std::allocator<char> >, std::allocator<std::__cxx11::basic_string<char, std::char_traits<char>, std::allocator<char> > > > const&) + 0x1a4 (0xfa2a2c45e294 in /usr/local/lib/python3.12/dist-packages/torch/lib/libtorch_cpu.so)
frame #3: c10d::ProcessGroupNCCL::HeartbeatMonitor::runLoop() + 0x380 (0xfa2a110ddb30 in /usr/local/lib/python3.12/dist-packages/torch/lib/libtorch_cuda.so)
frame #4: <unknown function> + 0xe1ae0 (0xfa2abf2e1ae0 in /usr/lib/aarch64-linux-gnu/libstdc++.so.6)
frame #5: <unknown function> + 0x8595c (0xfa2abffa595c in /usr/lib/aarch64-linux-gnu/libc.so.6)
frame #6: <unknown function> + 0xebb4c (0xfa2ac000bb4c in /usr/lib/aarch64-linux-gnu/libc.so.6)

[rank2]:[W522 08:43:55.197890564 ProcessGroupNCCL.cpp:1826] [PG ID 0 PG GUID 0 Rank 2] Failed to check the "should dump" flag on TCPStore, (maybe TCPStore server has shut down too early), with error: Broken pipe
[rank2]:[W522 08:43:56.198476396 TCPStore.cpp:106] [c10d] sendBytes failed on SocketImpl(fd=30, addr=[spark2-ring]:38462, remote=[spark0-ring]:29536): Broken pipe
Exception raised from sendBytes at /pytorch/torch/csrc/distributed/c10d/Utils.hpp:653 (most recent call first):
frame #0: c10::Error::Error(c10::SourceLocation, std::__cxx11::basic_string<char, std::char_traits<char>, std::allocator<char> >) + 0xc8 (0xfa2a101f66e8 in /usr/local/lib/python3.12/dist-packages/torch/lib/libc10.so)
frame #1: <unknown function> + 0x66f513c (0xfa2a2c45513c in /usr/local/lib/python3.12/dist-packages/torch/lib/libtorch_cpu.so)
frame #2: c10d::TCPStore::check(std::vector<std::__cxx11::basic_string<char, std::char_traits<char>, std::allocator<char> >, std::allocator<std::__cxx11::basic_string<char, std::char_traits<char>, std::allocator<char> > > > const&) + 0x1a4 (0xfa2a2c45e294 in /usr/local/lib/python3.12/dist-packages/torch/lib/libtorch_cpu.so)
frame #3: c10d::ProcessGroupNCCL::HeartbeatMonitor::runLoop() + 0x380 (0xfa2a110ddb30 in /usr/local/lib/python3.12/dist-packages/torch/lib/libtorch_cuda.so)
frame #4: <unknown function> + 0xe1ae0 (0xfa2abf2e1ae0 in /usr/lib/aarch64-linux-gnu/libstdc++.so.6)
frame #5: <unknown function> + 0x8595c (0xfa2abffa595c in /usr/lib/aarch64-linux-gnu/libc.so.6)
frame #6: <unknown function> + 0xebb4c (0xfa2ac000bb4c in /usr/lib/aarch64-linux-gnu/libc.so.6)

[rank2]:[W522 08:43:56.199407469 ProcessGroupNCCL.cpp:1826] [PG ID 0 PG GUID 0 Rank 2] Failed to check the "should dump" flag on TCPStore, (maybe TCPStore server has shut down too early), with error: Broken pipe
[rank2]:[W522 08:43:57.199644079 TCPStore.cpp:106] [c10d] sendBytes failed on SocketImpl(fd=30, addr=[spark2-ring]:38462, remote=[spark0-ring]:29536): Broken pipe
Exception raised from sendBytes at /pytorch/torch/csrc/distributed/c10d/Utils.hpp:653 (most recent call first):
frame #0: c10::Error::Error(c10::SourceLocation, std::__cxx11::basic_string<char, std::char_traits<char>, std::allocator<char> >) + 0xc8 (0xfa2a101f66e8 in /usr/local/lib/python3.12/dist-packages/torch/lib/libc10.so)
frame #1: <unknown function> + 0x66f513c (0xfa2a2c45513c in /usr/local/lib/python3.12/dist-packages/torch/lib/libtorch_cpu.so)
frame #2: c10d::TCPStore::check(std::vector<std::__cxx11::basic_string<char, std::char_traits<char>, std::allocator<char> >, std::allocator<std::__cxx11::basic_string<char, std::char_traits<char>, std::allocator<char> > > > const&) + 0x1a4 (0xfa2a2c45e294 in /usr/local/lib/python3.12/dist-packages/torch/lib/libtorch_cpu.so)
frame #3: c10d::ProcessGroupNCCL::HeartbeatMonitor::runLoop() + 0x380 (0xfa2a110ddb30 in /usr/local/lib/python3.12/dist-packages/torch/lib/libtorch_cuda.so)
frame #4: <unknown function> + 0xe1ae0 (0xfa2abf2e1ae0 in /usr/lib/aarch64-linux-gnu/libstdc++.so.6)
frame #5: <unknown function> + 0x8595c (0xfa2abffa595c in /usr/lib/aarch64-linux-gnu/libc.so.6)
frame #6: <unknown function> + 0xebb4c (0xfa2ac000bb4c in /usr/lib/aarch64-linux-gnu/libc.so.6)

[rank2]:[W522 08:43:57.200509920 ProcessGroupNCCL.cpp:1826] [PG ID 0 PG GUID 0 Rank 2] Failed to check the "should dump" flag on TCPStore, (maybe TCPStore server has shut down too early), with error: Broken pipe
[rank2]:[W522 08:43:58.200880893 TCPStore.cpp:106] [c10d] sendBytes failed on SocketImpl(fd=30, addr=[spark2-ring]:38462, remote=[spark0-ring]:29536): Broken pipe
Exception raised from sendBytes at /pytorch/torch/csrc/distributed/c10d/Utils.hpp:653 (most recent call first):
frame #0: c10::Error::Error(c10::SourceLocation, std::__cxx11::basic_string<char, std::char_traits<char>, std::allocator<char> >) + 0xc8 (0xfa2a101f66e8 in /usr/local/lib/python3.12/dist-packages/torch/lib/libc10.so)
frame #1: <unknown function> + 0x66f513c (0xfa2a2c45513c in /usr/local/lib/python3.12/dist-packages/torch/lib/libtorch_cpu.so)
frame #2: c10d::TCPStore::check(std::vector<std::__cxx11::basic_string<char, std::char_traits<char>, std::allocator<char> >, std::allocator<std::__cxx11::basic_string<char, std::char_traits<char>, std::allocator<char> > > > const&) + 0x1a4 (0xfa2a2c45e294 in /usr/local/lib/python3.12/dist-packages/torch/lib/libtorch_cpu.so)
frame #3: c10d::ProcessGroupNCCL::HeartbeatMonitor::runLoop() + 0x380 (0xfa2a110ddb30 in /usr/local/lib/python3.12/dist-packages/torch/lib/libtorch_cuda.so)
frame #4: <unknown function> + 0xe1ae0 (0xfa2abf2e1ae0 in /usr/lib/aarch64-linux-gnu/libstdc++.so.6)
frame #5: <unknown function> + 0x8595c (0xfa2abffa595c in /usr/lib/aarch64-linux-gnu/libc.so.6)
frame #6: <unknown function> + 0xebb4c (0xfa2ac000bb4c in /usr/lib/aarch64-linux-gnu/libc.so.6)

[rank2]:[W522 08:43:58.201820238 ProcessGroupNCCL.cpp:1826] [PG ID 0 PG GUID 0 Rank 2] Failed to check the "should dump" flag on TCPStore, (maybe TCPStore server has shut down too early), with error: Broken pipe
[rank2]:[W522 08:43:59.202413239 TCPStore.cpp:106] [c10d] sendBytes failed on SocketImpl(fd=30, addr=[spark2-ring]:38462, remote=[spark0-ring]:29536): Broken pipe
Exception raised from sendBytes at /pytorch/torch/csrc/distributed/c10d/Utils.hpp:653 (most recent call first):
frame #0: c10::Error::Error(c10::SourceLocation, std::__cxx11::basic_string<char, std::char_traits<char>, std::allocator<char> >) + 0xc8 (0xfa2a101f66e8 in /usr/local/lib/python3.12/dist-packages/torch/lib/libc10.so)
frame #1: <unknown function> + 0x66f513c (0xfa2a2c45513c in /usr/local/lib/python3.12/dist-packages/torch/lib/libtorch_cpu.so)
frame #2: c10d::TCPStore::check(std::vector<std::__cxx11::basic_string<char, std::char_traits<char>, std::allocator<char> >, std::allocator<std::__cxx11::basic_string<char, std::char_traits<char>, std::allocator<char> > > > const&) + 0x1a4 (0xfa2a2c45e294 in /usr/local/lib/python3.12/dist-packages/torch/lib/libtorch_cpu.so)
frame #3: c10d::ProcessGroupNCCL::HeartbeatMonitor::runLoop() + 0x380 (0xfa2a110ddb30 in /usr/local/lib/python3.12/dist-packages/torch/lib/libtorch_cuda.so)
frame #4: <unknown function> + 0xe1ae0 (0xfa2abf2e1ae0 in /usr/lib/aarch64-linux-gnu/libstdc++.so.6)
frame #5: <unknown function> + 0x8595c (0xfa2abffa595c in /usr/lib/aarch64-linux-gnu/libc.so.6)
frame #6: <unknown function> + 0xebb4c (0xfa2ac000bb4c in /usr/lib/aarch64-linux-gnu/libc.so.6)

[rank2]:[W522 08:43:59.203323752 ProcessGroupNCCL.cpp:1826] [PG ID 0 PG GUID 0 Rank 2] Failed to check the "should dump" flag on TCPStore, (maybe TCPStore server has shut down too early), with error: Broken pipe
[rank2]:[W522 08:44:00.203449436 TCPStore.cpp:106] [c10d] sendBytes failed on SocketImpl(fd=30, addr=[spark2-ring]:38462, remote=[spark0-ring]:29536): Broken pipe
Exception raised from sendBytes at /pytorch/torch/csrc/distributed/c10d/Utils.hpp:653 (most recent call first):
frame #0: c10::Error::Error(c10::SourceLocation, std::__cxx11::basic_string<char, std::char_traits<char>, std::allocator<char> >) + 0xc8 (0xfa2a101f66e8 in /usr/local/lib/python3.12/dist-packages/torch/lib/libc10.so)
frame #1: <unknown function> + 0x66f513c (0xfa2a2c45513c in /usr/local/lib/python3.12/dist-packages/torch/lib/libtorch_cpu.so)
frame #2: c10d::TCPStore::check(std::vector<std::__cxx11::basic_string<char, std::char_traits<char>, std::allocator<char> >, std::allocator<std::__cxx11::basic_string<char, std::char_traits<char>, std::allocator<char> > > > const&) + 0x1a4 (0xfa2a2c45e294 in /usr/local/lib/python3.12/dist-packages/torch/lib/libtorch_cpu.so)
frame #3: c10d::ProcessGroupNCCL::HeartbeatMonitor::runLoop() + 0x380 (0xfa2a110ddb30 in /usr/local/lib/python3.12/dist-packages/torch/lib/libtorch_cuda.so)
frame #4: <unknown function> + 0xe1ae0 (0xfa2abf2e1ae0 in /usr/lib/aarch64-linux-gnu/libstdc++.so.6)
frame #5: <unknown function> + 0x8595c (0xfa2abffa595c in /usr/lib/aarch64-linux-gnu/libc.so.6)
frame #6: <unknown function> + 0xebb4c (0xfa2ac000bb4c in /usr/lib/aarch64-linux-gnu/libc.so.6)

[rank2]:[W522 08:44:00.204323804 ProcessGroupNCCL.cpp:1826] [PG ID 0 PG GUID 0 Rank 2] Failed to check the "should dump" flag on TCPStore, (maybe TCPStore server has shut down too early), with error: Broken pipe
[rank2]:[W522 08:44:01.204450139 TCPStore.cpp:106] [c10d] sendBytes failed on SocketImpl(fd=30, addr=[spark2-ring]:38462, remote=[spark0-ring]:29536): Broken pipe
Exception raised from sendBytes at /pytorch/torch/csrc/distributed/c10d/Utils.hpp:653 (most recent call first):
frame #0: c10::Error::Error(c10::SourceLocation, std::__cxx11::basic_string<char, std::char_traits<char>, std::allocator<char> >) + 0xc8 (0xfa2a101f66e8 in /usr/local/lib/python3.12/dist-packages/torch/lib/libc10.so)
frame #1: <unknown function> + 0x66f513c (0xfa2a2c45513c in /usr/local/lib/python3.12/dist-packages/torch/lib/libtorch_cpu.so)
frame #2: c10d::TCPStore::check(std::vector<std::__cxx11::basic_string<char, std::char_traits<char>, std::allocator<char> >, std::allocator<std::__cxx11::basic_string<char, std::char_traits<char>, std::allocator<char> > > > const&) + 0x1a4 (0xfa2a2c45e294 in /usr/local/lib/python3.12/dist-packages/torch/lib/libtorch_cpu.so)
frame #3: c10d::ProcessGroupNCCL::HeartbeatMonitor::runLoop() + 0x380 (0xfa2a110ddb30 in /usr/local/lib/python3.12/dist-packages/torch/lib/libtorch_cuda.so)
frame #4: <unknown function> + 0xe1ae0 (0xfa2abf2e1ae0 in /usr/lib/aarch64-linux-gnu/libstdc++.so.6)
frame #5: <unknown function> + 0x8595c (0xfa2abffa595c in /usr/lib/aarch64-linux-gnu/libc.so.6)
frame #6: <unknown function> + 0xebb4c (0xfa2ac000bb4c in /usr/lib/aarch64-linux-gnu/libc.so.6)

[rank2]:[W522 08:44:01.205320572 ProcessGroupNCCL.cpp:1826] [PG ID 0 PG GUID 0 Rank 2] Failed to check the "should dump" flag on TCPStore, (maybe TCPStore server has shut down too early), with error: Broken pipe
[rank2]:[W522 08:44:02.205443511 TCPStore.cpp:106] [c10d] sendBytes failed on SocketImpl(fd=30, addr=[spark2-ring]:38462, remote=[spark0-ring]:29536): Broken pipe
Exception raised from sendBytes at /pytorch/torch/csrc/distributed/c10d/Utils.hpp:653 (most recent call first):
frame #0: c10::Error::Error(c10::SourceLocation, std::__cxx11::basic_string<char, std::char_traits<char>, std::allocator<char> >) + 0xc8 (0xfa2a101f66e8 in /usr/local/lib/python3.12/dist-packages/torch/lib/libc10.so)
frame #1: <unknown function> + 0x66f513c (0xfa2a2c45513c in /usr/local/lib/python3.12/dist-packages/torch/lib/libtorch_cpu.so)
frame #2: c10d::TCPStore::check(std::vector<std::__cxx11::basic_string<char, std::char_traits<char>, std::allocator<char> >, std::allocator<std::__cxx11::basic_string<char, std::char_traits<char>, std::allocator<char> > > > const&) + 0x1a4 (0xfa2a2c45e294 in /usr/local/lib/python3.12/dist-packages/torch/lib/libtorch_cpu.so)
frame #3: c10d::ProcessGroupNCCL::HeartbeatMonitor::runLoop() + 0x380 (0xfa2a110ddb30 in /usr/local/lib/python3.12/dist-packages/torch/lib/libtorch_cuda.so)
frame #4: <unknown function> + 0xe1ae0 (0xfa2abf2e1ae0 in /usr/lib/aarch64-linux-gnu/libstdc++.so.6)
frame #5: <unknown function> + 0x8595c (0xfa2abffa595c in /usr/lib/aarch64-linux-gnu/libc.so.6)
frame #6: <unknown function> + 0xebb4c (0xfa2ac000bb4c in /usr/lib/aarch64-linux-gnu/libc.so.6)

[rank2]:[W522 08:44:02.206294088 ProcessGroupNCCL.cpp:1826] [PG ID 0 PG GUID 0 Rank 2] Failed to check the "should dump" flag on TCPStore, (maybe TCPStore server has shut down too early), with error: Broken pipe
[rank2]:[W522 08:44:03.206886206 TCPStore.cpp:106] [c10d] sendBytes failed on SocketImpl(fd=30, addr=[spark2-ring]:38462, remote=[spark0-ring]:29536): Broken pipe
Exception raised from sendBytes at /pytorch/torch/csrc/distributed/c10d/Utils.hpp:653 (most recent call first):
frame #0: c10::Error::Error(c10::SourceLocation, std::__cxx11::basic_string<char, std::char_traits<char>, std::allocator<char> >) + 0xc8 (0xfa2a101f66e8 in /usr/local/lib/python3.12/dist-packages/torch/lib/libc10.so)
frame #1: <unknown function> + 0x66f513c (0xfa2a2c45513c in /usr/local/lib/python3.12/dist-packages/torch/lib/libtorch_cpu.so)
frame #2: c10d::TCPStore::check(std::vector<std::__cxx11::basic_string<char, std::char_traits<char>, std::allocator<char> >, std::allocator<std::__cxx11::basic_string<char, std::char_traits<char>, std::allocator<char> > > > const&) + 0x1a4 (0xfa2a2c45e294 in /usr/local/lib/python3.12/dist-packages/torch/lib/libtorch_cpu.so)
frame #3: c10d::ProcessGroupNCCL::HeartbeatMonitor::runLoop() + 0x380 (0xfa2a110ddb30 in /usr/local/lib/python3.12/dist-packages/torch/lib/libtorch_cuda.so)
frame #4: <unknown function> + 0xe1ae0 (0xfa2abf2e1ae0 in /usr/lib/aarch64-linux-gnu/libstdc++.so.6)
frame #5: <unknown function> + 0x8595c (0xfa2abffa595c in /usr/lib/aarch64-linux-gnu/libc.so.6)
frame #6: <unknown function> + 0xebb4c (0xfa2ac000bb4c in /usr/lib/aarch64-linux-gnu/libc.so.6)

[rank2]:[W522 08:44:03.207833823 ProcessGroupNCCL.cpp:1826] [PG ID 0 PG GUID 0 Rank 2] Failed to check the "should dump" flag on TCPStore, (maybe TCPStore server has shut down too early), with error: Broken pipe
[rank2]:[W522 08:44:04.207958175 TCPStore.cpp:106] [c10d] sendBytes failed on SocketImpl(fd=30, addr=[spark2-ring]:38462, remote=[spark0-ring]:29536): Broken pipe
Exception raised from sendBytes at /pytorch/torch/csrc/distributed/c10d/Utils.hpp:653 (most recent call first):
frame #0: c10::Error::Error(c10::SourceLocation, std::__cxx11::basic_string<char, std::char_traits<char>, std::allocator<char> >) + 0xc8 (0xfa2a101f66e8 in /usr/local/lib/python3.12/dist-packages/torch/lib/libc10.so)
frame #1: <unknown function> + 0x66f513c (0xfa2a2c45513c in /usr/local/lib/python3.12/dist-packages/torch/lib/libtorch_cpu.so)
frame #2: c10d::TCPStore::check(std::vector<std::__cxx11::basic_string<char, std::char_traits<char>, std::allocator<char> >, std::allocator<std::__cxx11::basic_string<char, std::char_traits<char>, std::allocator<char> > > > const&) + 0x1a4 (0xfa2a2c45e294 in /usr/local/lib/python3.12/dist-packages/torch/lib/libtorch_cpu.so)
frame #3: c10d::ProcessGroupNCCL::HeartbeatMonitor::runLoop() + 0x380 (0xfa2a110ddb30 in /usr/local/lib/python3.12/dist-packages/torch/lib/libtorch_cuda.so)
frame #4: <unknown function> + 0xe1ae0 (0xfa2abf2e1ae0 in /usr/lib/aarch64-linux-gnu/libstdc++.so.6)
frame #5: <unknown function> + 0x8595c (0xfa2abffa595c in /usr/lib/aarch64-linux-gnu/libc.so.6)
frame #6: <unknown function> + 0xebb4c (0xfa2ac000bb4c in /usr/lib/aarch64-linux-gnu/libc.so.6)

[rank2]:[W522 08:44:04.208825696 ProcessGroupNCCL.cpp:1826] [PG ID 0 PG GUID 0 Rank 2] Failed to check the "should dump" flag on TCPStore, (maybe TCPStore server has shut down too early), with error: Broken pipe
[rank2]:[W522 08:44:05.209415373 TCPStore.cpp:106] [c10d] sendBytes failed on SocketImpl(fd=30, addr=[spark2-ring]:38462, remote=[spark0-ring]:29536): Broken pipe
Exception raised from sendBytes at /pytorch/torch/csrc/distributed/c10d/Utils.hpp:653 (most recent call first):
frame #0: c10::Error::Error(c10::SourceLocation, std::__cxx11::basic_string<char, std::char_traits<char>, std::allocator<char> >) + 0xc8 (0xfa2a101f66e8 in /usr/local/lib/python3.12/dist-packages/torch/lib/libc10.so)
frame #1: <unknown function> + 0x66f513c (0xfa2a2c45513c in /usr/local/lib/python3.12/dist-packages/torch/lib/libtorch_cpu.so)
frame #2: c10d::TCPStore::check(std::vector<std::__cxx11::basic_string<char, std::char_traits<char>, std::allocator<char> >, std::allocator<std::__cxx11::basic_string<char, std::char_traits<char>, std::allocator<char> > > > const&) + 0x1a4 (0xfa2a2c45e294 in /usr/local/lib/python3.12/dist-packages/torch/lib/libtorch_cpu.so)
frame #3: c10d::ProcessGroupNCCL::HeartbeatMonitor::runLoop() + 0x380 (0xfa2a110ddb30 in /usr/local/lib/python3.12/dist-packages/torch/lib/libtorch_cuda.so)
frame #4: <unknown function> + 0xe1ae0 (0xfa2abf2e1ae0 in /usr/lib/aarch64-linux-gnu/libstdc++.so.6)
frame #5: <unknown function> + 0x8595c (0xfa2abffa595c in /usr/lib/aarch64-linux-gnu/libc.so.6)
frame #6: <unknown function> + 0xebb4c (0xfa2ac000bb4c in /usr/lib/aarch64-linux-gnu/libc.so.6)

[rank2]:[W522 08:44:05.210324078 ProcessGroupNCCL.cpp:1826] [PG ID 0 PG GUID 0 Rank 2] Failed to check the "should dump" flag on TCPStore, (maybe TCPStore server has shut down too early), with error: Broken pipe
[rank2]:[W522 08:44:06.210501014 TCPStore.cpp:106] [c10d] sendBytes failed on SocketImpl(fd=30, addr=[spark2-ring]:38462, remote=[spark0-ring]:29536): Broken pipe
Exception raised from sendBytes at /pytorch/torch/csrc/distributed/c10d/Utils.hpp:653 (most recent call first):
frame #0: c10::Error::Error(c10::SourceLocation, std::__cxx11::basic_string<char, std::char_traits<char>, std::allocator<char> >) + 0xc8 (0xfa2a101f66e8 in /usr/local/lib/python3.12/dist-packages/torch/lib/libc10.so)
frame #1: <unknown function> + 0x66f513c (0xfa2a2c45513c in /usr/local/lib/python3.12/dist-packages/torch/lib/libtorch_cpu.so)
frame #2: c10d::TCPStore::check(std::vector<std::__cxx11::basic_string<char, std::char_traits<char>, std::allocator<char> >, std::allocator<std::__cxx11::basic_string<char, std::char_traits<char>, std::allocator<char> > > > const&) + 0x1a4 (0xfa2a2c45e294 in /usr/local/lib/python3.12/dist-packages/torch/lib/libtorch_cpu.so)
frame #3: c10d::ProcessGroupNCCL::HeartbeatMonitor::runLoop() + 0x380 (0xfa2a110ddb30 in /usr/local/lib/python3.12/dist-packages/torch/lib/libtorch_cuda.so)
frame #4: <unknown function> + 0xe1ae0 (0xfa2abf2e1ae0 in /usr/lib/aarch64-linux-gnu/libstdc++.so.6)
frame #5: <unknown function> + 0x8595c (0xfa2abffa595c in /usr/lib/aarch64-linux-gnu/libc.so.6)
frame #6: <unknown function> + 0xebb4c (0xfa2ac000bb4c in /usr/lib/aarch64-linux-gnu/libc.so.6)

[rank2]:[W522 08:44:06.211423014 ProcessGroupNCCL.cpp:1826] [PG ID 0 PG GUID 0 Rank 2] Failed to check the "should dump" flag on TCPStore, (maybe TCPStore server has shut down too early), with error: Broken pipe
[rank2]:[W522 08:44:07.211999337 TCPStore.cpp:106] [c10d] sendBytes failed on SocketImpl(fd=30, addr=[spark2-ring]:38462, remote=[spark0-ring]:29536): Broken pipe
Exception raised from sendBytes at /pytorch/torch/csrc/distributed/c10d/Utils.hpp:653 (most recent call first):
frame #0: c10::Error::Error(c10::SourceLocation, std::__cxx11::basic_string<char, std::char_traits<char>, std::allocator<char> >) + 0xc8 (0xfa2a101f66e8 in /usr/local/lib/python3.12/dist-packages/torch/lib/libc10.so)
frame #1: <unknown function> + 0x66f513c (0xfa2a2c45513c in /usr/local/lib/python3.12/dist-packages/torch/lib/libtorch_cpu.so)
frame #2: c10d::TCPStore::check(std::vector<std::__cxx11::basic_string<char, std::char_traits<char>, std::allocator<char> >, std::allocator<std::__cxx11::basic_string<char, std::char_traits<char>, std::allocator<char> > > > const&) + 0x1a4 (0xfa2a2c45e294 in /usr/local/lib/python3.12/dist-packages/torch/lib/libtorch_cpu.so)
frame #3: c10d::ProcessGroupNCCL::HeartbeatMonitor::runLoop() + 0x380 (0xfa2a110ddb30 in /usr/local/lib/python3.12/dist-packages/torch/lib/libtorch_cuda.so)
frame #4: <unknown function> + 0xe1ae0 (0xfa2abf2e1ae0 in /usr/lib/aarch64-linux-gnu/libstdc++.so.6)
frame #5: <unknown function> + 0x8595c (0xfa2abffa595c in /usr/lib/aarch64-linux-gnu/libc.so.6)
frame #6: <unknown function> + 0xebb4c (0xfa2ac000bb4c in /usr/lib/aarch64-linux-gnu/libc.so.6)

[rank2]:[W522 08:44:07.212921562 ProcessGroupNCCL.cpp:1826] [PG ID 0 PG GUID 0 Rank 2] Failed to check the "should dump" flag on TCPStore, (maybe TCPStore server has shut down too early), with error: Broken pipe
[rank2]:[W522 08:44:08.213499257 TCPStore.cpp:106] [c10d] sendBytes failed on SocketImpl(fd=30, addr=[spark2-ring]:38462, remote=[spark0-ring]:29536): Broken pipe
Exception raised from sendBytes at /pytorch/torch/csrc/distributed/c10d/Utils.hpp:653 (most recent call first):
frame #0: c10::Error::Error(c10::SourceLocation, std::__cxx11::basic_string<char, std::char_traits<char>, std::allocator<char> >) + 0xc8 (0xfa2a101f66e8 in /usr/local/lib/python3.12/dist-packages/torch/lib/libc10.so)
frame #1: <unknown function> + 0x66f513c (0xfa2a2c45513c in /usr/local/lib/python3.12/dist-packages/torch/lib/libtorch_cpu.so)
frame #2: c10d::TCPStore::check(std::vector<std::__cxx11::basic_string<char, std::char_traits<char>, std::allocator<char> >, std::allocator<std::__cxx11::basic_string<char, std::char_traits<char>, std::allocator<char> > > > const&) + 0x1a4 (0xfa2a2c45e294 in /usr/local/lib/python3.12/dist-packages/torch/lib/libtorch_cpu.so)
frame #3: c10d::ProcessGroupNCCL::HeartbeatMonitor::runLoop() + 0x380 (0xfa2a110ddb30 in /usr/local/lib/python3.12/dist-packages/torch/lib/libtorch_cuda.so)
frame #4: <unknown function> + 0xe1ae0 (0xfa2abf2e1ae0 in /usr/lib/aarch64-linux-gnu/libstdc++.so.6)
frame #5: <unknown function> + 0x8595c (0xfa2abffa595c in /usr/lib/aarch64-linux-gnu/libc.so.6)
frame #6: <unknown function> + 0xebb4c (0xfa2ac000bb4c in /usr/lib/aarch64-linux-gnu/libc.so.6)

[rank2]:[W522 08:44:08.214364697 ProcessGroupNCCL.cpp:1826] [PG ID 0 PG GUID 0 Rank 2] Failed to check the "should dump" flag on TCPStore, (maybe TCPStore server has shut down too early), with error: Broken pipe
[rank2]:[W522 08:44:09.214488739 TCPStore.cpp:106] [c10d] sendBytes failed on SocketImpl(fd=30, addr=[spark2-ring]:38462, remote=[spark0-ring]:29536): Broken pipe
Exception raised from sendBytes at /pytorch/torch/csrc/distributed/c10d/Utils.hpp:653 (most recent call first):
frame #0: c10::Error::Error(c10::SourceLocation, std::__cxx11::basic_string<char, std::char_traits<char>, std::allocator<char> >) + 0xc8 (0xfa2a101f66e8 in /usr/local/lib/python3.12/dist-packages/torch/lib/libc10.so)
frame #1: <unknown function> + 0x66f513c (0xfa2a2c45513c in /usr/local/lib/python3.12/dist-packages/torch/lib/libtorch_cpu.so)
frame #2: c10d::TCPStore::check(std::vector<std::__cxx11::basic_string<char, std::char_traits<char>, std::allocator<char> >, std::allocator<std::__cxx11::basic_string<char, std::char_traits<char>, std::allocator<char> > > > const&) + 0x1a4 (0xfa2a2c45e294 in /usr/local/lib/python3.12/dist-packages/torch/lib/libtorch_cpu.so)
frame #3: c10d::ProcessGroupNCCL::HeartbeatMonitor::runLoop() + 0x380 (0xfa2a110ddb30 in /usr/local/lib/python3.12/dist-packages/torch/lib/libtorch_cuda.so)
frame #4: <unknown function> + 0xe1ae0 (0xfa2abf2e1ae0 in /usr/lib/aarch64-linux-gnu/libstdc++.so.6)
frame #5: <unknown function> + 0x8595c (0xfa2abffa595c in /usr/lib/aarch64-linux-gnu/libc.so.6)
frame #6: <unknown function> + 0xebb4c (0xfa2ac000bb4c in /usr/lib/aarch64-linux-gnu/libc.so.6)

[rank2]:[W522 08:44:09.215361235 ProcessGroupNCCL.cpp:1826] [PG ID 0 PG GUID 0 Rank 2] Failed to check the "should dump" flag on TCPStore, (maybe TCPStore server has shut down too early), with error: Broken pipe
[rank2]:[W522 08:44:10.215888200 TCPStore.cpp:106] [c10d] sendBytes failed on SocketImpl(fd=30, addr=[spark2-ring]:38462, remote=[spark0-ring]:29536): Broken pipe
Exception raised from sendBytes at /pytorch/torch/csrc/distributed/c10d/Utils.hpp:653 (most recent call first):
frame #0: c10::Error::Error(c10::SourceLocation, std::__cxx11::basic_string<char, std::char_traits<char>, std::allocator<char> >) + 0xc8 (0xfa2a101f66e8 in /usr/local/lib/python3.12/dist-packages/torch/lib/libc10.so)
frame #1: <unknown function> + 0x66f513c (0xfa2a2c45513c in /usr/local/lib/python3.12/dist-packages/torch/lib/libtorch_cpu.so)
frame #2: c10d::TCPStore::check(std::vector<std::__cxx11::basic_string<char, std::char_traits<char>, std::allocator<char> >, std::allocator<std::__cxx11::basic_string<char, std::char_traits<char>, std::allocator<char> > > > const&) + 0x1a4 (0xfa2a2c45e294 in /usr/local/lib/python3.12/dist-packages/torch/lib/libtorch_cpu.so)
frame #3: c10d::ProcessGroupNCCL::HeartbeatMonitor::runLoop() + 0x380 (0xfa2a110ddb30 in /usr/local/lib/python3.12/dist-packages/torch/lib/libtorch_cuda.so)
frame #4: <unknown function> + 0xe1ae0 (0xfa2abf2e1ae0 in /usr/lib/aarch64-linux-gnu/libstdc++.so.6)
frame #5: <unknown function> + 0x8595c (0xfa2abffa595c in /usr/lib/aarch64-linux-gnu/libc.so.6)
frame #6: <unknown function> + 0xebb4c (0xfa2ac000bb4c in /usr/lib/aarch64-linux-gnu/libc.so.6)

[rank2]:[W522 08:44:10.216817321 ProcessGroupNCCL.cpp:1826] [PG ID 0 PG GUID 0 Rank 2] Failed to check the "should dump" flag on TCPStore, (maybe TCPStore server has shut down too early), with error: Broken pipe
[rank2]:[W522 08:44:11.216944170 TCPStore.cpp:106] [c10d] sendBytes failed on SocketImpl(fd=30, addr=[spark2-ring]:38462, remote=[spark0-ring]:29536): Broken pipe
Exception raised from sendBytes at /pytorch/torch/csrc/distributed/c10d/Utils.hpp:653 (most recent call first):
frame #0: c10::Error::Error(c10::SourceLocation, std::__cxx11::basic_string<char, std::char_traits<char>, std::allocator<char> >) + 0xc8 (0xfa2a101f66e8 in /usr/local/lib/python3.12/dist-packages/torch/lib/libc10.so)
frame #1: <unknown function> + 0x66f513c (0xfa2a2c45513c in /usr/local/lib/python3.12/dist-packages/torch/lib/libtorch_cpu.so)
frame #2: c10d::TCPStore::check(std::vector<std::__cxx11::basic_string<char, std::char_traits<char>, std::allocator<char> >, std::allocator<std::__cxx11::basic_string<char, std::char_traits<char>, std::allocator<char> > > > const&) + 0x1a4 (0xfa2a2c45e294 in /usr/local/lib/python3.12/dist-packages/torch/lib/libtorch_cpu.so)
frame #3: c10d::ProcessGroupNCCL::HeartbeatMonitor::runLoop() + 0x380 (0xfa2a110ddb30 in /usr/local/lib/python3.12/dist-packages/torch/lib/libtorch_cuda.so)
frame #4: <unknown function> + 0xe1ae0 (0xfa2abf2e1ae0 in /usr/lib/aarch64-linux-gnu/libstdc++.so.6)
frame #5: <unknown function> + 0x8595c (0xfa2abffa595c in /usr/lib/aarch64-linux-gnu/libc.so.6)
frame #6: <unknown function> + 0xebb4c (0xfa2ac000bb4c in /usr/lib/aarch64-linux-gnu/libc.so.6)

[rank2]:[W522 08:44:11.217811434 ProcessGroupNCCL.cpp:1826] [PG ID 0 PG GUID 0 Rank 2] Failed to check the "should dump" flag on TCPStore, (maybe TCPStore server has shut down too early), with error: Broken pipe
[rank2]:[W522 08:44:12.218409622 TCPStore.cpp:106] [c10d] sendBytes failed on SocketImpl(fd=30, addr=[spark2-ring]:38462, remote=[spark0-ring]:29536): Broken pipe
Exception raised from sendBytes at /pytorch/torch/csrc/distributed/c10d/Utils.hpp:653 (most recent call first):
frame #0: c10::Error::Error(c10::SourceLocation, std::__cxx11::basic_string<char, std::char_traits<char>, std::allocator<char> >) + 0xc8 (0xfa2a101f66e8 in /usr/local/lib/python3.12/dist-packages/torch/lib/libc10.so)
frame #1: <unknown function> + 0x66f513c (0xfa2a2c45513c in /usr/local/lib/python3.12/dist-packages/torch/lib/libtorch_cpu.so)
frame #2: c10d::TCPStore::check(std::vector<std::__cxx11::basic_string<char, std::char_traits<char>, std::allocator<char> >, std::allocator<std::__cxx11::basic_string<char, std::char_traits<char>, std::allocator<char> > > > const&) + 0x1a4 (0xfa2a2c45e294 in /usr/local/lib/python3.12/dist-packages/torch/lib/libtorch_cpu.so)
frame #3: c10d::ProcessGroupNCCL::HeartbeatMonitor::runLoop() + 0x380 (0xfa2a110ddb30 in /usr/local/lib/python3.12/dist-packages/torch/lib/libtorch_cuda.so)
frame #4: <unknown function> + 0xe1ae0 (0xfa2abf2e1ae0 in /usr/lib/aarch64-linux-gnu/libstdc++.so.6)
frame #5: <unknown function> + 0x8595c (0xfa2abffa595c in /usr/lib/aarch64-linux-gnu/libc.so.6)
frame #6: <unknown function> + 0xebb4c (0xfa2ac000bb4c in /usr/lib/aarch64-linux-gnu/libc.so.6)

[rank2]:[W522 08:44:12.219327639 ProcessGroupNCCL.cpp:1826] [PG ID 0 PG GUID 0 Rank 2] Failed to check the "should dump" flag on TCPStore, (maybe TCPStore server has shut down too early), with error: Broken pipe
[rank2]:[W522 08:44:13.219503918 TCPStore.cpp:106] [c10d] sendBytes failed on SocketImpl(fd=30, addr=[spark2-ring]:38462, remote=[spark0-ring]:29536): Broken pipe
Exception raised from sendBytes at /pytorch/torch/csrc/distributed/c10d/Utils.hpp:653 (most recent call first):
frame #0: c10::Error::Error(c10::SourceLocation, std::__cxx11::basic_string<char, std::char_traits<char>, std::allocator<char> >) + 0xc8 (0xfa2a101f66e8 in /usr/local/lib/python3.12/dist-packages/torch/lib/libc10.so)
frame #1: <unknown function> + 0x66f513c (0xfa2a2c45513c in /usr/local/lib/python3.12/dist-packages/torch/lib/libtorch_cpu.so)
frame #2: c10d::TCPStore::check(std::vector<std::__cxx11::basic_string<char, std::char_traits<char>, std::allocator<char> >, std::allocator<std::__cxx11::basic_string<char, std::char_traits<char>, std::allocator<char> > > > const&) + 0x1a4 (0xfa2a2c45e294 in /usr/local/lib/python3.12/dist-packages/torch/lib/libtorch_cpu.so)
frame #3: c10d::ProcessGroupNCCL::HeartbeatMonitor::runLoop() + 0x380 (0xfa2a110ddb30 in /usr/local/lib/python3.12/dist-packages/torch/lib/libtorch_cuda.so)
frame #4: <unknown function> + 0xe1ae0 (0xfa2abf2e1ae0 in /usr/lib/aarch64-linux-gnu/libstdc++.so.6)
frame #5: <unknown function> + 0x8595c (0xfa2abffa595c in /usr/lib/aarch64-linux-gnu/libc.so.6)
frame #6: <unknown function> + 0xebb4c (0xfa2ac000bb4c in /usr/lib/aarch64-linux-gnu/libc.so.6)

[rank2]:[W522 08:44:13.220440366 ProcessGroupNCCL.cpp:1826] [PG ID 0 PG GUID 0 Rank 2] Failed to check the "should dump" flag on TCPStore, (maybe TCPStore server has shut down too early), with error: Broken pipe
[rank2]:[W522 08:44:14.221045297 TCPStore.cpp:106] [c10d] sendBytes failed on SocketImpl(fd=30, addr=[spark2-ring]:38462, remote=[spark0-ring]:29536): Broken pipe
Exception raised from sendBytes at /pytorch/torch/csrc/distributed/c10d/Utils.hpp:653 (most recent call first):
frame #0: c10::Error::Error(c10::SourceLocation, std::__cxx11::basic_string<char, std::char_traits<char>, std::allocator<char> >) + 0xc8 (0xfa2a101f66e8 in /usr/local/lib/python3.12/dist-packages/torch/lib/libc10.so)
frame #1: <unknown function> + 0x66f513c (0xfa2a2c45513c in /usr/local/lib/python3.12/dist-packages/torch/lib/libtorch_cpu.so)
frame #2: c10d::TCPStore::check(std::vector<std::__cxx11::basic_string<char, std::char_traits<char>, std::allocator<char> >, std::allocator<std::__cxx11::basic_string<char, std::char_traits<char>, std::allocator<char> > > > const&) + 0x1a4 (0xfa2a2c45e294 in /usr/local/lib/python3.12/dist-packages/torch/lib/libtorch_cpu.so)
frame #3: c10d::ProcessGroupNCCL::HeartbeatMonitor::runLoop() + 0x380 (0xfa2a110ddb30 in /usr/local/lib/python3.12/dist-packages/torch/lib/libtorch_cuda.so)
frame #4: <unknown function> + 0xe1ae0 (0xfa2abf2e1ae0 in /usr/lib/aarch64-linux-gnu/libstdc++.so.6)
frame #5: <unknown function> + 0x8595c (0xfa2abffa595c in /usr/lib/aarch64-linux-gnu/libc.so.6)
frame #6: <unknown function> + 0xebb4c (0xfa2ac000bb4c in /usr/lib/aarch64-linux-gnu/libc.so.6)

[rank2]:[W522 08:44:14.221954738 ProcessGroupNCCL.cpp:1826] [PG ID 0 PG GUID 0 Rank 2] Failed to check the "should dump" flag on TCPStore, (maybe TCPStore server has shut down too early), with error: Broken pipe
[rank2]:[W522 08:44:15.222547120 TCPStore.cpp:106] [c10d] sendBytes failed on SocketImpl(fd=30, addr=[spark2-ring]:38462, remote=[spark0-ring]:29536): Broken pipe
Exception raised from sendBytes at /pytorch/torch/csrc/distributed/c10d/Utils.hpp:653 (most recent call first):
frame #0: c10::Error::Error(c10::SourceLocation, std::__cxx11::basic_string<char, std::char_traits<char>, std::allocator<char> >) + 0xc8 (0xfa2a101f66e8 in /usr/local/lib/python3.12/dist-packages/torch/lib/libc10.so)
frame #1: <unknown function> + 0x66f513c (0xfa2a2c45513c in /usr/local/lib/python3.12/dist-packages/torch/lib/libtorch_cpu.so)
frame #2: c10d::TCPStore::check(std::vector<std::__cxx11::basic_string<char, std::char_traits<char>, std::allocator<char> >, std::allocator<std::__cxx11::basic_string<char, std::char_traits<char>, std::allocator<char> > > > const&) + 0x1a4 (0xfa2a2c45e294 in /usr/local/lib/python3.12/dist-packages/torch/lib/libtorch_cpu.so)
frame #3: c10d::ProcessGroupNCCL::HeartbeatMonitor::runLoop() + 0x380 (0xfa2a110ddb30 in /usr/local/lib/python3.12/dist-packages/torch/lib/libtorch_cuda.so)
frame #4: <unknown function> + 0xe1ae0 (0xfa2abf2e1ae0 in /usr/lib/aarch64-linux-gnu/libstdc++.so.6)
frame #5: <unknown function> + 0x8595c (0xfa2abffa595c in /usr/lib/aarch64-linux-gnu/libc.so.6)
frame #6: <unknown function> + 0xebb4c (0xfa2ac000bb4c in /usr/lib/aarch64-linux-gnu/libc.so.6)

[rank2]:[W522 08:44:15.223443937 ProcessGroupNCCL.cpp:1826] [PG ID 0 PG GUID 0 Rank 2] Failed to check the "should dump" flag on TCPStore, (maybe TCPStore server has shut down too early), with error: Broken pipe
[rank2]:[W522 08:44:16.224458394 TCPStore.cpp:106] [c10d] sendBytes failed on SocketImpl(fd=30, addr=[spark2-ring]:38462, remote=[spark0-ring]:29536): Broken pipe
Exception raised from sendBytes at /pytorch/torch/csrc/distributed/c10d/Utils.hpp:653 (most recent call first):
frame #0: c10::Error::Error(c10::SourceLocation, std::__cxx11::basic_string<char, std::char_traits<char>, std::allocator<char> >) + 0xc8 (0xfa2a101f66e8 in /usr/local/lib/python3.12/dist-packages/torch/lib/libc10.so)
frame #1: <unknown function> + 0x66f513c (0xfa2a2c45513c in /usr/local/lib/python3.12/dist-packages/torch/lib/libtorch_cpu.so)
frame #2: c10d::TCPStore::check(std::vector<std::__cxx11::basic_string<char, std::char_traits<char>, std::allocator<char> >, std::allocator<std::__cxx11::basic_string<char, std::char_traits<char>, std::allocator<char> > > > const&) + 0x1a4 (0xfa2a2c45e294 in /usr/local/lib/python3.12/dist-packages/torch/lib/libtorch_cpu.so)
frame #3: c10d::ProcessGroupNCCL::HeartbeatMonitor::runLoop() + 0x380 (0xfa2a110ddb30 in /usr/local/lib/python3.12/dist-packages/torch/lib/libtorch_cuda.so)
frame #4: <unknown function> + 0xe1ae0 (0xfa2abf2e1ae0 in /usr/lib/aarch64-linux-gnu/libstdc++.so.6)
frame #5: <unknown function> + 0x8595c (0xfa2abffa595c in /usr/lib/aarch64-linux-gnu/libc.so.6)
frame #6: <unknown function> + 0xebb4c (0xfa2ac000bb4c in /usr/lib/aarch64-linux-gnu/libc.so.6)

[rank2]:[W522 08:44:16.225366091 ProcessGroupNCCL.cpp:1826] [PG ID 0 PG GUID 0 Rank 2] Failed to check the "should dump" flag on TCPStore, (maybe TCPStore server has shut down too early), with error: Broken pipe
[rank2]:[W522 08:44:17.225477680 TCPStore.cpp:106] [c10d] sendBytes failed on SocketImpl(fd=30, addr=[spark2-ring]:38462, remote=[spark0-ring]:29536): Broken pipe
Exception raised from sendBytes at /pytorch/torch/csrc/distributed/c10d/Utils.hpp:653 (most recent call first):
frame #0: c10::Error::Error(c10::SourceLocation, std::__cxx11::basic_string<char, std::char_traits<char>, std::allocator<char> >) + 0xc8 (0xfa2a101f66e8 in /usr/local/lib/python3.12/dist-packages/torch/lib/libc10.so)
frame #1: <unknown function> + 0x66f513c (0xfa2a2c45513c in /usr/local/lib/python3.12/dist-packages/torch/lib/libtorch_cpu.so)
frame #2: c10d::TCPStore::check(std::vector<std::__cxx11::basic_string<char, std::char_traits<char>, std::allocator<char> >, std::allocator<std::__cxx11::basic_string<char, std::char_traits<char>, std::allocator<char> > > > const&) + 0x1a4 (0xfa2a2c45e294 in /usr/local/lib/python3.12/dist-packages/torch/lib/libtorch_cpu.so)
frame #3: c10d::ProcessGroupNCCL::HeartbeatMonitor::runLoop() + 0x380 (0xfa2a110ddb30 in /usr/local/lib/python3.12/dist-packages/torch/lib/libtorch_cuda.so)
frame #4: <unknown function> + 0xe1ae0 (0xfa2abf2e1ae0 in /usr/lib/aarch64-linux-gnu/libstdc++.so.6)
frame #5: <unknown function> + 0x8595c (0xfa2abffa595c in /usr/lib/aarch64-linux-gnu/libc.so.6)
frame #6: <unknown function> + 0xebb4c (0xfa2ac000bb4c in /usr/lib/aarch64-linux-gnu/libc.so.6)

[rank2]:[W522 08:44:17.226335057 ProcessGroupNCCL.cpp:1826] [PG ID 0 PG GUID 0 Rank 2] Failed to check the "should dump" flag on TCPStore, (maybe TCPStore server has shut down too early), with error: Broken pipe
[rank2]:[W522 08:44:18.226917793 TCPStore.cpp:106] [c10d] sendBytes failed on SocketImpl(fd=30, addr=[spark2-ring]:38462, remote=[spark0-ring]:29536): Broken pipe
Exception raised from sendBytes at /pytorch/torch/csrc/distributed/c10d/Utils.hpp:653 (most recent call first):
frame #0: c10::Error::Error(c10::SourceLocation, std::__cxx11::basic_string<char, std::char_traits<char>, std::allocator<char> >) + 0xc8 (0xfa2a101f66e8 in /usr/local/lib/python3.12/dist-packages/torch/lib/libc10.so)
frame #1: <unknown function> + 0x66f513c (0xfa2a2c45513c in /usr/local/lib/python3.12/dist-packages/torch/lib/libtorch_cpu.so)
frame #2: c10d::TCPStore::check(std::vector<std::__cxx11::basic_string<char, std::char_traits<char>, std::allocator<char> >, std::allocator<std::__cxx11::basic_string<char, std::char_traits<char>, std::allocator<char> > > > const&) + 0x1a4 (0xfa2a2c45e294 in /usr/local/lib/python3.12/dist-packages/torch/lib/libtorch_cpu.so)
frame #3: c10d::ProcessGroupNCCL::HeartbeatMonitor::runLoop() + 0x380 (0xfa2a110ddb30 in /usr/local/lib/python3.12/dist-packages/torch/lib/libtorch_cuda.so)
frame #4: <unknown function> + 0xe1ae0 (0xfa2abf2e1ae0 in /usr/lib/aarch64-linux-gnu/libstdc++.so.6)
frame #5: <unknown function> + 0x8595c (0xfa2abffa595c in /usr/lib/aarch64-linux-gnu/libc.so.6)
frame #6: <unknown function> + 0xebb4c (0xfa2ac000bb4c in /usr/lib/aarch64-linux-gnu/libc.so.6)

[rank2]:[W522 08:44:18.227830338 ProcessGroupNCCL.cpp:1826] [PG ID 0 PG GUID 0 Rank 2] Failed to check the "should dump" flag on TCPStore, (maybe TCPStore server has shut down too early), with error: Broken pipe
[rank2]:[W522 08:44:19.228053277 TCPStore.cpp:106] [c10d] sendBytes failed on SocketImpl(fd=30, addr=[spark2-ring]:38462, remote=[spark0-ring]:29536): Broken pipe
Exception raised from sendBytes at /pytorch/torch/csrc/distributed/c10d/Utils.hpp:653 (most recent call first):
frame #0: c10::Error::Error(c10::SourceLocation, std::__cxx11::basic_string<char, std::char_traits<char>, std::allocator<char> >) + 0xc8 (0xfa2a101f66e8 in /usr/local/lib/python3.12/dist-packages/torch/lib/libc10.so)
frame #1: <unknown function> + 0x66f513c (0xfa2a2c45513c in /usr/local/lib/python3.12/dist-packages/torch/lib/libtorch_cpu.so)
frame #2: c10d::TCPStore::check(std::vector<std::__cxx11::basic_string<char, std::char_traits<char>, std::allocator<char> >, std::allocator<std::__cxx11::basic_string<char, std::char_traits<char>, std::allocator<char> > > > const&) + 0x1a4 (0xfa2a2c45e294 in /usr/local/lib/python3.12/dist-packages/torch/lib/libtorch_cpu.so)
frame #3: c10d::ProcessGroupNCCL::HeartbeatMonitor::runLoop() + 0x380 (0xfa2a110ddb30 in /usr/local/lib/python3.12/dist-packages/torch/lib/libtorch_cuda.so)
frame #4: <unknown function> + 0xe1ae0 (0xfa2abf2e1ae0 in /usr/lib/aarch64-linux-gnu/libstdc++.so.6)
frame #5: <unknown function> + 0x8595c (0xfa2abffa595c in /usr/lib/aarch64-linux-gnu/libc.so.6)
frame #6: <unknown function> + 0xebb4c (0xfa2ac000bb4c in /usr/lib/aarch64-linux-gnu/libc.so.6)

[rank2]:[W522 08:44:19.228923390 ProcessGroupNCCL.cpp:1826] [PG ID 0 PG GUID 0 Rank 2] Failed to check the "should dump" flag on TCPStore, (maybe TCPStore server has shut down too early), with error: Broken pipe
[rank2]:[W522 08:44:20.229514917 TCPStore.cpp:106] [c10d] sendBytes failed on SocketImpl(fd=30, addr=[spark2-ring]:38462, remote=[spark0-ring]:29536): Broken pipe
Exception raised from sendBytes at /pytorch/torch/csrc/distributed/c10d/Utils.hpp:653 (most recent call first):
frame #0: c10::Error::Error(c10::SourceLocation, std::__cxx11::basic_string<char, std::char_traits<char>, std::allocator<char> >) + 0xc8 (0xfa2a101f66e8 in /usr/local/lib/python3.12/dist-packages/torch/lib/libc10.so)
frame #1: <unknown function> + 0x66f513c (0xfa2a2c45513c in /usr/local/lib/python3.12/dist-packages/torch/lib/libtorch_cpu.so)
frame #2: c10d::TCPStore::check(std::vector<std::__cxx11::basic_string<char, std::char_traits<char>, std::allocator<char> >, std::allocator<std::__cxx11::basic_string<char, std::char_traits<char>, std::allocator<char> > > > const&) + 0x1a4 (0xfa2a2c45e294 in /usr/local/lib/python3.12/dist-packages/torch/lib/libtorch_cpu.so)
frame #3: c10d::ProcessGroupNCCL::HeartbeatMonitor::runLoop() + 0x380 (0xfa2a110ddb30 in /usr/local/lib/python3.12/dist-packages/torch/lib/libtorch_cuda.so)
frame #4: <unknown function> + 0xe1ae0 (0xfa2abf2e1ae0 in /usr/lib/aarch64-linux-gnu/libstdc++.so.6)
frame #5: <unknown function> + 0x8595c (0xfa2abffa595c in /usr/lib/aarch64-linux-gnu/libc.so.6)
frame #6: <unknown function> + 0xebb4c (0xfa2ac000bb4c in /usr/lib/aarch64-linux-gnu/libc.so.6)

[rank2]:[W522 08:44:20.230423654 ProcessGroupNCCL.cpp:1826] [PG ID 0 PG GUID 0 Rank 2] Failed to check the "should dump" flag on TCPStore, (maybe TCPStore server has shut down too early), with error: Broken pipe
[rank2]:[W522 08:44:21.230948409 TCPStore.cpp:106] [c10d] sendBytes failed on SocketImpl(fd=30, addr=[spark2-ring]:38462, remote=[spark0-ring]:29536): Broken pipe
Exception raised from sendBytes at /pytorch/torch/csrc/distributed/c10d/Utils.hpp:653 (most recent call first):
frame #0: c10::Error::Error(c10::SourceLocation, std::__cxx11::basic_string<char, std::char_traits<char>, std::allocator<char> >) + 0xc8 (0xfa2a101f66e8 in /usr/local/lib/python3.12/dist-packages/torch/lib/libc10.so)
frame #1: <unknown function> + 0x66f513c (0xfa2a2c45513c in /usr/local/lib/python3.12/dist-packages/torch/lib/libtorch_cpu.so)
frame #2: c10d::TCPStore::check(std::vector<std::__cxx11::basic_string<char, std::char_traits<char>, std::allocator<char> >, std::allocator<std::__cxx11::basic_string<char, std::char_traits<char>, std::allocator<char> > > > const&) + 0x1a4 (0xfa2a2c45e294 in /usr/local/lib/python3.12/dist-packages/torch/lib/libtorch_cpu.so)
frame #3: c10d::ProcessGroupNCCL::HeartbeatMonitor::runLoop() + 0x380 (0xfa2a110ddb30 in /usr/local/lib/python3.12/dist-packages/torch/lib/libtorch_cuda.so)
frame #4: <unknown function> + 0xe1ae0 (0xfa2abf2e1ae0 in /usr/lib/aarch64-linux-gnu/libstdc++.so.6)
frame #5: <unknown function> + 0x8595c (0xfa2abffa595c in /usr/lib/aarch64-linux-gnu/libc.so.6)
frame #6: <unknown function> + 0xebb4c (0xfa2ac000bb4c in /usr/lib/aarch64-linux-gnu/libc.so.6)

[rank2]:[W522 08:44:21.231823162 ProcessGroupNCCL.cpp:1826] [PG ID 0 PG GUID 0 Rank 2] Failed to check the "should dump" flag on TCPStore, (maybe TCPStore server has shut down too early), with error: Broken pipe
[rank2]:[W522 08:44:22.231947336 TCPStore.cpp:106] [c10d] sendBytes failed on SocketImpl(fd=30, addr=[spark2-ring]:38462, remote=[spark0-ring]:29536): Broken pipe
Exception raised from sendBytes at /pytorch/torch/csrc/distributed/c10d/Utils.hpp:653 (most recent call first):
frame #0: c10::Error::Error(c10::SourceLocation, std::__cxx11::basic_string<char, std::char_traits<char>, std::allocator<char> >) + 0xc8 (0xfa2a101f66e8 in /usr/local/lib/python3.12/dist-packages/torch/lib/libc10.so)
frame #1: <unknown function> + 0x66f513c (0xfa2a2c45513c in /usr/local/lib/python3.12/dist-packages/torch/lib/libtorch_cpu.so)
frame #2: c10d::TCPStore::check(std::vector<std::__cxx11::basic_string<char, std::char_traits<char>, std::allocator<char> >, std::allocator<std::__cxx11::basic_string<char, std::char_traits<char>, std::allocator<char> > > > const&) + 0x1a4 (0xfa2a2c45e294 in /usr/local/lib/python3.12/dist-packages/torch/lib/libtorch_cpu.so)
frame #3: c10d::ProcessGroupNCCL::HeartbeatMonitor::runLoop() + 0x380 (0xfa2a110ddb30 in /usr/local/lib/python3.12/dist-packages/torch/lib/libtorch_cuda.so)
frame #4: <unknown function> + 0xe1ae0 (0xfa2abf2e1ae0 in /usr/lib/aarch64-linux-gnu/libstdc++.so.6)
frame #5: <unknown function> + 0x8595c (0xfa2abffa595c in /usr/lib/aarch64-linux-gnu/libc.so.6)
frame #6: <unknown function> + 0xebb4c (0xfa2ac000bb4c in /usr/lib/aarch64-linux-gnu/libc.so.6)

[rank2]:[W522 08:44:22.232817544 ProcessGroupNCCL.cpp:1826] [PG ID 0 PG GUID 0 Rank 2] Failed to check the "should dump" flag on TCPStore, (maybe TCPStore server has shut down too early), with error: Broken pipe
[rank2]:[W522 08:44:23.233403314 TCPStore.cpp:106] [c10d] sendBytes failed on SocketImpl(fd=30, addr=[spark2-ring]:38462, remote=[spark0-ring]:29536): Broken pipe
Exception raised from sendBytes at /pytorch/torch/csrc/distributed/c10d/Utils.hpp:653 (most recent call first):
frame #0: c10::Error::Error(c10::SourceLocation, std::__cxx11::basic_string<char, std::char_traits<char>, std::allocator<char> >) + 0xc8 (0xfa2a101f66e8 in /usr/local/lib/python3.12/dist-packages/torch/lib/libc10.so)
frame #1: <unknown function> + 0x66f513c (0xfa2a2c45513c in /usr/local/lib/python3.12/dist-packages/torch/lib/libtorch_cpu.so)
frame #2: c10d::TCPStore::check(std::vector<std::__cxx11::basic_string<char, std::char_traits<char>, std::allocator<char> >, std::allocator<std::__cxx11::basic_string<char, std::char_traits<char>, std::allocator<char> > > > const&) + 0x1a4 (0xfa2a2c45e294 in /usr/local/lib/python3.12/dist-packages/torch/lib/libtorch_cpu.so)
frame #3: c10d::ProcessGroupNCCL::HeartbeatMonitor::runLoop() + 0x380 (0xfa2a110ddb30 in /usr/local/lib/python3.12/dist-packages/torch/lib/libtorch_cuda.so)
frame #4: <unknown function> + 0xe1ae0 (0xfa2abf2e1ae0 in /usr/lib/aarch64-linux-gnu/libstdc++.so.6)
frame #5: <unknown function> + 0x8595c (0xfa2abffa595c in /usr/lib/aarch64-linux-gnu/libc.so.6)
frame #6: <unknown function> + 0xebb4c (0xfa2ac000bb4c in /usr/lib/aarch64-linux-gnu/libc.so.6)

[rank2]:[W522 08:44:23.234313346 ProcessGroupNCCL.cpp:1826] [PG ID 0 PG GUID 0 Rank 2] Failed to check the "should dump" flag on TCPStore, (maybe TCPStore server has shut down too early), with error: Broken pipe
[rank2]:[W522 08:44:24.234907702 TCPStore.cpp:106] [c10d] sendBytes failed on SocketImpl(fd=30, addr=[spark2-ring]:38462, remote=[spark0-ring]:29536): Broken pipe
Exception raised from sendBytes at /pytorch/torch/csrc/distributed/c10d/Utils.hpp:653 (most recent call first):
frame #0: c10::Error::Error(c10::SourceLocation, std::__cxx11::basic_string<char, std::char_traits<char>, std::allocator<char> >) + 0xc8 (0xfa2a101f66e8 in /usr/local/lib/python3.12/dist-packages/torch/lib/libc10.so)
frame #1: <unknown function> + 0x66f513c (0xfa2a2c45513c in /usr/local/lib/python3.12/dist-packages/torch/lib/libtorch_cpu.so)
frame #2: c10d::TCPStore::check(std::vector<std::__cxx11::basic_string<char, std::char_traits<char>, std::allocator<char> >, std::allocator<std::__cxx11::basic_string<char, std::char_traits<char>, std::allocator<char> > > > const&) + 0x1a4 (0xfa2a2c45e294 in /usr/local/lib/python3.12/dist-packages/torch/lib/libtorch_cpu.so)
frame #3: c10d::ProcessGroupNCCL::HeartbeatMonitor::runLoop() + 0x380 (0xfa2a110ddb30 in /usr/local/lib/python3.12/dist-packages/torch/lib/libtorch_cuda.so)
frame #4: <unknown function> + 0xe1ae0 (0xfa2abf2e1ae0 in /usr/lib/aarch64-linux-gnu/libstdc++.so.6)
frame #5: <unknown function> + 0x8595c (0xfa2abffa595c in /usr/lib/aarch64-linux-gnu/libc.so.6)
frame #6: <unknown function> + 0xebb4c (0xfa2ac000bb4c in /usr/lib/aarch64-linux-gnu/libc.so.6)

[rank2]:[W522 08:44:24.235846918 ProcessGroupNCCL.cpp:1826] [PG ID 0 PG GUID 0 Rank 2] Failed to check the "should dump" flag on TCPStore, (maybe TCPStore server has shut down too early), with error: Broken pipe
[rank2]:[W522 08:44:25.236394455 TCPStore.cpp:106] [c10d] sendBytes failed on SocketImpl(fd=30, addr=[spark2-ring]:38462, remote=[spark0-ring]:29536): Broken pipe
Exception raised from sendBytes at /pytorch/torch/csrc/distributed/c10d/Utils.hpp:653 (most recent call first):
frame #0: c10::Error::Error(c10::SourceLocation, std::__cxx11::basic_string<char, std::char_traits<char>, std::allocator<char> >) + 0xc8 (0xfa2a101f66e8 in /usr/local/lib/python3.12/dist-packages/torch/lib/libc10.so)
frame #1: <unknown function> + 0x66f513c (0xfa2a2c45513c in /usr/local/lib/python3.12/dist-packages/torch/lib/libtorch_cpu.so)
frame #2: c10d::TCPStore::check(std::vector<std::__cxx11::basic_string<char, std::char_traits<char>, std::allocator<char> >, std::allocator<std::__cxx11::basic_string<char, std::char_traits<char>, std::allocator<char> > > > const&) + 0x1a4 (0xfa2a2c45e294 in /usr/local/lib/python3.12/dist-packages/torch/lib/libtorch_cpu.so)
frame #3: c10d::ProcessGroupNCCL::HeartbeatMonitor::runLoop() + 0x380 (0xfa2a110ddb30 in /usr/local/lib/python3.12/dist-packages/torch/lib/libtorch_cuda.so)
frame #4: <unknown function> + 0xe1ae0 (0xfa2abf2e1ae0 in /usr/lib/aarch64-linux-gnu/libstdc++.so.6)
frame #5: <unknown function> + 0x8595c (0xfa2abffa595c in /usr/lib/aarch64-linux-gnu/libc.so.6)
frame #6: <unknown function> + 0xebb4c (0xfa2ac000bb4c in /usr/lib/aarch64-linux-gnu/libc.so.6)

[rank2]:[W522 08:44:25.237254791 ProcessGroupNCCL.cpp:1826] [PG ID 0 PG GUID 0 Rank 2] Failed to check the "should dump" flag on TCPStore, (maybe TCPStore server has shut down too early), with error: Broken pipe
[rank2]:[W522 08:44:26.237842116 TCPStore.cpp:106] [c10d] sendBytes failed on SocketImpl(fd=30, addr=[spark2-ring]:38462, remote=[spark0-ring]:29536): Broken pipe
Exception raised from sendBytes at /pytorch/torch/csrc/distributed/c10d/Utils.hpp:653 (most recent call first):
frame #0: c10::Error::Error(c10::SourceLocation, std::__cxx11::basic_string<char, std::char_traits<char>, std::allocator<char> >) + 0xc8 (0xfa2a101f66e8 in /usr/local/lib/python3.12/dist-packages/torch/lib/libc10.so)
frame #1: <unknown function> + 0x66f513c (0xfa2a2c45513c in /usr/local/lib/python3.12/dist-packages/torch/lib/libtorch_cpu.so)
frame #2: c10d::TCPStore::check(std::vector<std::__cxx11::basic_string<char, std::char_traits<char>, std::allocator<char> >, std::allocator<std::__cxx11::basic_string<char, std::char_traits<char>, std::allocator<char> > > > const&) + 0x1a4 (0xfa2a2c45e294 in /usr/local/lib/python3.12/dist-packages/torch/lib/libtorch_cpu.so)
frame #3: c10d::ProcessGroupNCCL::HeartbeatMonitor::runLoop() + 0x380 (0xfa2a110ddb30 in /usr/local/lib/python3.12/dist-packages/torch/lib/libtorch_cuda.so)
frame #4: <unknown function> + 0xe1ae0 (0xfa2abf2e1ae0 in /usr/lib/aarch64-linux-gnu/libstdc++.so.6)
frame #5: <unknown function> + 0x8595c (0xfa2abffa595c in /usr/lib/aarch64-linux-gnu/libc.so.6)
frame #6: <unknown function> + 0xebb4c (0xfa2ac000bb4c in /usr/lib/aarch64-linux-gnu/libc.so.6)

[rank2]:[W522 08:44:26.238786516 ProcessGroupNCCL.cpp:1826] [PG ID 0 PG GUID 0 Rank 2] Failed to check the "should dump" flag on TCPStore, (maybe TCPStore server has shut down too early), with error: Broken pipe
[rank2]:[W522 08:44:27.238910779 TCPStore.cpp:106] [c10d] sendBytes failed on SocketImpl(fd=30, addr=[spark2-ring]:38462, remote=[spark0-ring]:29536): Broken pipe
Exception raised from sendBytes at /pytorch/torch/csrc/distributed/c10d/Utils.hpp:653 (most recent call first):
frame #0: c10::Error::Error(c10::SourceLocation, std::__cxx11::basic_string<char, std::char_traits<char>, std::allocator<char> >) + 0xc8 (0xfa2a101f66e8 in /usr/local/lib/python3.12/dist-packages/torch/lib/libc10.so)
frame #1: <unknown function> + 0x66f513c (0xfa2a2c45513c in /usr/local/lib/python3.12/dist-packages/torch/lib/libtorch_cpu.so)
frame #2: c10d::TCPStore::check(std::vector<std::__cxx11::basic_string<char, std::char_traits<char>, std::allocator<char> >, std::allocator<std::__cxx11::basic_string<char, std::char_traits<char>, std::allocator<char> > > > const&) + 0x1a4 (0xfa2a2c45e294 in /usr/local/lib/python3.12/dist-packages/torch/lib/libtorch_cpu.so)
frame #3: c10d::ProcessGroupNCCL::HeartbeatMonitor::runLoop() + 0x380 (0xfa2a110ddb30 in /usr/local/lib/python3.12/dist-packages/torch/lib/libtorch_cuda.so)
frame #4: <unknown function> + 0xe1ae0 (0xfa2abf2e1ae0 in /usr/lib/aarch64-linux-gnu/libstdc++.so.6)
frame #5: <unknown function> + 0x8595c (0xfa2abffa595c in /usr/lib/aarch64-linux-gnu/libc.so.6)
frame #6: <unknown function> + 0xebb4c (0xfa2ac000bb4c in /usr/lib/aarch64-linux-gnu/libc.so.6)

[rank2]:[W522 08:44:27.239791740 ProcessGroupNCCL.cpp:1826] [PG ID 0 PG GUID 0 Rank 2] Failed to check the "should dump" flag on TCPStore, (maybe TCPStore server has shut down too early), with error: Broken pipe
[rank2]:[W522 08:44:28.239915023 TCPStore.cpp:106] [c10d] sendBytes failed on SocketImpl(fd=30, addr=[spark2-ring]:38462, remote=[spark0-ring]:29536): Broken pipe
Exception raised from sendBytes at /pytorch/torch/csrc/distributed/c10d/Utils.hpp:653 (most recent call first):
frame #0: c10::Error::Error(c10::SourceLocation, std::__cxx11::basic_string<char, std::char_traits<char>, std::allocator<char> >) + 0xc8 (0xfa2a101f66e8 in /usr/local/lib/python3.12/dist-packages/torch/lib/libc10.so)
frame #1: <unknown function> + 0x66f513c (0xfa2a2c45513c in /usr/local/lib/python3.12/dist-packages/torch/lib/libtorch_cpu.so)
frame #2: c10d::TCPStore::check(std::vector<std::__cxx11::basic_string<char, std::char_traits<char>, std::allocator<char> >, std::allocator<std::__cxx11::basic_string<char, std::char_traits<char>, std::allocator<char> > > > const&) + 0x1a4 (0xfa2a2c45e294 in /usr/local/lib/python3.12/dist-packages/torch/lib/libtorch_cpu.so)
frame #3: c10d::ProcessGroupNCCL::HeartbeatMonitor::runLoop() + 0x380 (0xfa2a110ddb30 in /usr/local/lib/python3.12/dist-packages/torch/lib/libtorch_cuda.so)
frame #4: <unknown function> + 0xe1ae0 (0xfa2abf2e1ae0 in /usr/lib/aarch64-linux-gnu/libstdc++.so.6)
frame #5: <unknown function> + 0x8595c (0xfa2abffa595c in /usr/lib/aarch64-linux-gnu/libc.so.6)
frame #6: <unknown function> + 0xebb4c (0xfa2ac000bb4c in /usr/lib/aarch64-linux-gnu/libc.so.6)

[rank2]:[W522 08:44:28.240773471 ProcessGroupNCCL.cpp:1826] [PG ID 0 PG GUID 0 Rank 2] Failed to check the "should dump" flag on TCPStore, (maybe TCPStore server has shut down too early), with error: Broken pipe
[rank2]:[W522 08:44:29.241318094 TCPStore.cpp:106] [c10d] sendBytes failed on SocketImpl(fd=30, addr=[spark2-ring]:38462, remote=[spark0-ring]:29536): Broken pipe
Exception raised from sendBytes at /pytorch/torch/csrc/distributed/c10d/Utils.hpp:653 (most recent call first):
frame #0: c10::Error::Error(c10::SourceLocation, std::__cxx11::basic_string<char, std::char_traits<char>, std::allocator<char> >) + 0xc8 (0xfa2a101f66e8 in /usr/local/lib/python3.12/dist-packages/torch/lib/libc10.so)
frame #1: <unknown function> + 0x66f513c (0xfa2a2c45513c in /usr/local/lib/python3.12/dist-packages/torch/lib/libtorch_cpu.so)
frame #2: c10d::TCPStore::check(std::vector<std::__cxx11::basic_string<char, std::char_traits<char>, std::allocator<char> >, std::allocator<std::__cxx11::basic_string<char, std::char_traits<char>, std::allocator<char> > > > const&) + 0x1a4 (0xfa2a2c45e294 in /usr/local/lib/python3.12/dist-packages/torch/lib/libtorch_cpu.so)
frame #3: c10d::ProcessGroupNCCL::HeartbeatMonitor::runLoop() + 0x380 (0xfa2a110ddb30 in /usr/local/lib/python3.12/dist-packages/torch/lib/libtorch_cuda.so)
frame #4: <unknown function> + 0xe1ae0 (0xfa2abf2e1ae0 in /usr/lib/aarch64-linux-gnu/libstdc++.so.6)
frame #5: <unknown function> + 0x8595c (0xfa2abffa595c in /usr/lib/aarch64-linux-gnu/libc.so.6)
frame #6: <unknown function> + 0xebb4c (0xfa2ac000bb4c in /usr/lib/aarch64-linux-gnu/libc.so.6)

[rank2]:[W522 08:44:29.242251806 ProcessGroupNCCL.cpp:1826] [PG ID 0 PG GUID 0 Rank 2] Failed to check the "should dump" flag on TCPStore, (maybe TCPStore server has shut down too early), with error: Broken pipe
[rank2]:[W522 08:44:30.242623176 TCPStore.cpp:106] [c10d] sendBytes failed on SocketImpl(fd=30, addr=[spark2-ring]:38462, remote=[spark0-ring]:29536): Broken pipe
Exception raised from sendBytes at /pytorch/torch/csrc/distributed/c10d/Utils.hpp:653 (most recent call first):
frame #0: c10::Error::Error(c10::SourceLocation, std::__cxx11::basic_string<char, std::char_traits<char>, std::allocator<char> >) + 0xc8 (0xfa2a101f66e8 in /usr/local/lib/python3.12/dist-packages/torch/lib/libc10.so)
frame #1: <unknown function> + 0x66f513c (0xfa2a2c45513c in /usr/local/lib/python3.12/dist-packages/torch/lib/libtorch_cpu.so)
frame #2: c10d::TCPStore::check(std::vector<std::__cxx11::basic_string<char, std::char_traits<char>, std::allocator<char> >, std::allocator<std::__cxx11::basic_string<char, std::char_traits<char>, std::allocator<char> > > > const&) + 0x1a4 (0xfa2a2c45e294 in /usr/local/lib/python3.12/dist-packages/torch/lib/libtorch_cpu.so)
frame #3: c10d::ProcessGroupNCCL::HeartbeatMonitor::runLoop() + 0x380 (0xfa2a110ddb30 in /usr/local/lib/python3.12/dist-packages/torch/lib/libtorch_cuda.so)
frame #4: <unknown function> + 0xe1ae0 (0xfa2abf2e1ae0 in /usr/lib/aarch64-linux-gnu/libstdc++.so.6)
frame #5: <unknown function> + 0x8595c (0xfa2abffa595c in /usr/lib/aarch64-linux-gnu/libc.so.6)
frame #6: <unknown function> + 0xebb4c (0xfa2ac000bb4c in /usr/lib/aarch64-linux-gnu/libc.so.6)

[rank2]:[W522 08:44:30.243540472 ProcessGroupNCCL.cpp:1826] [PG ID 0 PG GUID 0 Rank 2] Failed to check the "should dump" flag on TCPStore, (maybe TCPStore server has shut down too early), with error: Broken pipe
[rank2]:[W522 08:44:31.244135773 TCPStore.cpp:106] [c10d] sendBytes failed on SocketImpl(fd=30, addr=[spark2-ring]:38462, remote=[spark0-ring]:29536): Broken pipe
Exception raised from sendBytes at /pytorch/torch/csrc/distributed/c10d/Utils.hpp:653 (most recent call first):
frame #0: c10::Error::Error(c10::SourceLocation, std::__cxx11::basic_string<char, std::char_traits<char>, std::allocator<char> >) + 0xc8 (0xfa2a101f66e8 in /usr/local/lib/python3.12/dist-packages/torch/lib/libc10.so)
frame #1: <unknown function> + 0x66f513c (0xfa2a2c45513c in /usr/local/lib/python3.12/dist-packages/torch/lib/libtorch_cpu.so)
frame #2: c10d::TCPStore::check(std::vector<std::__cxx11::basic_string<char, std::char_traits<char>, std::allocator<char> >, std::allocator<std::__cxx11::basic_string<char, std::char_traits<char>, std::allocator<char> > > > const&) + 0x1a4 (0xfa2a2c45e294 in /usr/local/lib/python3.12/dist-packages/torch/lib/libtorch_cpu.so)
frame #3: c10d::ProcessGroupNCCL::HeartbeatMonitor::runLoop() + 0x380 (0xfa2a110ddb30 in /usr/local/lib/python3.12/dist-packages/torch/lib/libtorch_cuda.so)
frame #4: <unknown function> + 0xe1ae0 (0xfa2abf2e1ae0 in /usr/lib/aarch64-linux-gnu/libstdc++.so.6)
frame #5: <unknown function> + 0x8595c (0xfa2abffa595c in /usr/lib/aarch64-linux-gnu/libc.so.6)
frame #6: <unknown function> + 0xebb4c (0xfa2ac000bb4c in /usr/lib/aarch64-linux-gnu/libc.so.6)

[rank2]:[W522 08:44:31.245086734 ProcessGroupNCCL.cpp:1826] [PG ID 0 PG GUID 0 Rank 2] Failed to check the "should dump" flag on TCPStore, (maybe TCPStore server has shut down too early), with error: Broken pipe
[rank2]:[W522 08:44:32.245589006 TCPStore.cpp:106] [c10d] sendBytes failed on SocketImpl(fd=30, addr=[spark2-ring]:38462, remote=[spark0-ring]:29536): Broken pipe
Exception raised from sendBytes at /pytorch/torch/csrc/distributed/c10d/Utils.hpp:653 (most recent call first):
frame #0: c10::Error::Error(c10::SourceLocation, std::__cxx11::basic_string<char, std::char_traits<char>, std::allocator<char> >) + 0xc8 (0xfa2a101f66e8 in /usr/local/lib/python3.12/dist-packages/torch/lib/libc10.so)
frame #1: <unknown function> + 0x66f513c (0xfa2a2c45513c in /usr/local/lib/python3.12/dist-packages/torch/lib/libtorch_cpu.so)
frame #2: c10d::TCPStore::check(std::vector<std::__cxx11::basic_string<char, std::char_traits<char>, std::allocator<char> >, std::allocator<std::__cxx11::basic_string<char, std::char_traits<char>, std::allocator<char> > > > const&) + 0x1a4 (0xfa2a2c45e294 in /usr/local/lib/python3.12/dist-packages/torch/lib/libtorch_cpu.so)
frame #3: c10d::ProcessGroupNCCL::HeartbeatMonitor::runLoop() + 0x380 (0xfa2a110ddb30 in /usr/local/lib/python3.12/dist-packages/torch/lib/libtorch_cuda.so)
frame #4: <unknown function> + 0xe1ae0 (0xfa2abf2e1ae0 in /usr/lib/aarch64-linux-gnu/libstdc++.so.6)
frame #5: <unknown function> + 0x8595c (0xfa2abffa595c in /usr/lib/aarch64-linux-gnu/libc.so.6)
frame #6: <unknown function> + 0xebb4c (0xfa2ac000bb4c in /usr/lib/aarch64-linux-gnu/libc.so.6)

[rank2]:[W522 08:44:32.246448271 ProcessGroupNCCL.cpp:1826] [PG ID 0 PG GUID 0 Rank 2] Failed to check the "should dump" flag on TCPStore, (maybe TCPStore server has shut down too early), with error: Broken pipe
[rank2]:[W522 08:44:33.247053580 TCPStore.cpp:106] [c10d] sendBytes failed on SocketImpl(fd=30, addr=[spark2-ring]:38462, remote=[spark0-ring]:29536): Broken pipe
Exception raised from sendBytes at /pytorch/torch/csrc/distributed/c10d/Utils.hpp:653 (most recent call first):
frame #0: c10::Error::Error(c10::SourceLocation, std::__cxx11::basic_string<char, std::char_traits<char>, std::allocator<char> >) + 0xc8 (0xfa2a101f66e8 in /usr/local/lib/python3.12/dist-packages/torch/lib/libc10.so)
frame #1: <unknown function> + 0x66f513c (0xfa2a2c45513c in /usr/local/lib/python3.12/dist-packages/torch/lib/libtorch_cpu.so)
frame #2: c10d::TCPStore::check(std::vector<std::__cxx11::basic_string<char, std::char_traits<char>, std::allocator<char> >, std::allocator<std::__cxx11::basic_string<char, std::char_traits<char>, std::allocator<char> > > > const&) + 0x1a4 (0xfa2a2c45e294 in /usr/local/lib/python3.12/dist-packages/torch/lib/libtorch_cpu.so)
frame #3: c10d::ProcessGroupNCCL::HeartbeatMonitor::runLoop() + 0x380 (0xfa2a110ddb30 in /usr/local/lib/python3.12/dist-packages/torch/lib/libtorch_cuda.so)
frame #4: <unknown function> + 0xe1ae0 (0xfa2abf2e1ae0 in /usr/lib/aarch64-linux-gnu/libstdc++.so.6)
frame #5: <unknown function> + 0x8595c (0xfa2abffa595c in /usr/lib/aarch64-linux-gnu/libc.so.6)
frame #6: <unknown function> + 0xebb4c (0xfa2ac000bb4c in /usr/lib/aarch64-linux-gnu/libc.so.6)

[rank2]:[W522 08:44:33.247958828 ProcessGroupNCCL.cpp:1826] [PG ID 0 PG GUID 0 Rank 2] Failed to check the "should dump" flag on TCPStore, (maybe TCPStore server has shut down too early), with error: Broken pipe
[rank2]:[W522 08:44:34.248548676 TCPStore.cpp:106] [c10d] sendBytes failed on SocketImpl(fd=30, addr=[spark2-ring]:38462, remote=[spark0-ring]:29536): Broken pipe
Exception raised from sendBytes at /pytorch/torch/csrc/distributed/c10d/Utils.hpp:653 (most recent call first):
frame #0: c10::Error::Error(c10::SourceLocation, std::__cxx11::basic_string<char, std::char_traits<char>, std::allocator<char> >) + 0xc8 (0xfa2a101f66e8 in /usr/local/lib/python3.12/dist-packages/torch/lib/libc10.so)
frame #1: <unknown function> + 0x66f513c (0xfa2a2c45513c in /usr/local/lib/python3.12/dist-packages/torch/lib/libtorch_cpu.so)
frame #2: c10d::TCPStore::check(std::vector<std::__cxx11::basic_string<char, std::char_traits<char>, std::allocator<char> >, std::allocator<std::__cxx11::basic_string<char, std::char_traits<char>, std::allocator<char> > > > const&) + 0x1a4 (0xfa2a2c45e294 in /usr/local/lib/python3.12/dist-packages/torch/lib/libtorch_cpu.so)
frame #3: c10d::ProcessGroupNCCL::HeartbeatMonitor::runLoop() + 0x380 (0xfa2a110ddb30 in /usr/local/lib/python3.12/dist-packages/torch/lib/libtorch_cuda.so)
frame #4: <unknown function> + 0xe1ae0 (0xfa2abf2e1ae0 in /usr/lib/aarch64-linux-gnu/libstdc++.so.6)
frame #5: <unknown function> + 0x8595c (0xfa2abffa595c in /usr/lib/aarch64-linux-gnu/libc.so.6)
frame #6: <unknown function> + 0xebb4c (0xfa2ac000bb4c in /usr/lib/aarch64-linux-gnu/libc.so.6)

[rank2]:[W522 08:44:34.249509173 ProcessGroupNCCL.cpp:1826] [PG ID 0 PG GUID 0 Rank 2] Failed to check the "should dump" flag on TCPStore, (maybe TCPStore server has shut down too early), with error: Broken pipe
[rank2]:[W522 08:44:35.250415273 TCPStore.cpp:106] [c10d] sendBytes failed on SocketImpl(fd=30, addr=[spark2-ring]:38462, remote=[spark0-ring]:29536): Broken pipe
Exception raised from sendBytes at /pytorch/torch/csrc/distributed/c10d/Utils.hpp:653 (most recent call first):
frame #0: c10::Error::Error(c10::SourceLocation, std::__cxx11::basic_string<char, std::char_traits<char>, std::allocator<char> >) + 0xc8 (0xfa2a101f66e8 in /usr/local/lib/python3.12/dist-packages/torch/lib/libc10.so)
frame #1: <unknown function> + 0x66f513c (0xfa2a2c45513c in /usr/local/lib/python3.12/dist-packages/torch/lib/libtorch_cpu.so)
frame #2: c10d::TCPStore::check(std::vector<std::__cxx11::basic_string<char, std::char_traits<char>, std::allocator<char> >, std::allocator<std::__cxx11::basic_string<char, std::char_traits<char>, std::allocator<char> > > > const&) + 0x1a4 (0xfa2a2c45e294 in /usr/local/lib/python3.12/dist-packages/torch/lib/libtorch_cpu.so)
frame #3: c10d::ProcessGroupNCCL::HeartbeatMonitor::runLoop() + 0x380 (0xfa2a110ddb30 in /usr/local/lib/python3.12/dist-packages/torch/lib/libtorch_cuda.so)
frame #4: <unknown function> + 0xe1ae0 (0xfa2abf2e1ae0 in /usr/lib/aarch64-linux-gnu/libstdc++.so.6)
frame #5: <unknown function> + 0x8595c (0xfa2abffa595c in /usr/lib/aarch64-linux-gnu/libc.so.6)
frame #6: <unknown function> + 0xebb4c (0xfa2ac000bb4c in /usr/lib/aarch64-linux-gnu/libc.so.6)

[rank2]:[W522 08:44:35.251358905 ProcessGroupNCCL.cpp:1826] [PG ID 0 PG GUID 0 Rank 2] Failed to check the "should dump" flag on TCPStore, (maybe TCPStore server has shut down too early), with error: Broken pipe
[rank2]:[W522 08:44:36.251595975 TCPStore.cpp:106] [c10d] sendBytes failed on SocketImpl(fd=30, addr=[spark2-ring]:38462, remote=[spark0-ring]:29536): Broken pipe
Exception raised from sendBytes at /pytorch/torch/csrc/distributed/c10d/Utils.hpp:653 (most recent call first):
frame #0: c10::Error::Error(c10::SourceLocation, std::__cxx11::basic_string<char, std::char_traits<char>, std::allocator<char> >) + 0xc8 (0xfa2a101f66e8 in /usr/local/lib/python3.12/dist-packages/torch/lib/libc10.so)
frame #1: <unknown function> + 0x66f513c (0xfa2a2c45513c in /usr/local/lib/python3.12/dist-packages/torch/lib/libtorch_cpu.so)
frame #2: c10d::TCPStore::check(std::vector<std::__cxx11::basic_string<char, std::char_traits<char>, std::allocator<char> >, std::allocator<std::__cxx11::basic_string<char, std::char_traits<char>, std::allocator<char> > > > const&) + 0x1a4 (0xfa2a2c45e294 in /usr/local/lib/python3.12/dist-packages/torch/lib/libtorch_cpu.so)
frame #3: c10d::ProcessGroupNCCL::HeartbeatMonitor::runLoop() + 0x380 (0xfa2a110ddb30 in /usr/local/lib/python3.12/dist-packages/torch/lib/libtorch_cuda.so)
frame #4: <unknown function> + 0xe1ae0 (0xfa2abf2e1ae0 in /usr/lib/aarch64-linux-gnu/libstdc++.so.6)
frame #5: <unknown function> + 0x8595c (0xfa2abffa595c in /usr/lib/aarch64-linux-gnu/libc.so.6)
frame #6: <unknown function> + 0xebb4c (0xfa2ac000bb4c in /usr/lib/aarch64-linux-gnu/libc.so.6)

[rank2]:[W522 08:44:36.252461303 ProcessGroupNCCL.cpp:1826] [PG ID 0 PG GUID 0 Rank 2] Failed to check the "should dump" flag on TCPStore, (maybe TCPStore server has shut down too early), with error: Broken pipe
[rank2]:[W522 08:44:37.252972258 TCPStore.cpp:106] [c10d] sendBytes failed on SocketImpl(fd=30, addr=[spark2-ring]:38462, remote=[spark0-ring]:29536): Broken pipe
Exception raised from sendBytes at /pytorch/torch/csrc/distributed/c10d/Utils.hpp:653 (most recent call first):
frame #0: c10::Error::Error(c10::SourceLocation, std::__cxx11::basic_string<char, std::char_traits<char>, std::allocator<char> >) + 0xc8 (0xfa2a101f66e8 in /usr/local/lib/python3.12/dist-packages/torch/lib/libc10.so)
frame #1: <unknown function> + 0x66f513c (0xfa2a2c45513c in /usr/local/lib/python3.12/dist-packages/torch/lib/libtorch_cpu.so)
frame #2: c10d::TCPStore::check(std::vector<std::__cxx11::basic_string<char, std::char_traits<char>, std::allocator<char> >, std::allocator<std::__cxx11::basic_string<char, std::char_traits<char>, std::allocator<char> > > > const&) + 0x1a4 (0xfa2a2c45e294 in /usr/local/lib/python3.12/dist-packages/torch/lib/libtorch_cpu.so)
frame #3: c10d::ProcessGroupNCCL::HeartbeatMonitor::runLoop() + 0x380 (0xfa2a110ddb30 in /usr/local/lib/python3.12/dist-packages/torch/lib/libtorch_cuda.so)
frame #4: <unknown function> + 0xe1ae0 (0xfa2abf2e1ae0 in /usr/lib/aarch64-linux-gnu/libstdc++.so.6)
frame #5: <unknown function> + 0x8595c (0xfa2abffa595c in /usr/lib/aarch64-linux-gnu/libc.so.6)
frame #6: <unknown function> + 0xebb4c (0xfa2ac000bb4c in /usr/lib/aarch64-linux-gnu/libc.so.6)

[rank2]:[W522 08:44:37.253841443 ProcessGroupNCCL.cpp:1826] [PG ID 0 PG GUID 0 Rank 2] Failed to check the "should dump" flag on TCPStore, (maybe TCPStore server has shut down too early), with error: Broken pipe
[rank2]:[W522 08:44:38.254429273 TCPStore.cpp:106] [c10d] sendBytes failed on SocketImpl(fd=30, addr=[spark2-ring]:38462, remote=[spark0-ring]:29536): Broken pipe
Exception raised from sendBytes at /pytorch/torch/csrc/distributed/c10d/Utils.hpp:653 (most recent call first):
frame #0: c10::Error::Error(c10::SourceLocation, std::__cxx11::basic_string<char, std::char_traits<char>, std::allocator<char> >) + 0xc8 (0xfa2a101f66e8 in /usr/local/lib/python3.12/dist-packages/torch/lib/libc10.so)
frame #1: <unknown function> + 0x66f513c (0xfa2a2c45513c in /usr/local/lib/python3.12/dist-packages/torch/lib/libtorch_cpu.so)
frame #2: c10d::TCPStore::check(std::vector<std::__cxx11::basic_string<char, std::char_traits<char>, std::allocator<char> >, std::allocator<std::__cxx11::basic_string<char, std::char_traits<char>, std::allocator<char> > > > const&) + 0x1a4 (0xfa2a2c45e294 in /usr/local/lib/python3.12/dist-packages/torch/lib/libtorch_cpu.so)
frame #3: c10d::ProcessGroupNCCL::HeartbeatMonitor::runLoop() + 0x380 (0xfa2a110ddb30 in /usr/local/lib/python3.12/dist-packages/torch/lib/libtorch_cuda.so)
frame #4: <unknown function> + 0xe1ae0 (0xfa2abf2e1ae0 in /usr/lib/aarch64-linux-gnu/libstdc++.so.6)
frame #5: <unknown function> + 0x8595c (0xfa2abffa595c in /usr/lib/aarch64-linux-gnu/libc.so.6)
frame #6: <unknown function> + 0xebb4c (0xfa2ac000bb4c in /usr/lib/aarch64-linux-gnu/libc.so.6)

[rank2]:[W522 08:44:38.255352537 ProcessGroupNCCL.cpp:1826] [PG ID 0 PG GUID 0 Rank 2] Failed to check the "should dump" flag on TCPStore, (maybe TCPStore server has shut down too early), with error: Broken pipe
[rank2]:[W522 08:44:39.256354733 TCPStore.cpp:106] [c10d] sendBytes failed on SocketImpl(fd=30, addr=[spark2-ring]:38462, remote=[spark0-ring]:29536): Broken pipe
Exception raised from sendBytes at /pytorch/torch/csrc/distributed/c10d/Utils.hpp:653 (most recent call first):
frame #0: c10::Error::Error(c10::SourceLocation, std::__cxx11::basic_string<char, std::char_traits<char>, std::allocator<char> >) + 0xc8 (0xfa2a101f66e8 in /usr/local/lib/python3.12/dist-packages/torch/lib/libc10.so)
frame #1: <unknown function> + 0x66f513c (0xfa2a2c45513c in /usr/local/lib/python3.12/dist-packages/torch/lib/libtorch_cpu.so)
frame #2: c10d::TCPStore::check(std::vector<std::__cxx11::basic_string<char, std::char_traits<char>, std::allocator<char> >, std::allocator<std::__cxx11::basic_string<char, std::char_traits<char>, std::allocator<char> > > > const&) + 0x1a4 (0xfa2a2c45e294 in /usr/local/lib/python3.12/dist-packages/torch/lib/libtorch_cpu.so)
frame #3: c10d::ProcessGroupNCCL::HeartbeatMonitor::runLoop() + 0x380 (0xfa2a110ddb30 in /usr/local/lib/python3.12/dist-packages/torch/lib/libtorch_cuda.so)
frame #4: <unknown function> + 0xe1ae0 (0xfa2abf2e1ae0 in /usr/lib/aarch64-linux-gnu/libstdc++.so.6)
frame #5: <unknown function> + 0x8595c (0xfa2abffa595c in /usr/lib/aarch64-linux-gnu/libc.so.6)
frame #6: <unknown function> + 0xebb4c (0xfa2ac000bb4c in /usr/lib/aarch64-linux-gnu/libc.so.6)

[rank2]:[W522 08:44:39.257314669 ProcessGroupNCCL.cpp:1826] [PG ID 0 PG GUID 0 Rank 2] Failed to check the "should dump" flag on TCPStore, (maybe TCPStore server has shut down too early), with error: Broken pipe
[rank2]:[W522 08:44:40.257492699 TCPStore.cpp:106] [c10d] sendBytes failed on SocketImpl(fd=30, addr=[spark2-ring]:38462, remote=[spark0-ring]:29536): Broken pipe
Exception raised from sendBytes at /pytorch/torch/csrc/distributed/c10d/Utils.hpp:653 (most recent call first):
frame #0: c10::Error::Error(c10::SourceLocation, std::__cxx11::basic_string<char, std::char_traits<char>, std::allocator<char> >) + 0xc8 (0xfa2a101f66e8 in /usr/local/lib/python3.12/dist-packages/torch/lib/libc10.so)
frame #1: <unknown function> + 0x66f513c (0xfa2a2c45513c in /usr/local/lib/python3.12/dist-packages/torch/lib/libtorch_cpu.so)
frame #2: c10d::TCPStore::check(std::vector<std::__cxx11::basic_string<char, std::char_traits<char>, std::allocator<char> >, std::allocator<std::__cxx11::basic_string<char, std::char_traits<char>, std::allocator<char> > > > const&) + 0x1a4 (0xfa2a2c45e294 in /usr/local/lib/python3.12/dist-packages/torch/lib/libtorch_cpu.so)
frame #3: c10d::ProcessGroupNCCL::HeartbeatMonitor::runLoop() + 0x380 (0xfa2a110ddb30 in /usr/local/lib/python3.12/dist-packages/torch/lib/libtorch_cuda.so)
frame #4: <unknown function> + 0xe1ae0 (0xfa2abf2e1ae0 in /usr/lib/aarch64-linux-gnu/libstdc++.so.6)
frame #5: <unknown function> + 0x8595c (0xfa2abffa595c in /usr/lib/aarch64-linux-gnu/libc.so.6)
frame #6: <unknown function> + 0xebb4c (0xfa2ac000bb4c in /usr/lib/aarch64-linux-gnu/libc.so.6)

[rank2]:[W522 08:44:40.258379339 ProcessGroupNCCL.cpp:1826] [PG ID 0 PG GUID 0 Rank 2] Failed to check the "should dump" flag on TCPStore, (maybe TCPStore server has shut down too early), with error: Broken pipe
[rank2]:[W522 08:44:41.258965203 TCPStore.cpp:106] [c10d] sendBytes failed on SocketImpl(fd=30, addr=[spark2-ring]:38462, remote=[spark0-ring]:29536): Broken pipe
Exception raised from sendBytes at /pytorch/torch/csrc/distributed/c10d/Utils.hpp:653 (most recent call first):
frame #0: c10::Error::Error(c10::SourceLocation, std::__cxx11::basic_string<char, std::char_traits<char>, std::allocator<char> >) + 0xc8 (0xfa2a101f66e8 in /usr/local/lib/python3.12/dist-packages/torch/lib/libc10.so)
frame #1: <unknown function> + 0x66f513c (0xfa2a2c45513c in /usr/local/lib/python3.12/dist-packages/torch/lib/libtorch_cpu.so)
frame #2: c10d::TCPStore::check(std::vector<std::__cxx11::basic_string<char, std::char_traits<char>, std::allocator<char> >, std::allocator<std::__cxx11::basic_string<char, std::char_traits<char>, std::allocator<char> > > > const&) + 0x1a4 (0xfa2a2c45e294 in /usr/local/lib/python3.12/dist-packages/torch/lib/libtorch_cpu.so)
frame #3: c10d::ProcessGroupNCCL::HeartbeatMonitor::runLoop() + 0x380 (0xfa2a110ddb30 in /usr/local/lib/python3.12/dist-packages/torch/lib/libtorch_cuda.so)
frame #4: <unknown function> + 0xe1ae0 (0xfa2abf2e1ae0 in /usr/lib/aarch64-linux-gnu/libstdc++.so.6)
frame #5: <unknown function> + 0x8595c (0xfa2abffa595c in /usr/lib/aarch64-linux-gnu/libc.so.6)
frame #6: <unknown function> + 0xebb4c (0xfa2ac000bb4c in /usr/lib/aarch64-linux-gnu/libc.so.6)

[rank2]:[W522 08:44:41.259894052 ProcessGroupNCCL.cpp:1826] [PG ID 0 PG GUID 0 Rank 2] Failed to check the "should dump" flag on TCPStore, (maybe TCPStore server has shut down too early), with error: Broken pipe
[rank2]:[W522 08:44:42.260027753 TCPStore.cpp:106] [c10d] sendBytes failed on SocketImpl(fd=30, addr=[spark2-ring]:38462, remote=[spark0-ring]:29536): Broken pipe
Exception raised from sendBytes at /pytorch/torch/csrc/distributed/c10d/Utils.hpp:653 (most recent call first):
frame #0: c10::Error::Error(c10::SourceLocation, std::__cxx11::basic_string<char, std::char_traits<char>, std::allocator<char> >) + 0xc8 (0xfa2a101f66e8 in /usr/local/lib/python3.12/dist-packages/torch/lib/libc10.so)
frame #1: <unknown function> + 0x66f513c (0xfa2a2c45513c in /usr/local/lib/python3.12/dist-packages/torch/lib/libtorch_cpu.so)
frame #2: c10d::TCPStore::check(std::vector<std::__cxx11::basic_string<char, std::char_traits<char>, std::allocator<char> >, std::allocator<std::__cxx11::basic_string<char, std::char_traits<char>, std::allocator<char> > > > const&) + 0x1a4 (0xfa2a2c45e294 in /usr/local/lib/python3.12/dist-packages/torch/lib/libtorch_cpu.so)
frame #3: c10d::ProcessGroupNCCL::HeartbeatMonitor::runLoop() + 0x380 (0xfa2a110ddb30 in /usr/local/lib/python3.12/dist-packages/torch/lib/libtorch_cuda.so)
frame #4: <unknown function> + 0xe1ae0 (0xfa2abf2e1ae0 in /usr/lib/aarch64-linux-gnu/libstdc++.so.6)
frame #5: <unknown function> + 0x8595c (0xfa2abffa595c in /usr/lib/aarch64-linux-gnu/libc.so.6)
frame #6: <unknown function> + 0xebb4c (0xfa2ac000bb4c in /usr/lib/aarch64-linux-gnu/libc.so.6)

[rank2]:[W522 08:44:42.260881242 ProcessGroupNCCL.cpp:1826] [PG ID 0 PG GUID 0 Rank 2] Failed to check the "should dump" flag on TCPStore, (maybe TCPStore server has shut down too early), with error: Broken pipe
[rank2]:[W522 08:44:43.261501225 TCPStore.cpp:106] [c10d] sendBytes failed on SocketImpl(fd=30, addr=[spark2-ring]:38462, remote=[spark0-ring]:29536): Broken pipe
Exception raised from sendBytes at /pytorch/torch/csrc/distributed/c10d/Utils.hpp:653 (most recent call first):
frame #0: c10::Error::Error(c10::SourceLocation, std::__cxx11::basic_string<char, std::char_traits<char>, std::allocator<char> >) + 0xc8 (0xfa2a101f66e8 in /usr/local/lib/python3.12/dist-packages/torch/lib/libc10.so)
frame #1: <unknown function> + 0x66f513c (0xfa2a2c45513c in /usr/local/lib/python3.12/dist-packages/torch/lib/libtorch_cpu.so)
frame #2: c10d::TCPStore::check(std::vector<std::__cxx11::basic_string<char, std::char_traits<char>, std::allocator<char> >, std::allocator<std::__cxx11::basic_string<char, std::char_traits<char>, std::allocator<char> > > > const&) + 0x1a4 (0xfa2a2c45e294 in /usr/local/lib/python3.12/dist-packages/torch/lib/libtorch_cpu.so)
frame #3: c10d::ProcessGroupNCCL::HeartbeatMonitor::runLoop() + 0x380 (0xfa2a110ddb30 in /usr/local/lib/python3.12/dist-packages/torch/lib/libtorch_cuda.so)
frame #4: <unknown function> + 0xe1ae0 (0xfa2abf2e1ae0 in /usr/lib/aarch64-linux-gnu/libstdc++.so.6)
frame #5: <unknown function> + 0x8595c (0xfa2abffa595c in /usr/lib/aarch64-linux-gnu/libc.so.6)
frame #6: <unknown function> + 0xebb4c (0xfa2ac000bb4c in /usr/lib/aarch64-linux-gnu/libc.so.6)

[rank2]:[W522 08:44:43.262438986 ProcessGroupNCCL.cpp:1826] [PG ID 0 PG GUID 0 Rank 2] Failed to check the "should dump" flag on TCPStore, (maybe TCPStore server has shut down too early), with error: Broken pipe
[rank2]:[W522 08:44:44.262563366 TCPStore.cpp:106] [c10d] sendBytes failed on SocketImpl(fd=30, addr=[spark2-ring]:38462, remote=[spark0-ring]:29536): Broken pipe
Exception raised from sendBytes at /pytorch/torch/csrc/distributed/c10d/Utils.hpp:653 (most recent call first):
frame #0: c10::Error::Error(c10::SourceLocation, std::__cxx11::basic_string<char, std::char_traits<char>, std::allocator<char> >) + 0xc8 (0xfa2a101f66e8 in /usr/local/lib/python3.12/dist-packages/torch/lib/libc10.so)
frame #1: <unknown function> + 0x66f513c (0xfa2a2c45513c in /usr/local/lib/python3.12/dist-packages/torch/lib/libtorch_cpu.so)
frame #2: c10d::TCPStore::check(std::vector<std::__cxx11::basic_string<char, std::char_traits<char>, std::allocator<char> >, std::allocator<std::__cxx11::basic_string<char, std::char_traits<char>, std::allocator<char> > > > const&) + 0x1a4 (0xfa2a2c45e294 in /usr/local/lib/python3.12/dist-packages/torch/lib/libtorch_cpu.so)
frame #3: c10d::ProcessGroupNCCL::HeartbeatMonitor::runLoop() + 0x380 (0xfa2a110ddb30 in /usr/local/lib/python3.12/dist-packages/torch/lib/libtorch_cuda.so)
frame #4: <unknown function> + 0xe1ae0 (0xfa2abf2e1ae0 in /usr/lib/aarch64-linux-gnu/libstdc++.so.6)
frame #5: <unknown function> + 0x8595c (0xfa2abffa595c in /usr/lib/aarch64-linux-gnu/libc.so.6)
frame #6: <unknown function> + 0xebb4c (0xfa2ac000bb4c in /usr/lib/aarch64-linux-gnu/libc.so.6)

[rank2]:[W522 08:44:44.263435046 ProcessGroupNCCL.cpp:1826] [PG ID 0 PG GUID 0 Rank 2] Failed to check the "should dump" flag on TCPStore, (maybe TCPStore server has shut down too early), with error: Broken pipe
[rank2]:[W522 08:44:45.263645933 TCPStore.cpp:106] [c10d] sendBytes failed on SocketImpl(fd=30, addr=[spark2-ring]:38462, remote=[spark0-ring]:29536): Broken pipe
Exception raised from sendBytes at /pytorch/torch/csrc/distributed/c10d/Utils.hpp:653 (most recent call first):
frame #0: c10::Error::Error(c10::SourceLocation, std::__cxx11::basic_string<char, std::char_traits<char>, std::allocator<char> >) + 0xc8 (0xfa2a101f66e8 in /usr/local/lib/python3.12/dist-packages/torch/lib/libc10.so)
frame #1: <unknown function> + 0x66f513c (0xfa2a2c45513c in /usr/local/lib/python3.12/dist-packages/torch/lib/libtorch_cpu.so)
frame #2: c10d::TCPStore::check(std::vector<std::__cxx11::basic_string<char, std::char_traits<char>, std::allocator<char> >, std::allocator<std::__cxx11::basic_string<char, std::char_traits<char>, std::allocator<char> > > > const&) + 0x1a4 (0xfa2a2c45e294 in /usr/local/lib/python3.12/dist-packages/torch/lib/libtorch_cpu.so)
frame #3: c10d::ProcessGroupNCCL::HeartbeatMonitor::runLoop() + 0x380 (0xfa2a110ddb30 in /usr/local/lib/python3.12/dist-packages/torch/lib/libtorch_cuda.so)
frame #4: <unknown function> + 0xe1ae0 (0xfa2abf2e1ae0 in /usr/lib/aarch64-linux-gnu/libstdc++.so.6)
frame #5: <unknown function> + 0x8595c (0xfa2abffa595c in /usr/lib/aarch64-linux-gnu/libc.so.6)
frame #6: <unknown function> + 0xebb4c (0xfa2ac000bb4c in /usr/lib/aarch64-linux-gnu/libc.so.6)

[rank2]:[W522 08:44:45.264529630 ProcessGroupNCCL.cpp:1826] [PG ID 0 PG GUID 0 Rank 2] Failed to check the "should dump" flag on TCPStore, (maybe TCPStore server has shut down too early), with error: Broken pipe
[rank2]:[W522 08:44:46.264683233 TCPStore.cpp:106] [c10d] sendBytes failed on SocketImpl(fd=30, addr=[spark2-ring]:38462, remote=[spark0-ring]:29536): Broken pipe
Exception raised from sendBytes at /pytorch/torch/csrc/distributed/c10d/Utils.hpp:653 (most recent call first):
frame #0: c10::Error::Error(c10::SourceLocation, std::__cxx11::basic_string<char, std::char_traits<char>, std::allocator<char> >) + 0xc8 (0xfa2a101f66e8 in /usr/local/lib/python3.12/dist-packages/torch/lib/libc10.so)
frame #1: <unknown function> + 0x66f513c (0xfa2a2c45513c in /usr/local/lib/python3.12/dist-packages/torch/lib/libtorch_cpu.so)
frame #2: c10d::TCPStore::check(std::vector<std::__cxx11::basic_string<char, std::char_traits<char>, std::allocator<char> >, std::allocator<std::__cxx11::basic_string<char, std::char_traits<char>, std::allocator<char> > > > const&) + 0x1a4 (0xfa2a2c45e294 in /usr/local/lib/python3.12/dist-packages/torch/lib/libtorch_cpu.so)
frame #3: c10d::ProcessGroupNCCL::HeartbeatMonitor::runLoop() + 0x380 (0xfa2a110ddb30 in /usr/local/lib/python3.12/dist-packages/torch/lib/libtorch_cuda.so)
frame #4: <unknown function> + 0xe1ae0 (0xfa2abf2e1ae0 in /usr/lib/aarch64-linux-gnu/libstdc++.so.6)
frame #5: <unknown function> + 0x8595c (0xfa2abffa595c in /usr/lib/aarch64-linux-gnu/libc.so.6)
frame #6: <unknown function> + 0xebb4c (0xfa2ac000bb4c in /usr/lib/aarch64-linux-gnu/libc.so.6)

[rank2]:[W522 08:44:46.265559586 ProcessGroupNCCL.cpp:1826] [PG ID 0 PG GUID 0 Rank 2] Failed to check the "should dump" flag on TCPStore, (maybe TCPStore server has shut down too early), with error: Broken pipe
[rank2]:[W522 08:44:47.265698320 TCPStore.cpp:106] [c10d] sendBytes failed on SocketImpl(fd=30, addr=[spark2-ring]:38462, remote=[spark0-ring]:29536): Broken pipe
Exception raised from sendBytes at /pytorch/torch/csrc/distributed/c10d/Utils.hpp:653 (most recent call first):
frame #0: c10::Error::Error(c10::SourceLocation, std::__cxx11::basic_string<char, std::char_traits<char>, std::allocator<char> >) + 0xc8 (0xfa2a101f66e8 in /usr/local/lib/python3.12/dist-packages/torch/lib/libc10.so)
frame #1: <unknown function> + 0x66f513c (0xfa2a2c45513c in /usr/local/lib/python3.12/dist-packages/torch/lib/libtorch_cpu.so)
frame #2: c10d::TCPStore::check(std::vector<std::__cxx11::basic_string<char, std::char_traits<char>, std::allocator<char> >, std::allocator<std::__cxx11::basic_string<char, std::char_traits<char>, std::allocator<char> > > > const&) + 0x1a4 (0xfa2a2c45e294 in /usr/local/lib/python3.12/dist-packages/torch/lib/libtorch_cpu.so)
frame #3: c10d::ProcessGroupNCCL::HeartbeatMonitor::runLoop() + 0x380 (0xfa2a110ddb30 in /usr/local/lib/python3.12/dist-packages/torch/lib/libtorch_cuda.so)
frame #4: <unknown function> + 0xe1ae0 (0xfa2abf2e1ae0 in /usr/lib/aarch64-linux-gnu/libstdc++.so.6)
frame #5: <unknown function> + 0x8595c (0xfa2abffa595c in /usr/lib/aarch64-linux-gnu/libc.so.6)
frame #6: <unknown function> + 0xebb4c (0xfa2ac000bb4c in /usr/lib/aarch64-linux-gnu/libc.so.6)

[rank2]:[W522 08:44:47.266564112 ProcessGroupNCCL.cpp:1826] [PG ID 0 PG GUID 0 Rank 2] Failed to check the "should dump" flag on TCPStore, (maybe TCPStore server has shut down too early), with error: Broken pipe
[rank2]:[W522 08:44:48.267150603 TCPStore.cpp:106] [c10d] sendBytes failed on SocketImpl(fd=30, addr=[spark2-ring]:38462, remote=[spark0-ring]:29536): Broken pipe
Exception raised from sendBytes at /pytorch/torch/csrc/distributed/c10d/Utils.hpp:653 (most recent call first):
frame #0: c10::Error::Error(c10::SourceLocation, std::__cxx11::basic_string<char, std::char_traits<char>, std::allocator<char> >) + 0xc8 (0xfa2a101f66e8 in /usr/local/lib/python3.12/dist-packages/torch/lib/libc10.so)
frame #1: <unknown function> + 0x66f513c (0xfa2a2c45513c in /usr/local/lib/python3.12/dist-packages/torch/lib/libtorch_cpu.so)
frame #2: c10d::TCPStore::check(std::vector<std::__cxx11::basic_string<char, std::char_traits<char>, std::allocator<char> >, std::allocator<std::__cxx11::basic_string<char, std::char_traits<char>, std::allocator<char> > > > const&) + 0x1a4 (0xfa2a2c45e294 in /usr/local/lib/python3.12/dist-packages/torch/lib/libtorch_cpu.so)
frame #3: c10d::ProcessGroupNCCL::HeartbeatMonitor::runLoop() + 0x380 (0xfa2a110ddb30 in /usr/local/lib/python3.12/dist-packages/torch/lib/libtorch_cuda.so)
frame #4: <unknown function> + 0xe1ae0 (0xfa2abf2e1ae0 in /usr/lib/aarch64-linux-gnu/libstdc++.so.6)
frame #5: <unknown function> + 0x8595c (0xfa2abffa595c in /usr/lib/aarch64-linux-gnu/libc.so.6)
frame #6: <unknown function> + 0xebb4c (0xfa2ac000bb4c in /usr/lib/aarch64-linux-gnu/libc.so.6)

[rank2]:[W522 08:44:48.268075148 ProcessGroupNCCL.cpp:1826] [PG ID 0 PG GUID 0 Rank 2] Failed to check the "should dump" flag on TCPStore, (maybe TCPStore server has shut down too early), with error: Broken pipe
[rank2]:[W522 08:44:49.268663250 TCPStore.cpp:106] [c10d] sendBytes failed on SocketImpl(fd=30, addr=[spark2-ring]:38462, remote=[spark0-ring]:29536): Broken pipe
Exception raised from sendBytes at /pytorch/torch/csrc/distributed/c10d/Utils.hpp:653 (most recent call first):
frame #0: c10::Error::Error(c10::SourceLocation, std::__cxx11::basic_string<char, std::char_traits<char>, std::allocator<char> >) + 0xc8 (0xfa2a101f66e8 in /usr/local/lib/python3.12/dist-packages/torch/lib/libc10.so)
frame #1: <unknown function> + 0x66f513c (0xfa2a2c45513c in /usr/local/lib/python3.12/dist-packages/torch/lib/libtorch_cpu.so)
frame #2: c10d::TCPStore::check(std::vector<std::__cxx11::basic_string<char, std::char_traits<char>, std::allocator<char> >, std::allocator<std::__cxx11::basic_string<char, std::char_traits<char>, std::allocator<char> > > > const&) + 0x1a4 (0xfa2a2c45e294 in /usr/local/lib/python3.12/dist-packages/torch/lib/libtorch_cpu.so)
frame #3: c10d::ProcessGroupNCCL::HeartbeatMonitor::runLoop() + 0x380 (0xfa2a110ddb30 in /usr/local/lib/python3.12/dist-packages/torch/lib/libtorch_cuda.so)
frame #4: <unknown function> + 0xe1ae0 (0xfa2abf2e1ae0 in /usr/lib/aarch64-linux-gnu/libstdc++.so.6)
frame #5: <unknown function> + 0x8595c (0xfa2abffa595c in /usr/lib/aarch64-linux-gnu/libc.so.6)
frame #6: <unknown function> + 0xebb4c (0xfa2ac000bb4c in /usr/lib/aarch64-linux-gnu/libc.so.6)

[rank2]:[W522 08:44:49.269610994 ProcessGroupNCCL.cpp:1826] [PG ID 0 PG GUID 0 Rank 2] Failed to check the "should dump" flag on TCPStore, (maybe TCPStore server has shut down too early), with error: Broken pipe
[rank2]:[W522 08:44:50.269982580 TCPStore.cpp:106] [c10d] sendBytes failed on SocketImpl(fd=30, addr=[spark2-ring]:38462, remote=[spark0-ring]:29536): Broken pipe
Exception raised from sendBytes at /pytorch/torch/csrc/distributed/c10d/Utils.hpp:653 (most recent call first):
frame #0: c10::Error::Error(c10::SourceLocation, std::__cxx11::basic_string<char, std::char_traits<char>, std::allocator<char> >) + 0xc8 (0xfa2a101f66e8 in /usr/local/lib/python3.12/dist-packages/torch/lib/libc10.so)
frame #1: <unknown function> + 0x66f513c (0xfa2a2c45513c in /usr/local/lib/python3.12/dist-packages/torch/lib/libtorch_cpu.so)
frame #2: c10d::TCPStore::check(std::vector<std::__cxx11::basic_string<char, std::char_traits<char>, std::allocator<char> >, std::allocator<std::__cxx11::basic_string<char, std::char_traits<char>, std::allocator<char> > > > const&) + 0x1a4 (0xfa2a2c45e294 in /usr/local/lib/python3.12/dist-packages/torch/lib/libtorch_cpu.so)
frame #3: c10d::ProcessGroupNCCL::HeartbeatMonitor::runLoop() + 0x380 (0xfa2a110ddb30 in /usr/local/lib/python3.12/dist-packages/torch/lib/libtorch_cuda.so)
frame #4: <unknown function> + 0xe1ae0 (0xfa2abf2e1ae0 in /usr/lib/aarch64-linux-gnu/libstdc++.so.6)
frame #5: <unknown function> + 0x8595c (0xfa2abffa595c in /usr/lib/aarch64-linux-gnu/libc.so.6)
frame #6: <unknown function> + 0xebb4c (0xfa2ac000bb4c in /usr/lib/aarch64-linux-gnu/libc.so.6)

[rank2]:[W522 08:44:50.270911300 ProcessGroupNCCL.cpp:1826] [PG ID 0 PG GUID 0 Rank 2] Failed to check the "should dump" flag on TCPStore, (maybe TCPStore server has shut down too early), with error: Broken pipe
[rank2]:[W522 08:44:51.271451489 TCPStore.cpp:106] [c10d] sendBytes failed on SocketImpl(fd=30, addr=[spark2-ring]:38462, remote=[spark0-ring]:29536): Broken pipe
Exception raised from sendBytes at /pytorch/torch/csrc/distributed/c10d/Utils.hpp:653 (most recent call first):
frame #0: c10::Error::Error(c10::SourceLocation, std::__cxx11::basic_string<char, std::char_traits<char>, std::allocator<char> >) + 0xc8 (0xfa2a101f66e8 in /usr/local/lib/python3.12/dist-packages/torch/lib/libc10.so)
frame #1: <unknown function> + 0x66f513c (0xfa2a2c45513c in /usr/local/lib/python3.12/dist-packages/torch/lib/libtorch_cpu.so)
frame #2: c10d::TCPStore::check(std::vector<std::__cxx11::basic_string<char, std::char_traits<char>, std::allocator<char> >, std::allocator<std::__cxx11::basic_string<char, std::char_traits<char>, std::allocator<char> > > > const&) + 0x1a4 (0xfa2a2c45e294 in /usr/local/lib/python3.12/dist-packages/torch/lib/libtorch_cpu.so)
frame #3: c10d::ProcessGroupNCCL::HeartbeatMonitor::runLoop() + 0x380 (0xfa2a110ddb30 in /usr/local/lib/python3.12/dist-packages/torch/lib/libtorch_cuda.so)
frame #4: <unknown function> + 0xe1ae0 (0xfa2abf2e1ae0 in /usr/lib/aarch64-linux-gnu/libstdc++.so.6)
frame #5: <unknown function> + 0x8595c (0xfa2abffa595c in /usr/lib/aarch64-linux-gnu/libc.so.6)
frame #6: <unknown function> + 0xebb4c (0xfa2ac000bb4c in /usr/lib/aarch64-linux-gnu/libc.so.6)

[rank2]:[W522 08:44:51.272396562 ProcessGroupNCCL.cpp:1826] [PG ID 0 PG GUID 0 Rank 2] Failed to check the "should dump" flag on TCPStore, (maybe TCPStore server has shut down too early), with error: Broken pipe
[rank2]:[W522 08:44:52.272991707 TCPStore.cpp:106] [c10d] sendBytes failed on SocketImpl(fd=30, addr=[spark2-ring]:38462, remote=[spark0-ring]:29536): Broken pipe
Exception raised from sendBytes at /pytorch/torch/csrc/distributed/c10d/Utils.hpp:653 (most recent call first):
frame #0: c10::Error::Error(c10::SourceLocation, std::__cxx11::basic_string<char, std::char_traits<char>, std::allocator<char> >) + 0xc8 (0xfa2a101f66e8 in /usr/local/lib/python3.12/dist-packages/torch/lib/libc10.so)
frame #1: <unknown function> + 0x66f513c (0xfa2a2c45513c in /usr/local/lib/python3.12/dist-packages/torch/lib/libtorch_cpu.so)
frame #2: c10d::TCPStore::check(std::vector<std::__cxx11::basic_string<char, std::char_traits<char>, std::allocator<char> >, std::allocator<std::__cxx11::basic_string<char, std::char_traits<char>, std::allocator<char> > > > const&) + 0x1a4 (0xfa2a2c45e294 in /usr/local/lib/python3.12/dist-packages/torch/lib/libtorch_cpu.so)
frame #3: c10d::ProcessGroupNCCL::HeartbeatMonitor::runLoop() + 0x380 (0xfa2a110ddb30 in /usr/local/lib/python3.12/dist-packages/torch/lib/libtorch_cuda.so)
frame #4: <unknown function> + 0xe1ae0 (0xfa2abf2e1ae0 in /usr/lib/aarch64-linux-gnu/libstdc++.so.6)
frame #5: <unknown function> + 0x8595c (0xfa2abffa595c in /usr/lib/aarch64-linux-gnu/libc.so.6)
frame #6: <unknown function> + 0xebb4c (0xfa2ac000bb4c in /usr/lib/aarch64-linux-gnu/libc.so.6)

[rank2]:[W522 08:44:52.273885259 ProcessGroupNCCL.cpp:1826] [PG ID 0 PG GUID 0 Rank 2] Failed to check the "should dump" flag on TCPStore, (maybe TCPStore server has shut down too early), with error: Broken pipe
[rank2]:[W522 08:44:53.274018161 TCPStore.cpp:106] [c10d] sendBytes failed on SocketImpl(fd=30, addr=[spark2-ring]:38462, remote=[spark0-ring]:29536): Broken pipe
Exception raised from sendBytes at /pytorch/torch/csrc/distributed/c10d/Utils.hpp:653 (most recent call first):
frame #0: c10::Error::Error(c10::SourceLocation, std::__cxx11::basic_string<char, std::char_traits<char>, std::allocator<char> >) + 0xc8 (0xfa2a101f66e8 in /usr/local/lib/python3.12/dist-packages/torch/lib/libc10.so)
frame #1: <unknown function> + 0x66f513c (0xfa2a2c45513c in /usr/local/lib/python3.12/dist-packages/torch/lib/libtorch_cpu.so)
frame #2: c10d::TCPStore::check(std::vector<std::__cxx11::basic_string<char, std::char_traits<char>, std::allocator<char> >, std::allocator<std::__cxx11::basic_string<char, std::char_traits<char>, std::allocator<char> > > > const&) + 0x1a4 (0xfa2a2c45e294 in /usr/local/lib/python3.12/dist-packages/torch/lib/libtorch_cpu.so)
frame #3: c10d::ProcessGroupNCCL::HeartbeatMonitor::runLoop() + 0x380 (0xfa2a110ddb30 in /usr/local/lib/python3.12/dist-packages/torch/lib/libtorch_cuda.so)
frame #4: <unknown function> + 0xe1ae0 (0xfa2abf2e1ae0 in /usr/lib/aarch64-linux-gnu/libstdc++.so.6)
frame #5: <unknown function> + 0x8595c (0xfa2abffa595c in /usr/lib/aarch64-linux-gnu/libc.so.6)
frame #6: <unknown function> + 0xebb4c (0xfa2ac000bb4c in /usr/lib/aarch64-linux-gnu/libc.so.6)

[rank2]:[W522 08:44:53.274869649 ProcessGroupNCCL.cpp:1826] [PG ID 0 PG GUID 0 Rank 2] Failed to check the "should dump" flag on TCPStore, (maybe TCPStore server has shut down too early), with error: Broken pipe
[rank2]:[W522 08:44:54.275457777 TCPStore.cpp:106] [c10d] sendBytes failed on SocketImpl(fd=30, addr=[spark2-ring]:38462, remote=[spark0-ring]:29536): Broken pipe
Exception raised from sendBytes at /pytorch/torch/csrc/distributed/c10d/Utils.hpp:653 (most recent call first):
frame #0: c10::Error::Error(c10::SourceLocation, std::__cxx11::basic_string<char, std::char_traits<char>, std::allocator<char> >) + 0xc8 (0xfa2a101f66e8 in /usr/local/lib/python3.12/dist-packages/torch/lib/libc10.so)
frame #1: <unknown function> + 0x66f513c (0xfa2a2c45513c in /usr/local/lib/python3.12/dist-packages/torch/lib/libtorch_cpu.so)
frame #2: c10d::TCPStore::check(std::vector<std::__cxx11::basic_string<char, std::char_traits<char>, std::allocator<char> >, std::allocator<std::__cxx11::basic_string<char, std::char_traits<char>, std::allocator<char> > > > const&) + 0x1a4 (0xfa2a2c45e294 in /usr/local/lib/python3.12/dist-packages/torch/lib/libtorch_cpu.so)
frame #3: c10d::ProcessGroupNCCL::HeartbeatMonitor::runLoop() + 0x380 (0xfa2a110ddb30 in /usr/local/lib/python3.12/dist-packages/torch/lib/libtorch_cuda.so)
frame #4: <unknown function> + 0xe1ae0 (0xfa2abf2e1ae0 in /usr/lib/aarch64-linux-gnu/libstdc++.so.6)
frame #5: <unknown function> + 0x8595c (0xfa2abffa595c in /usr/lib/aarch64-linux-gnu/libc.so.6)
frame #6: <unknown function> + 0xebb4c (0xfa2ac000bb4c in /usr/lib/aarch64-linux-gnu/libc.so.6)

[rank2]:[W522 08:44:54.276381362 ProcessGroupNCCL.cpp:1826] [PG ID 0 PG GUID 0 Rank 2] Failed to check the "should dump" flag on TCPStore, (maybe TCPStore server has shut down too early), with error: Broken pipe
[rank2]:[W522 08:44:55.276962510 TCPStore.cpp:106] [c10d] sendBytes failed on SocketImpl(fd=30, addr=[spark2-ring]:38462, remote=[spark0-ring]:29536): Broken pipe
Exception raised from sendBytes at /pytorch/torch/csrc/distributed/c10d/Utils.hpp:653 (most recent call first):
frame #0: c10::Error::Error(c10::SourceLocation, std::__cxx11::basic_string<char, std::char_traits<char>, std::allocator<char> >) + 0xc8 (0xfa2a101f66e8 in /usr/local/lib/python3.12/dist-packages/torch/lib/libc10.so)
frame #1: <unknown function> + 0x66f513c (0xfa2a2c45513c in /usr/local/lib/python3.12/dist-packages/torch/lib/libtorch_cpu.so)
frame #2: c10d::TCPStore::check(std::vector<std::__cxx11::basic_string<char, std::char_traits<char>, std::allocator<char> >, std::allocator<std::__cxx11::basic_string<char, std::char_traits<char>, std::allocator<char> > > > const&) + 0x1a4 (0xfa2a2c45e294 in /usr/local/lib/python3.12/dist-packages/torch/lib/libtorch_cpu.so)
frame #3: c10d::ProcessGroupNCCL::HeartbeatMonitor::runLoop() + 0x380 (0xfa2a110ddb30 in /usr/local/lib/python3.12/dist-packages/torch/lib/libtorch_cuda.so)
frame #4: <unknown function> + 0xe1ae0 (0xfa2abf2e1ae0 in /usr/lib/aarch64-linux-gnu/libstdc++.so.6)
frame #5: <unknown function> + 0x8595c (0xfa2abffa595c in /usr/lib/aarch64-linux-gnu/libc.so.6)
frame #6: <unknown function> + 0xebb4c (0xfa2ac000bb4c in /usr/lib/aarch64-linux-gnu/libc.so.6)

[rank2]:[W522 08:44:55.277885535 ProcessGroupNCCL.cpp:1826] [PG ID 0 PG GUID 0 Rank 2] Failed to check the "should dump" flag on TCPStore, (maybe TCPStore server has shut down too early), with error: Broken pipe
[rank2]:[W522 08:44:56.278492262 TCPStore.cpp:106] [c10d] sendBytes failed on SocketImpl(fd=30, addr=[spark2-ring]:38462, remote=[spark0-ring]:29536): Broken pipe
Exception raised from sendBytes at /pytorch/torch/csrc/distributed/c10d/Utils.hpp:653 (most recent call first):
frame #0: c10::Error::Error(c10::SourceLocation, std::__cxx11::basic_string<char, std::char_traits<char>, std::allocator<char> >) + 0xc8 (0xfa2a101f66e8 in /usr/local/lib/python3.12/dist-packages/torch/lib/libc10.so)
frame #1: <unknown function> + 0x66f513c (0xfa2a2c45513c in /usr/local/lib/python3.12/dist-packages/torch/lib/libtorch_cpu.so)
frame #2: c10d::TCPStore::check(std::vector<std::__cxx11::basic_string<char, std::char_traits<char>, std::allocator<char> >, std::allocator<std::__cxx11::basic_string<char, std::char_traits<char>, std::allocator<char> > > > const&) + 0x1a4 (0xfa2a2c45e294 in /usr/local/lib/python3.12/dist-packages/torch/lib/libtorch_cpu.so)
frame #3: c10d::ProcessGroupNCCL::HeartbeatMonitor::runLoop() + 0x380 (0xfa2a110ddb30 in /usr/local/lib/python3.12/dist-packages/torch/lib/libtorch_cuda.so)
frame #4: <unknown function> + 0xe1ae0 (0xfa2abf2e1ae0 in /usr/lib/aarch64-linux-gnu/libstdc++.so.6)
frame #5: <unknown function> + 0x8595c (0xfa2abffa595c in /usr/lib/aarch64-linux-gnu/libc.so.6)
frame #6: <unknown function> + 0xebb4c (0xfa2ac000bb4c in /usr/lib/aarch64-linux-gnu/libc.so.6)

[rank2]:[W522 08:44:56.279411095 ProcessGroupNCCL.cpp:1826] [PG ID 0 PG GUID 0 Rank 2] Failed to check the "should dump" flag on TCPStore, (maybe TCPStore server has shut down too early), with error: Broken pipe
[rank2]:[W522 08:44:57.279644186 TCPStore.cpp:106] [c10d] sendBytes failed on SocketImpl(fd=30, addr=[spark2-ring]:38462, remote=[spark0-ring]:29536): Broken pipe
Exception raised from sendBytes at /pytorch/torch/csrc/distributed/c10d/Utils.hpp:653 (most recent call first):
frame #0: c10::Error::Error(c10::SourceLocation, std::__cxx11::basic_string<char, std::char_traits<char>, std::allocator<char> >) + 0xc8 (0xfa2a101f66e8 in /usr/local/lib/python3.12/dist-packages/torch/lib/libc10.so)
frame #1: <unknown function> + 0x66f513c (0xfa2a2c45513c in /usr/local/lib/python3.12/dist-packages/torch/lib/libtorch_cpu.so)
frame #2: c10d::TCPStore::check(std::vector<std::__cxx11::basic_string<char, std::char_traits<char>, std::allocator<char> >, std::allocator<std::__cxx11::basic_string<char, std::char_traits<char>, std::allocator<char> > > > const&) + 0x1a4 (0xfa2a2c45e294 in /usr/local/lib/python3.12/dist-packages/torch/lib/libtorch_cpu.so)
frame #3: c10d::ProcessGroupNCCL::HeartbeatMonitor::runLoop() + 0x380 (0xfa2a110ddb30 in /usr/local/lib/python3.12/dist-packages/torch/lib/libtorch_cuda.so)
frame #4: <unknown function> + 0xe1ae0 (0xfa2abf2e1ae0 in /usr/lib/aarch64-linux-gnu/libstdc++.so.6)
frame #5: <unknown function> + 0x8595c (0xfa2abffa595c in /usr/lib/aarch64-linux-gnu/libc.so.6)
frame #6: <unknown function> + 0xebb4c (0xfa2ac000bb4c in /usr/lib/aarch64-linux-gnu/libc.so.6)

[rank2]:[W522 08:44:57.280528570 ProcessGroupNCCL.cpp:1826] [PG ID 0 PG GUID 0 Rank 2] Failed to check the "should dump" flag on TCPStore, (maybe TCPStore server has shut down too early), with error: Broken pipe
[rank2]:[W522 08:44:58.280653546 TCPStore.cpp:106] [c10d] sendBytes failed on SocketImpl(fd=30, addr=[spark2-ring]:38462, remote=[spark0-ring]:29536): Broken pipe
Exception raised from sendBytes at /pytorch/torch/csrc/distributed/c10d/Utils.hpp:653 (most recent call first):
frame #0: c10::Error::Error(c10::SourceLocation, std::__cxx11::basic_string<char, std::char_traits<char>, std::allocator<char> >) + 0xc8 (0xfa2a101f66e8 in /usr/local/lib/python3.12/dist-packages/torch/lib/libc10.so)
frame #1: <unknown function> + 0x66f513c (0xfa2a2c45513c in /usr/local/lib/python3.12/dist-packages/torch/lib/libtorch_cpu.so)
frame #2: c10d::TCPStore::check(std::vector<std::__cxx11::basic_string<char, std::char_traits<char>, std::allocator<char> >, std::allocator<std::__cxx11::basic_string<char, std::char_traits<char>, std::allocator<char> > > > const&) + 0x1a4 (0xfa2a2c45e294 in /usr/local/lib/python3.12/dist-packages/torch/lib/libtorch_cpu.so)
frame #3: c10d::ProcessGroupNCCL::HeartbeatMonitor::runLoop() + 0x380 (0xfa2a110ddb30 in /usr/local/lib/python3.12/dist-packages/torch/lib/libtorch_cuda.so)
frame #4: <unknown function> + 0xe1ae0 (0xfa2abf2e1ae0 in /usr/lib/aarch64-linux-gnu/libstdc++.so.6)
frame #5: <unknown function> + 0x8595c (0xfa2abffa595c in /usr/lib/aarch64-linux-gnu/libc.so.6)
frame #6: <unknown function> + 0xebb4c (0xfa2ac000bb4c in /usr/lib/aarch64-linux-gnu/libc.so.6)

[rank2]:[W522 08:44:58.281524778 ProcessGroupNCCL.cpp:1826] [PG ID 0 PG GUID 0 Rank 2] Failed to check the "should dump" flag on TCPStore, (maybe TCPStore server has shut down too early), with error: Broken pipe
[rank2]:[W522 08:44:59.282122006 TCPStore.cpp:106] [c10d] sendBytes failed on SocketImpl(fd=30, addr=[spark2-ring]:38462, remote=[spark0-ring]:29536): Broken pipe
Exception raised from sendBytes at /pytorch/torch/csrc/distributed/c10d/Utils.hpp:653 (most recent call first):
frame #0: c10::Error::Error(c10::SourceLocation, std::__cxx11::basic_string<char, std::char_traits<char>, std::allocator<char> >) + 0xc8 (0xfa2a101f66e8 in /usr/local/lib/python3.12/dist-packages/torch/lib/libc10.so)
frame #1: <unknown function> + 0x66f513c (0xfa2a2c45513c in /usr/local/lib/python3.12/dist-packages/torch/lib/libtorch_cpu.so)
frame #2: c10d::TCPStore::check(std::vector<std::__cxx11::basic_string<char, std::char_traits<char>, std::allocator<char> >, std::allocator<std::__cxx11::basic_string<char, std::char_traits<char>, std::allocator<char> > > > const&) + 0x1a4 (0xfa2a2c45e294 in /usr/local/lib/python3.12/dist-packages/torch/lib/libtorch_cpu.so)
frame #3: c10d::ProcessGroupNCCL::HeartbeatMonitor::runLoop() + 0x380 (0xfa2a110ddb30 in /usr/local/lib/python3.12/dist-packages/torch/lib/libtorch_cuda.so)
frame #4: <unknown function> + 0xe1ae0 (0xfa2abf2e1ae0 in /usr/lib/aarch64-linux-gnu/libstdc++.so.6)
frame #5: <unknown function> + 0x8595c (0xfa2abffa595c in /usr/lib/aarch64-linux-gnu/libc.so.6)
frame #6: <unknown function> + 0xebb4c (0xfa2ac000bb4c in /usr/lib/aarch64-linux-gnu/libc.so.6)

[rank2]:[W522 08:44:59.282988230 ProcessGroupNCCL.cpp:1826] [PG ID 0 PG GUID 0 Rank 2] Failed to check the "should dump" flag on TCPStore, (maybe TCPStore server has shut down too early), with error: Broken pipe
