WARNING 05-22 08:42:02 [envs.py:1914] Unknown vLLM environment variable detected: VLLM_BASE_DIR
INFO 05-22 08:42:02 [config.py:800] Detected quantization_config.scale_fmt=ue8m0; enabling UE8M0 for DeepGEMM.
INFO 05-22 08:42:07 [model.py:568] Resolved architecture: DeepseekV4ForCausalLM
INFO 05-22 08:42:07 [model.py:1697] Using max model len 8192
INFO 05-22 08:42:07 [cache.py:261] Using fp8 data type to store kv cache. It reduces the GPU memory footprint and boosts the performance. Meanwhile, it may cause accuracy drop without a proper scaling factor
INFO 05-22 08:42:07 [arg_utils.py:1844] Inferred data_parallel_rank 0 from node_rank 1
INFO 05-22 08:42:07 [scheduler.py:239] Chunked prefill is enabled with max_num_batched_tokens=8192.
INFO 05-22 08:42:07 [vllm.py:895] Asynchronous scheduling is enabled.
INFO 05-22 08:42:07 [kernel.py:212] Final IR op priority after setting platform defaults: IrOpPriorityConfig(rms_norm=['native'], fused_add_rms_norm=['native'])
WARNING 05-22 08:42:08 [vllm.py:1309] Auto-initialization of reasoning token IDs failed. Please check whether your reasoning parser has implemented the `reasoning_start_str` and `reasoning_end_str`.
INFO 05-22 08:42:08 [compilation.py:312] Enabled custom fusions: norm_quant, act_quant
INFO 05-22 08:42:08 [serve.py:186] Launching vLLM (v0.1.dev16581+gdda4668b5.d20260521) headless multiproc executor, with head node address 10.10.100.10:29536 for torch.distributed process group.
WARNING 05-22 08:42:08 [multiproc_executor.py:1029] Reducing Torch parallelism from 20 threads to 1 to avoid unnecessary CPU contention. Set OMP_NUM_THREADS in the external environment to tune this value as needed.
(Worker pid=126) INFO 05-22 08:42:11 [parallel_state.py:1410] world_size=3 rank=1 local_rank=0 distributed_init_method=tcp://10.10.100.10:29536 backend=nccl
[rank1]:[W522 08:42:23.602757875 TCPStore.cpp:125] [c10d] recvValue failed on SocketImpl(fd=29, addr=[spark1-ring]:36304, remote=[spark0-ring]:29536): Failed to recv, got 0 bytes. Connection was likely closed. Did the remote server shutdown or crash?
Exception raised from recvBytes at /pytorch/torch/csrc/distributed/c10d/Utils.hpp:682 (most recent call first):
frame #0: c10::Error::Error(c10::SourceLocation, std::__cxx11::basic_string<char, std::char_traits<char>, std::allocator<char> >) + 0xc8 (0xfafa6bff66e8 in /usr/local/lib/python3.12/dist-packages/torch/lib/libc10.so)
frame #1: <unknown function> + 0x66f5c14 (0xfafa88255c14 in /usr/local/lib/python3.12/dist-packages/torch/lib/libtorch_cpu.so)
frame #2: c10d::TCPStore::check(std::vector<std::__cxx11::basic_string<char, std::char_traits<char>, std::allocator<char> >, std::allocator<std::__cxx11::basic_string<char, std::char_traits<char>, std::allocator<char> > > > const&) + 0x1c4 (0xfafa8825e2b4 in /usr/local/lib/python3.12/dist-packages/torch/lib/libtorch_cpu.so)
frame #3: c10d::ProcessGroupNCCL::HeartbeatMonitor::runLoop() + 0x380 (0xfafa6ceddb30 in /usr/local/lib/python3.12/dist-packages/torch/lib/libtorch_cuda.so)
frame #4: <unknown function> + 0xe1ae0 (0xfafb1b0a1ae0 in /usr/lib/aarch64-linux-gnu/libstdc++.so.6)
frame #5: <unknown function> + 0x8595c (0xfafb1bd6595c in /usr/lib/aarch64-linux-gnu/libc.so.6)
frame #6: <unknown function> + 0xebb4c (0xfafb1bdcbb4c in /usr/lib/aarch64-linux-gnu/libc.so.6)

[rank1]:[W522 08:42:23.604112343 ProcessGroupNCCL.cpp:1826] [PG ID 0 PG GUID 0 Rank 1] Failed to check the "should dump" flag on TCPStore, (maybe TCPStore server has shut down too early), with error: Failed to recv, got 0 bytes. Connection was likely closed. Did the remote server shutdown or crash?
[rank1]:[W522 08:42:24.604949609 TCPStore.cpp:106] [c10d] sendBytes failed on SocketImpl(fd=29, addr=[spark1-ring]:36304, remote=[spark0-ring]:29536): Broken pipe
Exception raised from sendBytes at /pytorch/torch/csrc/distributed/c10d/Utils.hpp:653 (most recent call first):
frame #0: c10::Error::Error(c10::SourceLocation, std::__cxx11::basic_string<char, std::char_traits<char>, std::allocator<char> >) + 0xc8 (0xfafa6bff66e8 in /usr/local/lib/python3.12/dist-packages/torch/lib/libc10.so)
frame #1: <unknown function> + 0x66f513c (0xfafa8825513c in /usr/local/lib/python3.12/dist-packages/torch/lib/libtorch_cpu.so)
frame #2: c10d::TCPStore::check(std::vector<std::__cxx11::basic_string<char, std::char_traits<char>, std::allocator<char> >, std::allocator<std::__cxx11::basic_string<char, std::char_traits<char>, std::allocator<char> > > > const&) + 0x1a4 (0xfafa8825e294 in /usr/local/lib/python3.12/dist-packages/torch/lib/libtorch_cpu.so)
frame #3: c10d::ProcessGroupNCCL::HeartbeatMonitor::runLoop() + 0x380 (0xfafa6ceddb30 in /usr/local/lib/python3.12/dist-packages/torch/lib/libtorch_cuda.so)
frame #4: <unknown function> + 0xe1ae0 (0xfafb1b0a1ae0 in /usr/lib/aarch64-linux-gnu/libstdc++.so.6)
frame #5: <unknown function> + 0x8595c (0xfafb1bd6595c in /usr/lib/aarch64-linux-gnu/libc.so.6)
frame #6: <unknown function> + 0xebb4c (0xfafb1bdcbb4c in /usr/lib/aarch64-linux-gnu/libc.so.6)

[rank1]:[W522 08:42:24.606378426 ProcessGroupNCCL.cpp:1826] [PG ID 0 PG GUID 0 Rank 1] Failed to check the "should dump" flag on TCPStore, (maybe TCPStore server has shut down too early), with error: Broken pipe
[rank1]:[W522 08:42:25.607231594 TCPStore.cpp:106] [c10d] sendBytes failed on SocketImpl(fd=29, addr=[spark1-ring]:36304, remote=[spark0-ring]:29536): Broken pipe
Exception raised from sendBytes at /pytorch/torch/csrc/distributed/c10d/Utils.hpp:653 (most recent call first):
frame #0: c10::Error::Error(c10::SourceLocation, std::__cxx11::basic_string<char, std::char_traits<char>, std::allocator<char> >) + 0xc8 (0xfafa6bff66e8 in /usr/local/lib/python3.12/dist-packages/torch/lib/libc10.so)
frame #1: <unknown function> + 0x66f513c (0xfafa8825513c in /usr/local/lib/python3.12/dist-packages/torch/lib/libtorch_cpu.so)
frame #2: c10d::TCPStore::check(std::vector<std::__cxx11::basic_string<char, std::char_traits<char>, std::allocator<char> >, std::allocator<std::__cxx11::basic_string<char, std::char_traits<char>, std::allocator<char> > > > const&) + 0x1a4 (0xfafa8825e294 in /usr/local/lib/python3.12/dist-packages/torch/lib/libtorch_cpu.so)
frame #3: c10d::ProcessGroupNCCL::HeartbeatMonitor::runLoop() + 0x380 (0xfafa6ceddb30 in /usr/local/lib/python3.12/dist-packages/torch/lib/libtorch_cuda.so)
frame #4: <unknown function> + 0xe1ae0 (0xfafb1b0a1ae0 in /usr/lib/aarch64-linux-gnu/libstdc++.so.6)
frame #5: <unknown function> + 0x8595c (0xfafb1bd6595c in /usr/lib/aarch64-linux-gnu/libc.so.6)
frame #6: <unknown function> + 0xebb4c (0xfafb1bdcbb4c in /usr/lib/aarch64-linux-gnu/libc.so.6)

[rank1]:[W522 08:42:25.608603646 ProcessGroupNCCL.cpp:1826] [PG ID 0 PG GUID 0 Rank 1] Failed to check the "should dump" flag on TCPStore, (maybe TCPStore server has shut down too early), with error: Broken pipe
[rank1]:[W522 08:42:26.609362160 TCPStore.cpp:106] [c10d] sendBytes failed on SocketImpl(fd=29, addr=[spark1-ring]:36304, remote=[spark0-ring]:29536): Broken pipe
Exception raised from sendBytes at /pytorch/torch/csrc/distributed/c10d/Utils.hpp:653 (most recent call first):
frame #0: c10::Error::Error(c10::SourceLocation, std::__cxx11::basic_string<char, std::char_traits<char>, std::allocator<char> >) + 0xc8 (0xfafa6bff66e8 in /usr/local/lib/python3.12/dist-packages/torch/lib/libc10.so)
frame #1: <unknown function> + 0x66f513c (0xfafa8825513c in /usr/local/lib/python3.12/dist-packages/torch/lib/libtorch_cpu.so)
frame #2: c10d::TCPStore::check(std::vector<std::__cxx11::basic_string<char, std::char_traits<char>, std::allocator<char> >, std::allocator<std::__cxx11::basic_string<char, std::char_traits<char>, std::allocator<char> > > > const&) + 0x1a4 (0xfafa8825e294 in /usr/local/lib/python3.12/dist-packages/torch/lib/libtorch_cpu.so)
frame #3: c10d::ProcessGroupNCCL::HeartbeatMonitor::runLoop() + 0x380 (0xfafa6ceddb30 in /usr/local/lib/python3.12/dist-packages/torch/lib/libtorch_cuda.so)
frame #4: <unknown function> + 0xe1ae0 (0xfafb1b0a1ae0 in /usr/lib/aarch64-linux-gnu/libstdc++.so.6)
frame #5: <unknown function> + 0x8595c (0xfafb1bd6595c in /usr/lib/aarch64-linux-gnu/libc.so.6)
frame #6: <unknown function> + 0xebb4c (0xfafb1bdcbb4c in /usr/lib/aarch64-linux-gnu/libc.so.6)

[rank1]:[W522 08:42:26.610711509 ProcessGroupNCCL.cpp:1826] [PG ID 0 PG GUID 0 Rank 1] Failed to check the "should dump" flag on TCPStore, (maybe TCPStore server has shut down too early), with error: Broken pipe
[rank1]:[W522 08:42:27.611559282 TCPStore.cpp:106] [c10d] sendBytes failed on SocketImpl(fd=29, addr=[spark1-ring]:36304, remote=[spark0-ring]:29536): Broken pipe
Exception raised from sendBytes at /pytorch/torch/csrc/distributed/c10d/Utils.hpp:653 (most recent call first):
frame #0: c10::Error::Error(c10::SourceLocation, std::__cxx11::basic_string<char, std::char_traits<char>, std::allocator<char> >) + 0xc8 (0xfafa6bff66e8 in /usr/local/lib/python3.12/dist-packages/torch/lib/libc10.so)
frame #1: <unknown function> + 0x66f513c (0xfafa8825513c in /usr/local/lib/python3.12/dist-packages/torch/lib/libtorch_cpu.so)
frame #2: c10d::TCPStore::check(std::vector<std::__cxx11::basic_string<char, std::char_traits<char>, std::allocator<char> >, std::allocator<std::__cxx11::basic_string<char, std::char_traits<char>, std::allocator<char> > > > const&) + 0x1a4 (0xfafa8825e294 in /usr/local/lib/python3.12/dist-packages/torch/lib/libtorch_cpu.so)
frame #3: c10d::ProcessGroupNCCL::HeartbeatMonitor::runLoop() + 0x380 (0xfafa6ceddb30 in /usr/local/lib/python3.12/dist-packages/torch/lib/libtorch_cuda.so)
frame #4: <unknown function> + 0xe1ae0 (0xfafb1b0a1ae0 in /usr/lib/aarch64-linux-gnu/libstdc++.so.6)
frame #5: <unknown function> + 0x8595c (0xfafb1bd6595c in /usr/lib/aarch64-linux-gnu/libc.so.6)
frame #6: <unknown function> + 0xebb4c (0xfafb1bdcbb4c in /usr/lib/aarch64-linux-gnu/libc.so.6)

[rank1]:[W522 08:42:27.612974708 ProcessGroupNCCL.cpp:1826] [PG ID 0 PG GUID 0 Rank 1] Failed to check the "should dump" flag on TCPStore, (maybe TCPStore server has shut down too early), with error: Broken pipe
[rank1]:[W522 08:42:28.613631636 TCPStore.cpp:106] [c10d] sendBytes failed on SocketImpl(fd=29, addr=[spark1-ring]:36304, remote=[spark0-ring]:29536): Broken pipe
Exception raised from sendBytes at /pytorch/torch/csrc/distributed/c10d/Utils.hpp:653 (most recent call first):
frame #0: c10::Error::Error(c10::SourceLocation, std::__cxx11::basic_string<char, std::char_traits<char>, std::allocator<char> >) + 0xc8 (0xfafa6bff66e8 in /usr/local/lib/python3.12/dist-packages/torch/lib/libc10.so)
frame #1: <unknown function> + 0x66f513c (0xfafa8825513c in /usr/local/lib/python3.12/dist-packages/torch/lib/libtorch_cpu.so)
frame #2: c10d::TCPStore::check(std::vector<std::__cxx11::basic_string<char, std::char_traits<char>, std::allocator<char> >, std::allocator<std::__cxx11::basic_string<char, std::char_traits<char>, std::allocator<char> > > > const&) + 0x1a4 (0xfafa8825e294 in /usr/local/lib/python3.12/dist-packages/torch/lib/libtorch_cpu.so)
frame #3: c10d::ProcessGroupNCCL::HeartbeatMonitor::runLoop() + 0x380 (0xfafa6ceddb30 in /usr/local/lib/python3.12/dist-packages/torch/lib/libtorch_cuda.so)
frame #4: <unknown function> + 0xe1ae0 (0xfafb1b0a1ae0 in /usr/lib/aarch64-linux-gnu/libstdc++.so.6)
frame #5: <unknown function> + 0x8595c (0xfafb1bd6595c in /usr/lib/aarch64-linux-gnu/libc.so.6)
frame #6: <unknown function> + 0xebb4c (0xfafb1bdcbb4c in /usr/lib/aarch64-linux-gnu/libc.so.6)

[rank1]:[W522 08:42:28.614965146 ProcessGroupNCCL.cpp:1826] [PG ID 0 PG GUID 0 Rank 1] Failed to check the "should dump" flag on TCPStore, (maybe TCPStore server has shut down too early), with error: Broken pipe
[rank1]:[W522 08:42:29.615944668 TCPStore.cpp:106] [c10d] sendBytes failed on SocketImpl(fd=29, addr=[spark1-ring]:36304, remote=[spark0-ring]:29536): Broken pipe
Exception raised from sendBytes at /pytorch/torch/csrc/distributed/c10d/Utils.hpp:653 (most recent call first):
frame #0: c10::Error::Error(c10::SourceLocation, std::__cxx11::basic_string<char, std::char_traits<char>, std::allocator<char> >) + 0xc8 (0xfafa6bff66e8 in /usr/local/lib/python3.12/dist-packages/torch/lib/libc10.so)
frame #1: <unknown function> + 0x66f513c (0xfafa8825513c in /usr/local/lib/python3.12/dist-packages/torch/lib/libtorch_cpu.so)
frame #2: c10d::TCPStore::check(std::vector<std::__cxx11::basic_string<char, std::char_traits<char>, std::allocator<char> >, std::allocator<std::__cxx11::basic_string<char, std::char_traits<char>, std::allocator<char> > > > const&) + 0x1a4 (0xfafa8825e294 in /usr/local/lib/python3.12/dist-packages/torch/lib/libtorch_cpu.so)
frame #3: c10d::ProcessGroupNCCL::HeartbeatMonitor::runLoop() + 0x380 (0xfafa6ceddb30 in /usr/local/lib/python3.12/dist-packages/torch/lib/libtorch_cuda.so)
frame #4: <unknown function> + 0xe1ae0 (0xfafb1b0a1ae0 in /usr/lib/aarch64-linux-gnu/libstdc++.so.6)
frame #5: <unknown function> + 0x8595c (0xfafb1bd6595c in /usr/lib/aarch64-linux-gnu/libc.so.6)
frame #6: <unknown function> + 0xebb4c (0xfafb1bdcbb4c in /usr/lib/aarch64-linux-gnu/libc.so.6)

[rank1]:[W522 08:42:29.617278546 ProcessGroupNCCL.cpp:1826] [PG ID 0 PG GUID 0 Rank 1] Failed to check the "should dump" flag on TCPStore, (maybe TCPStore server has shut down too early), with error: Broken pipe
[rank1]:[W522 08:42:30.618130822 TCPStore.cpp:106] [c10d] sendBytes failed on SocketImpl(fd=29, addr=[spark1-ring]:36304, remote=[spark0-ring]:29536): Broken pipe
Exception raised from sendBytes at /pytorch/torch/csrc/distributed/c10d/Utils.hpp:653 (most recent call first):
frame #0: c10::Error::Error(c10::SourceLocation, std::__cxx11::basic_string<char, std::char_traits<char>, std::allocator<char> >) + 0xc8 (0xfafa6bff66e8 in /usr/local/lib/python3.12/dist-packages/torch/lib/libc10.so)
frame #1: <unknown function> + 0x66f513c (0xfafa8825513c in /usr/local/lib/python3.12/dist-packages/torch/lib/libtorch_cpu.so)
frame #2: c10d::TCPStore::check(std::vector<std::__cxx11::basic_string<char, std::char_traits<char>, std::allocator<char> >, std::allocator<std::__cxx11::basic_string<char, std::char_traits<char>, std::allocator<char> > > > const&) + 0x1a4 (0xfafa8825e294 in /usr/local/lib/python3.12/dist-packages/torch/lib/libtorch_cpu.so)
frame #3: c10d::ProcessGroupNCCL::HeartbeatMonitor::runLoop() + 0x380 (0xfafa6ceddb30 in /usr/local/lib/python3.12/dist-packages/torch/lib/libtorch_cuda.so)
frame #4: <unknown function> + 0xe1ae0 (0xfafb1b0a1ae0 in /usr/lib/aarch64-linux-gnu/libstdc++.so.6)
frame #5: <unknown function> + 0x8595c (0xfafb1bd6595c in /usr/lib/aarch64-linux-gnu/libc.so.6)
frame #6: <unknown function> + 0xebb4c (0xfafb1bdcbb4c in /usr/lib/aarch64-linux-gnu/libc.so.6)

[rank1]:[W522 08:42:30.619531434 ProcessGroupNCCL.cpp:1826] [PG ID 0 PG GUID 0 Rank 1] Failed to check the "should dump" flag on TCPStore, (maybe TCPStore server has shut down too early), with error: Broken pipe
[rank1]:[W522 08:42:31.620379371 TCPStore.cpp:106] [c10d] sendBytes failed on SocketImpl(fd=29, addr=[spark1-ring]:36304, remote=[spark0-ring]:29536): Broken pipe
Exception raised from sendBytes at /pytorch/torch/csrc/distributed/c10d/Utils.hpp:653 (most recent call first):
frame #0: c10::Error::Error(c10::SourceLocation, std::__cxx11::basic_string<char, std::char_traits<char>, std::allocator<char> >) + 0xc8 (0xfafa6bff66e8 in /usr/local/lib/python3.12/dist-packages/torch/lib/libc10.so)
frame #1: <unknown function> + 0x66f513c (0xfafa8825513c in /usr/local/lib/python3.12/dist-packages/torch/lib/libtorch_cpu.so)
frame #2: c10d::TCPStore::check(std::vector<std::__cxx11::basic_string<char, std::char_traits<char>, std::allocator<char> >, std::allocator<std::__cxx11::basic_string<char, std::char_traits<char>, std::allocator<char> > > > const&) + 0x1a4 (0xfafa8825e294 in /usr/local/lib/python3.12/dist-packages/torch/lib/libtorch_cpu.so)
frame #3: c10d::ProcessGroupNCCL::HeartbeatMonitor::runLoop() + 0x380 (0xfafa6ceddb30 in /usr/local/lib/python3.12/dist-packages/torch/lib/libtorch_cuda.so)
frame #4: <unknown function> + 0xe1ae0 (0xfafb1b0a1ae0 in /usr/lib/aarch64-linux-gnu/libstdc++.so.6)
frame #5: <unknown function> + 0x8595c (0xfafb1bd6595c in /usr/lib/aarch64-linux-gnu/libc.so.6)
frame #6: <unknown function> + 0xebb4c (0xfafb1bdcbb4c in /usr/lib/aarch64-linux-gnu/libc.so.6)

[rank1]:[W522 08:42:31.621708594 ProcessGroupNCCL.cpp:1826] [PG ID 0 PG GUID 0 Rank 1] Failed to check the "should dump" flag on TCPStore, (maybe TCPStore server has shut down too early), with error: Broken pipe
[rank1]:[W522 08:42:32.622569152 TCPStore.cpp:106] [c10d] sendBytes failed on SocketImpl(fd=29, addr=[spark1-ring]:36304, remote=[spark0-ring]:29536): Broken pipe
Exception raised from sendBytes at /pytorch/torch/csrc/distributed/c10d/Utils.hpp:653 (most recent call first):
frame #0: c10::Error::Error(c10::SourceLocation, std::__cxx11::basic_string<char, std::char_traits<char>, std::allocator<char> >) + 0xc8 (0xfafa6bff66e8 in /usr/local/lib/python3.12/dist-packages/torch/lib/libc10.so)
frame #1: <unknown function> + 0x66f513c (0xfafa8825513c in /usr/local/lib/python3.12/dist-packages/torch/lib/libtorch_cpu.so)
frame #2: c10d::TCPStore::check(std::vector<std::__cxx11::basic_string<char, std::char_traits<char>, std::allocator<char> >, std::allocator<std::__cxx11::basic_string<char, std::char_traits<char>, std::allocator<char> > > > const&) + 0x1a4 (0xfafa8825e294 in /usr/local/lib/python3.12/dist-packages/torch/lib/libtorch_cpu.so)
frame #3: c10d::ProcessGroupNCCL::HeartbeatMonitor::runLoop() + 0x380 (0xfafa6ceddb30 in /usr/local/lib/python3.12/dist-packages/torch/lib/libtorch_cuda.so)
frame #4: <unknown function> + 0xe1ae0 (0xfafb1b0a1ae0 in /usr/lib/aarch64-linux-gnu/libstdc++.so.6)
frame #5: <unknown function> + 0x8595c (0xfafb1bd6595c in /usr/lib/aarch64-linux-gnu/libc.so.6)
frame #6: <unknown function> + 0xebb4c (0xfafb1bdcbb4c in /usr/lib/aarch64-linux-gnu/libc.so.6)

[rank1]:[W522 08:42:32.624067920 ProcessGroupNCCL.cpp:1826] [PG ID 0 PG GUID 0 Rank 1] Failed to check the "should dump" flag on TCPStore, (maybe TCPStore server has shut down too early), with error: Broken pipe
[rank1]:[W522 08:42:33.624917244 TCPStore.cpp:106] [c10d] sendBytes failed on SocketImpl(fd=29, addr=[spark1-ring]:36304, remote=[spark0-ring]:29536): Broken pipe
Exception raised from sendBytes at /pytorch/torch/csrc/distributed/c10d/Utils.hpp:653 (most recent call first):
frame #0: c10::Error::Error(c10::SourceLocation, std::__cxx11::basic_string<char, std::char_traits<char>, std::allocator<char> >) + 0xc8 (0xfafa6bff66e8 in /usr/local/lib/python3.12/dist-packages/torch/lib/libc10.so)
frame #1: <unknown function> + 0x66f513c (0xfafa8825513c in /usr/local/lib/python3.12/dist-packages/torch/lib/libtorch_cpu.so)
frame #2: c10d::TCPStore::check(std::vector<std::__cxx11::basic_string<char, std::char_traits<char>, std::allocator<char> >, std::allocator<std::__cxx11::basic_string<char, std::char_traits<char>, std::allocator<char> > > > const&) + 0x1a4 (0xfafa8825e294 in /usr/local/lib/python3.12/dist-packages/torch/lib/libtorch_cpu.so)
frame #3: c10d::ProcessGroupNCCL::HeartbeatMonitor::runLoop() + 0x380 (0xfafa6ceddb30 in /usr/local/lib/python3.12/dist-packages/torch/lib/libtorch_cuda.so)
frame #4: <unknown function> + 0xe1ae0 (0xfafb1b0a1ae0 in /usr/lib/aarch64-linux-gnu/libstdc++.so.6)
frame #5: <unknown function> + 0x8595c (0xfafb1bd6595c in /usr/lib/aarch64-linux-gnu/libc.so.6)
frame #6: <unknown function> + 0xebb4c (0xfafb1bdcbb4c in /usr/lib/aarch64-linux-gnu/libc.so.6)

[rank1]:[W522 08:42:33.626312080 ProcessGroupNCCL.cpp:1826] [PG ID 0 PG GUID 0 Rank 1] Failed to check the "should dump" flag on TCPStore, (maybe TCPStore server has shut down too early), with error: Broken pipe
[rank1]:[W522 08:42:34.627066236 TCPStore.cpp:106] [c10d] sendBytes failed on SocketImpl(fd=29, addr=[spark1-ring]:36304, remote=[spark0-ring]:29536): Broken pipe
Exception raised from sendBytes at /pytorch/torch/csrc/distributed/c10d/Utils.hpp:653 (most recent call first):
frame #0: c10::Error::Error(c10::SourceLocation, std::__cxx11::basic_string<char, std::char_traits<char>, std::allocator<char> >) + 0xc8 (0xfafa6bff66e8 in /usr/local/lib/python3.12/dist-packages/torch/lib/libc10.so)
frame #1: <unknown function> + 0x66f513c (0xfafa8825513c in /usr/local/lib/python3.12/dist-packages/torch/lib/libtorch_cpu.so)
frame #2: c10d::TCPStore::check(std::vector<std::__cxx11::basic_string<char, std::char_traits<char>, std::allocator<char> >, std::allocator<std::__cxx11::basic_string<char, std::char_traits<char>, std::allocator<char> > > > const&) + 0x1a4 (0xfafa8825e294 in /usr/local/lib/python3.12/dist-packages/torch/lib/libtorch_cpu.so)
frame #3: c10d::ProcessGroupNCCL::HeartbeatMonitor::runLoop() + 0x380 (0xfafa6ceddb30 in /usr/local/lib/python3.12/dist-packages/torch/lib/libtorch_cuda.so)
frame #4: <unknown function> + 0xe1ae0 (0xfafb1b0a1ae0 in /usr/lib/aarch64-linux-gnu/libstdc++.so.6)
frame #5: <unknown function> + 0x8595c (0xfafb1bd6595c in /usr/lib/aarch64-linux-gnu/libc.so.6)
frame #6: <unknown function> + 0xebb4c (0xfafb1bdcbb4c in /usr/lib/aarch64-linux-gnu/libc.so.6)

[rank1]:[W522 08:42:34.628393843 ProcessGroupNCCL.cpp:1826] [PG ID 0 PG GUID 0 Rank 1] Failed to check the "should dump" flag on TCPStore, (maybe TCPStore server has shut down too early), with error: Broken pipe
[rank1]:[W522 08:42:35.629190602 TCPStore.cpp:106] [c10d] sendBytes failed on SocketImpl(fd=29, addr=[spark1-ring]:36304, remote=[spark0-ring]:29536): Broken pipe
Exception raised from sendBytes at /pytorch/torch/csrc/distributed/c10d/Utils.hpp:653 (most recent call first):
frame #0: c10::Error::Error(c10::SourceLocation, std::__cxx11::basic_string<char, std::char_traits<char>, std::allocator<char> >) + 0xc8 (0xfafa6bff66e8 in /usr/local/lib/python3.12/dist-packages/torch/lib/libc10.so)
frame #1: <unknown function> + 0x66f513c (0xfafa8825513c in /usr/local/lib/python3.12/dist-packages/torch/lib/libtorch_cpu.so)
frame #2: c10d::TCPStore::check(std::vector<std::__cxx11::basic_string<char, std::char_traits<char>, std::allocator<char> >, std::allocator<std::__cxx11::basic_string<char, std::char_traits<char>, std::allocator<char> > > > const&) + 0x1a4 (0xfafa8825e294 in /usr/local/lib/python3.12/dist-packages/torch/lib/libtorch_cpu.so)
frame #3: c10d::ProcessGroupNCCL::HeartbeatMonitor::runLoop() + 0x380 (0xfafa6ceddb30 in /usr/local/lib/python3.12/dist-packages/torch/lib/libtorch_cuda.so)
frame #4: <unknown function> + 0xe1ae0 (0xfafb1b0a1ae0 in /usr/lib/aarch64-linux-gnu/libstdc++.so.6)
frame #5: <unknown function> + 0x8595c (0xfafb1bd6595c in /usr/lib/aarch64-linux-gnu/libc.so.6)
frame #6: <unknown function> + 0xebb4c (0xfafb1bdcbb4c in /usr/lib/aarch64-linux-gnu/libc.so.6)

[rank1]:[W522 08:42:35.630520897 ProcessGroupNCCL.cpp:1826] [PG ID 0 PG GUID 0 Rank 1] Failed to check the "should dump" flag on TCPStore, (maybe TCPStore server has shut down too early), with error: Broken pipe
[rank1]:[W522 08:42:36.631370387 TCPStore.cpp:106] [c10d] sendBytes failed on SocketImpl(fd=29, addr=[spark1-ring]:36304, remote=[spark0-ring]:29536): Broken pipe
Exception raised from sendBytes at /pytorch/torch/csrc/distributed/c10d/Utils.hpp:653 (most recent call first):
frame #0: c10::Error::Error(c10::SourceLocation, std::__cxx11::basic_string<char, std::char_traits<char>, std::allocator<char> >) + 0xc8 (0xfafa6bff66e8 in /usr/local/lib/python3.12/dist-packages/torch/lib/libc10.so)
frame #1: <unknown function> + 0x66f513c (0xfafa8825513c in /usr/local/lib/python3.12/dist-packages/torch/lib/libtorch_cpu.so)
frame #2: c10d::TCPStore::check(std::vector<std::__cxx11::basic_string<char, std::char_traits<char>, std::allocator<char> >, std::allocator<std::__cxx11::basic_string<char, std::char_traits<char>, std::allocator<char> > > > const&) + 0x1a4 (0xfafa8825e294 in /usr/local/lib/python3.12/dist-packages/torch/lib/libtorch_cpu.so)
frame #3: c10d::ProcessGroupNCCL::HeartbeatMonitor::runLoop() + 0x380 (0xfafa6ceddb30 in /usr/local/lib/python3.12/dist-packages/torch/lib/libtorch_cuda.so)
frame #4: <unknown function> + 0xe1ae0 (0xfafb1b0a1ae0 in /usr/lib/aarch64-linux-gnu/libstdc++.so.6)
frame #5: <unknown function> + 0x8595c (0xfafb1bd6595c in /usr/lib/aarch64-linux-gnu/libc.so.6)
frame #6: <unknown function> + 0xebb4c (0xfafb1bdcbb4c in /usr/lib/aarch64-linux-gnu/libc.so.6)

[rank1]:[W522 08:42:36.632755736 ProcessGroupNCCL.cpp:1826] [PG ID 0 PG GUID 0 Rank 1] Failed to check the "should dump" flag on TCPStore, (maybe TCPStore server has shut down too early), with error: Broken pipe
[rank1]:[W522 08:42:37.633225781 TCPStore.cpp:106] [c10d] sendBytes failed on SocketImpl(fd=29, addr=[spark1-ring]:36304, remote=[spark0-ring]:29536): Broken pipe
Exception raised from sendBytes at /pytorch/torch/csrc/distributed/c10d/Utils.hpp:653 (most recent call first):
frame #0: c10::Error::Error(c10::SourceLocation, std::__cxx11::basic_string<char, std::char_traits<char>, std::allocator<char> >) + 0xc8 (0xfafa6bff66e8 in /usr/local/lib/python3.12/dist-packages/torch/lib/libc10.so)
frame #1: <unknown function> + 0x66f513c (0xfafa8825513c in /usr/local/lib/python3.12/dist-packages/torch/lib/libtorch_cpu.so)
frame #2: c10d::TCPStore::check(std::vector<std::__cxx11::basic_string<char, std::char_traits<char>, std::allocator<char> >, std::allocator<std::__cxx11::basic_string<char, std::char_traits<char>, std::allocator<char> > > > const&) + 0x1a4 (0xfafa8825e294 in /usr/local/lib/python3.12/dist-packages/torch/lib/libtorch_cpu.so)
frame #3: c10d::ProcessGroupNCCL::HeartbeatMonitor::runLoop() + 0x380 (0xfafa6ceddb30 in /usr/local/lib/python3.12/dist-packages/torch/lib/libtorch_cuda.so)
frame #4: <unknown function> + 0xe1ae0 (0xfafb1b0a1ae0 in /usr/lib/aarch64-linux-gnu/libstdc++.so.6)
frame #5: <unknown function> + 0x8595c (0xfafb1bd6595c in /usr/lib/aarch64-linux-gnu/libc.so.6)
frame #6: <unknown function> + 0xebb4c (0xfafb1bdcbb4c in /usr/lib/aarch64-linux-gnu/libc.so.6)

[rank1]:[W522 08:42:37.634573148 ProcessGroupNCCL.cpp:1826] [PG ID 0 PG GUID 0 Rank 1] Failed to check the "should dump" flag on TCPStore, (maybe TCPStore server has shut down too early), with error: Broken pipe
[rank1]:[W522 08:42:38.634701523 TCPStore.cpp:106] [c10d] sendBytes failed on SocketImpl(fd=29, addr=[spark1-ring]:36304, remote=[spark0-ring]:29536): Broken pipe
Exception raised from sendBytes at /pytorch/torch/csrc/distributed/c10d/Utils.hpp:653 (most recent call first):
frame #0: c10::Error::Error(c10::SourceLocation, std::__cxx11::basic_string<char, std::char_traits<char>, std::allocator<char> >) + 0xc8 (0xfafa6bff66e8 in /usr/local/lib/python3.12/dist-packages/torch/lib/libc10.so)
frame #1: <unknown function> + 0x66f513c (0xfafa8825513c in /usr/local/lib/python3.12/dist-packages/torch/lib/libtorch_cpu.so)
frame #2: c10d::TCPStore::check(std::vector<std::__cxx11::basic_string<char, std::char_traits<char>, std::allocator<char> >, std::allocator<std::__cxx11::basic_string<char, std::char_traits<char>, std::allocator<char> > > > const&) + 0x1a4 (0xfafa8825e294 in /usr/local/lib/python3.12/dist-packages/torch/lib/libtorch_cpu.so)
frame #3: c10d::ProcessGroupNCCL::HeartbeatMonitor::runLoop() + 0x380 (0xfafa6ceddb30 in /usr/local/lib/python3.12/dist-packages/torch/lib/libtorch_cuda.so)
frame #4: <unknown function> + 0xe1ae0 (0xfafb1b0a1ae0 in /usr/lib/aarch64-linux-gnu/libstdc++.so.6)
frame #5: <unknown function> + 0x8595c (0xfafb1bd6595c in /usr/lib/aarch64-linux-gnu/libc.so.6)
frame #6: <unknown function> + 0xebb4c (0xfafb1bdcbb4c in /usr/lib/aarch64-linux-gnu/libc.so.6)

[rank1]:[W522 08:42:38.636041802 ProcessGroupNCCL.cpp:1826] [PG ID 0 PG GUID 0 Rank 1] Failed to check the "should dump" flag on TCPStore, (maybe TCPStore server has shut down too early), with error: Broken pipe
[rank1]:[W522 08:42:39.636666649 TCPStore.cpp:106] [c10d] sendBytes failed on SocketImpl(fd=29, addr=[spark1-ring]:36304, remote=[spark0-ring]:29536): Broken pipe
Exception raised from sendBytes at /pytorch/torch/csrc/distributed/c10d/Utils.hpp:653 (most recent call first):
frame #0: c10::Error::Error(c10::SourceLocation, std::__cxx11::basic_string<char, std::char_traits<char>, std::allocator<char> >) + 0xc8 (0xfafa6bff66e8 in /usr/local/lib/python3.12/dist-packages/torch/lib/libc10.so)
frame #1: <unknown function> + 0x66f513c (0xfafa8825513c in /usr/local/lib/python3.12/dist-packages/torch/lib/libtorch_cpu.so)
frame #2: c10d::TCPStore::check(std::vector<std::__cxx11::basic_string<char, std::char_traits<char>, std::allocator<char> >, std::allocator<std::__cxx11::basic_string<char, std::char_traits<char>, std::allocator<char> > > > const&) + 0x1a4 (0xfafa8825e294 in /usr/local/lib/python3.12/dist-packages/torch/lib/libtorch_cpu.so)
frame #3: c10d::ProcessGroupNCCL::HeartbeatMonitor::runLoop() + 0x380 (0xfafa6ceddb30 in /usr/local/lib/python3.12/dist-packages/torch/lib/libtorch_cuda.so)
frame #4: <unknown function> + 0xe1ae0 (0xfafb1b0a1ae0 in /usr/lib/aarch64-linux-gnu/libstdc++.so.6)
frame #5: <unknown function> + 0x8595c (0xfafb1bd6595c in /usr/lib/aarch64-linux-gnu/libc.so.6)
frame #6: <unknown function> + 0xebb4c (0xfafb1bdcbb4c in /usr/lib/aarch64-linux-gnu/libc.so.6)

[rank1]:[W522 08:42:39.638084013 ProcessGroupNCCL.cpp:1826] [PG ID 0 PG GUID 0 Rank 1] Failed to check the "should dump" flag on TCPStore, (maybe TCPStore server has shut down too early), with error: Broken pipe
[rank1]:[W522 08:42:40.638911727 TCPStore.cpp:106] [c10d] sendBytes failed on SocketImpl(fd=29, addr=[spark1-ring]:36304, remote=[spark0-ring]:29536): Broken pipe
Exception raised from sendBytes at /pytorch/torch/csrc/distributed/c10d/Utils.hpp:653 (most recent call first):
frame #0: c10::Error::Error(c10::SourceLocation, std::__cxx11::basic_string<char, std::char_traits<char>, std::allocator<char> >) + 0xc8 (0xfafa6bff66e8 in /usr/local/lib/python3.12/dist-packages/torch/lib/libc10.so)
frame #1: <unknown function> + 0x66f513c (0xfafa8825513c in /usr/local/lib/python3.12/dist-packages/torch/lib/libtorch_cpu.so)
frame #2: c10d::TCPStore::check(std::vector<std::__cxx11::basic_string<char, std::char_traits<char>, std::allocator<char> >, std::allocator<std::__cxx11::basic_string<char, std::char_traits<char>, std::allocator<char> > > > const&) + 0x1a4 (0xfafa8825e294 in /usr/local/lib/python3.12/dist-packages/torch/lib/libtorch_cpu.so)
frame #3: c10d::ProcessGroupNCCL::HeartbeatMonitor::runLoop() + 0x380 (0xfafa6ceddb30 in /usr/local/lib/python3.12/dist-packages/torch/lib/libtorch_cuda.so)
frame #4: <unknown function> + 0xe1ae0 (0xfafb1b0a1ae0 in /usr/lib/aarch64-linux-gnu/libstdc++.so.6)
frame #5: <unknown function> + 0x8595c (0xfafb1bd6595c in /usr/lib/aarch64-linux-gnu/libc.so.6)
frame #6: <unknown function> + 0xebb4c (0xfafb1bdcbb4c in /usr/lib/aarch64-linux-gnu/libc.so.6)

[rank1]:[W522 08:42:40.640232679 ProcessGroupNCCL.cpp:1826] [PG ID 0 PG GUID 0 Rank 1] Failed to check the "should dump" flag on TCPStore, (maybe TCPStore server has shut down too early), with error: Broken pipe
[rank1]:[W522 08:42:41.641104626 TCPStore.cpp:106] [c10d] sendBytes failed on SocketImpl(fd=29, addr=[spark1-ring]:36304, remote=[spark0-ring]:29536): Broken pipe
Exception raised from sendBytes at /pytorch/torch/csrc/distributed/c10d/Utils.hpp:653 (most recent call first):
frame #0: c10::Error::Error(c10::SourceLocation, std::__cxx11::basic_string<char, std::char_traits<char>, std::allocator<char> >) + 0xc8 (0xfafa6bff66e8 in /usr/local/lib/python3.12/dist-packages/torch/lib/libc10.so)
frame #1: <unknown function> + 0x66f513c (0xfafa8825513c in /usr/local/lib/python3.12/dist-packages/torch/lib/libtorch_cpu.so)
frame #2: c10d::TCPStore::check(std::vector<std::__cxx11::basic_string<char, std::char_traits<char>, std::allocator<char> >, std::allocator<std::__cxx11::basic_string<char, std::char_traits<char>, std::allocator<char> > > > const&) + 0x1a4 (0xfafa8825e294 in /usr/local/lib/python3.12/dist-packages/torch/lib/libtorch_cpu.so)
frame #3: c10d::ProcessGroupNCCL::HeartbeatMonitor::runLoop() + 0x380 (0xfafa6ceddb30 in /usr/local/lib/python3.12/dist-packages/torch/lib/libtorch_cuda.so)
frame #4: <unknown function> + 0xe1ae0 (0xfafb1b0a1ae0 in /usr/lib/aarch64-linux-gnu/libstdc++.so.6)
frame #5: <unknown function> + 0x8595c (0xfafb1bd6595c in /usr/lib/aarch64-linux-gnu/libc.so.6)
frame #6: <unknown function> + 0xebb4c (0xfafb1bdcbb4c in /usr/lib/aarch64-linux-gnu/libc.so.6)

[rank1]:[W522 08:42:41.642493192 ProcessGroupNCCL.cpp:1826] [PG ID 0 PG GUID 0 Rank 1] Failed to check the "should dump" flag on TCPStore, (maybe TCPStore server has shut down too early), with error: Broken pipe
[rank1]:[W522 08:42:42.643345166 TCPStore.cpp:106] [c10d] sendBytes failed on SocketImpl(fd=29, addr=[spark1-ring]:36304, remote=[spark0-ring]:29536): Broken pipe
Exception raised from sendBytes at /pytorch/torch/csrc/distributed/c10d/Utils.hpp:653 (most recent call first):
frame #0: c10::Error::Error(c10::SourceLocation, std::__cxx11::basic_string<char, std::char_traits<char>, std::allocator<char> >) + 0xc8 (0xfafa6bff66e8 in /usr/local/lib/python3.12/dist-packages/torch/lib/libc10.so)
frame #1: <unknown function> + 0x66f513c (0xfafa8825513c in /usr/local/lib/python3.12/dist-packages/torch/lib/libtorch_cpu.so)
frame #2: c10d::TCPStore::check(std::vector<std::__cxx11::basic_string<char, std::char_traits<char>, std::allocator<char> >, std::allocator<std::__cxx11::basic_string<char, std::char_traits<char>, std::allocator<char> > > > const&) + 0x1a4 (0xfafa8825e294 in /usr/local/lib/python3.12/dist-packages/torch/lib/libtorch_cpu.so)
frame #3: c10d::ProcessGroupNCCL::HeartbeatMonitor::runLoop() + 0x380 (0xfafa6ceddb30 in /usr/local/lib/python3.12/dist-packages/torch/lib/libtorch_cuda.so)
frame #4: <unknown function> + 0xe1ae0 (0xfafb1b0a1ae0 in /usr/lib/aarch64-linux-gnu/libstdc++.so.6)
frame #5: <unknown function> + 0x8595c (0xfafb1bd6595c in /usr/lib/aarch64-linux-gnu/libc.so.6)
frame #6: <unknown function> + 0xebb4c (0xfafb1bdcbb4c in /usr/lib/aarch64-linux-gnu/libc.so.6)

[rank1]:[W522 08:42:42.644758995 ProcessGroupNCCL.cpp:1826] [PG ID 0 PG GUID 0 Rank 1] Failed to check the "should dump" flag on TCPStore, (maybe TCPStore server has shut down too early), with error: Broken pipe
[rank1]:[W522 08:42:43.645547464 TCPStore.cpp:106] [c10d] sendBytes failed on SocketImpl(fd=29, addr=[spark1-ring]:36304, remote=[spark0-ring]:29536): Broken pipe
Exception raised from sendBytes at /pytorch/torch/csrc/distributed/c10d/Utils.hpp:653 (most recent call first):
frame #0: c10::Error::Error(c10::SourceLocation, std::__cxx11::basic_string<char, std::char_traits<char>, std::allocator<char> >) + 0xc8 (0xfafa6bff66e8 in /usr/local/lib/python3.12/dist-packages/torch/lib/libc10.so)
frame #1: <unknown function> + 0x66f513c (0xfafa8825513c in /usr/local/lib/python3.12/dist-packages/torch/lib/libtorch_cpu.so)
frame #2: c10d::TCPStore::check(std::vector<std::__cxx11::basic_string<char, std::char_traits<char>, std::allocator<char> >, std::allocator<std::__cxx11::basic_string<char, std::char_traits<char>, std::allocator<char> > > > const&) + 0x1a4 (0xfafa8825e294 in /usr/local/lib/python3.12/dist-packages/torch/lib/libtorch_cpu.so)
frame #3: c10d::ProcessGroupNCCL::HeartbeatMonitor::runLoop() + 0x380 (0xfafa6ceddb30 in /usr/local/lib/python3.12/dist-packages/torch/lib/libtorch_cuda.so)
frame #4: <unknown function> + 0xe1ae0 (0xfafb1b0a1ae0 in /usr/lib/aarch64-linux-gnu/libstdc++.so.6)
frame #5: <unknown function> + 0x8595c (0xfafb1bd6595c in /usr/lib/aarch64-linux-gnu/libc.so.6)
frame #6: <unknown function> + 0xebb4c (0xfafb1bdcbb4c in /usr/lib/aarch64-linux-gnu/libc.so.6)

[rank1]:[W522 08:42:43.646879456 ProcessGroupNCCL.cpp:1826] [PG ID 0 PG GUID 0 Rank 1] Failed to check the "should dump" flag on TCPStore, (maybe TCPStore server has shut down too early), with error: Broken pipe
[rank1]:[W522 08:42:44.647718766 TCPStore.cpp:106] [c10d] sendBytes failed on SocketImpl(fd=29, addr=[spark1-ring]:36304, remote=[spark0-ring]:29536): Broken pipe
Exception raised from sendBytes at /pytorch/torch/csrc/distributed/c10d/Utils.hpp:653 (most recent call first):
frame #0: c10::Error::Error(c10::SourceLocation, std::__cxx11::basic_string<char, std::char_traits<char>, std::allocator<char> >) + 0xc8 (0xfafa6bff66e8 in /usr/local/lib/python3.12/dist-packages/torch/lib/libc10.so)
frame #1: <unknown function> + 0x66f513c (0xfafa8825513c in /usr/local/lib/python3.12/dist-packages/torch/lib/libtorch_cpu.so)
frame #2: c10d::TCPStore::check(std::vector<std::__cxx11::basic_string<char, std::char_traits<char>, std::allocator<char> >, std::allocator<std::__cxx11::basic_string<char, std::char_traits<char>, std::allocator<char> > > > const&) + 0x1a4 (0xfafa8825e294 in /usr/local/lib/python3.12/dist-packages/torch/lib/libtorch_cpu.so)
frame #3: c10d::ProcessGroupNCCL::HeartbeatMonitor::runLoop() + 0x380 (0xfafa6ceddb30 in /usr/local/lib/python3.12/dist-packages/torch/lib/libtorch_cuda.so)
frame #4: <unknown function> + 0xe1ae0 (0xfafb1b0a1ae0 in /usr/lib/aarch64-linux-gnu/libstdc++.so.6)
frame #5: <unknown function> + 0x8595c (0xfafb1bd6595c in /usr/lib/aarch64-linux-gnu/libc.so.6)
frame #6: <unknown function> + 0xebb4c (0xfafb1bdcbb4c in /usr/lib/aarch64-linux-gnu/libc.so.6)

[rank1]:[W522 08:42:44.649176977 ProcessGroupNCCL.cpp:1826] [PG ID 0 PG GUID 0 Rank 1] Failed to check the "should dump" flag on TCPStore, (maybe TCPStore server has shut down too early), with error: Broken pipe
[rank1]:[W522 08:42:45.650064296 TCPStore.cpp:106] [c10d] sendBytes failed on SocketImpl(fd=29, addr=[spark1-ring]:36304, remote=[spark0-ring]:29536): Broken pipe
Exception raised from sendBytes at /pytorch/torch/csrc/distributed/c10d/Utils.hpp:653 (most recent call first):
frame #0: c10::Error::Error(c10::SourceLocation, std::__cxx11::basic_string<char, std::char_traits<char>, std::allocator<char> >) + 0xc8 (0xfafa6bff66e8 in /usr/local/lib/python3.12/dist-packages/torch/lib/libc10.so)
frame #1: <unknown function> + 0x66f513c (0xfafa8825513c in /usr/local/lib/python3.12/dist-packages/torch/lib/libtorch_cpu.so)
frame #2: c10d::TCPStore::check(std::vector<std::__cxx11::basic_string<char, std::char_traits<char>, std::allocator<char> >, std::allocator<std::__cxx11::basic_string<char, std::char_traits<char>, std::allocator<char> > > > const&) + 0x1a4 (0xfafa8825e294 in /usr/local/lib/python3.12/dist-packages/torch/lib/libtorch_cpu.so)
frame #3: c10d::ProcessGroupNCCL::HeartbeatMonitor::runLoop() + 0x380 (0xfafa6ceddb30 in /usr/local/lib/python3.12/dist-packages/torch/lib/libtorch_cuda.so)
frame #4: <unknown function> + 0xe1ae0 (0xfafb1b0a1ae0 in /usr/lib/aarch64-linux-gnu/libstdc++.so.6)
frame #5: <unknown function> + 0x8595c (0xfafb1bd6595c in /usr/lib/aarch64-linux-gnu/libc.so.6)
frame #6: <unknown function> + 0xebb4c (0xfafb1bdcbb4c in /usr/lib/aarch64-linux-gnu/libc.so.6)

[rank1]:[W522 08:42:45.651436270 ProcessGroupNCCL.cpp:1826] [PG ID 0 PG GUID 0 Rank 1] Failed to check the "should dump" flag on TCPStore, (maybe TCPStore server has shut down too early), with error: Broken pipe
[rank1]:[W522 08:42:46.652068458 TCPStore.cpp:106] [c10d] sendBytes failed on SocketImpl(fd=29, addr=[spark1-ring]:36304, remote=[spark0-ring]:29536): Broken pipe
Exception raised from sendBytes at /pytorch/torch/csrc/distributed/c10d/Utils.hpp:653 (most recent call first):
frame #0: c10::Error::Error(c10::SourceLocation, std::__cxx11::basic_string<char, std::char_traits<char>, std::allocator<char> >) + 0xc8 (0xfafa6bff66e8 in /usr/local/lib/python3.12/dist-packages/torch/lib/libc10.so)
frame #1: <unknown function> + 0x66f513c (0xfafa8825513c in /usr/local/lib/python3.12/dist-packages/torch/lib/libtorch_cpu.so)
frame #2: c10d::TCPStore::check(std::vector<std::__cxx11::basic_string<char, std::char_traits<char>, std::allocator<char> >, std::allocator<std::__cxx11::basic_string<char, std::char_traits<char>, std::allocator<char> > > > const&) + 0x1a4 (0xfafa8825e294 in /usr/local/lib/python3.12/dist-packages/torch/lib/libtorch_cpu.so)
frame #3: c10d::ProcessGroupNCCL::HeartbeatMonitor::runLoop() + 0x380 (0xfafa6ceddb30 in /usr/local/lib/python3.12/dist-packages/torch/lib/libtorch_cuda.so)
frame #4: <unknown function> + 0xe1ae0 (0xfafb1b0a1ae0 in /usr/lib/aarch64-linux-gnu/libstdc++.so.6)
frame #5: <unknown function> + 0x8595c (0xfafb1bd6595c in /usr/lib/aarch64-linux-gnu/libc.so.6)
frame #6: <unknown function> + 0xebb4c (0xfafb1bdcbb4c in /usr/lib/aarch64-linux-gnu/libc.so.6)

[rank1]:[W522 08:42:46.653380708 ProcessGroupNCCL.cpp:1826] [PG ID 0 PG GUID 0 Rank 1] Failed to check the "should dump" flag on TCPStore, (maybe TCPStore server has shut down too early), with error: Broken pipe
[rank1]:[W522 08:42:47.654037513 TCPStore.cpp:106] [c10d] sendBytes failed on SocketImpl(fd=29, addr=[spark1-ring]:36304, remote=[spark0-ring]:29536): Broken pipe
Exception raised from sendBytes at /pytorch/torch/csrc/distributed/c10d/Utils.hpp:653 (most recent call first):
frame #0: c10::Error::Error(c10::SourceLocation, std::__cxx11::basic_string<char, std::char_traits<char>, std::allocator<char> >) + 0xc8 (0xfafa6bff66e8 in /usr/local/lib/python3.12/dist-packages/torch/lib/libc10.so)
frame #1: <unknown function> + 0x66f513c (0xfafa8825513c in /usr/local/lib/python3.12/dist-packages/torch/lib/libtorch_cpu.so)
frame #2: c10d::TCPStore::check(std::vector<std::__cxx11::basic_string<char, std::char_traits<char>, std::allocator<char> >, std::allocator<std::__cxx11::basic_string<char, std::char_traits<char>, std::allocator<char> > > > const&) + 0x1a4 (0xfafa8825e294 in /usr/local/lib/python3.12/dist-packages/torch/lib/libtorch_cpu.so)
frame #3: c10d::ProcessGroupNCCL::HeartbeatMonitor::runLoop() + 0x380 (0xfafa6ceddb30 in /usr/local/lib/python3.12/dist-packages/torch/lib/libtorch_cuda.so)
frame #4: <unknown function> + 0xe1ae0 (0xfafb1b0a1ae0 in /usr/lib/aarch64-linux-gnu/libstdc++.so.6)
frame #5: <unknown function> + 0x8595c (0xfafb1bd6595c in /usr/lib/aarch64-linux-gnu/libc.so.6)
frame #6: <unknown function> + 0xebb4c (0xfafb1bdcbb4c in /usr/lib/aarch64-linux-gnu/libc.so.6)

[rank1]:[W522 08:42:47.655427967 ProcessGroupNCCL.cpp:1826] [PG ID 0 PG GUID 0 Rank 1] Failed to check the "should dump" flag on TCPStore, (maybe TCPStore server has shut down too early), with error: Broken pipe
[rank1]:[W522 08:42:48.656281703 TCPStore.cpp:106] [c10d] sendBytes failed on SocketImpl(fd=29, addr=[spark1-ring]:36304, remote=[spark0-ring]:29536): Broken pipe
Exception raised from sendBytes at /pytorch/torch/csrc/distributed/c10d/Utils.hpp:653 (most recent call first):
frame #0: c10::Error::Error(c10::SourceLocation, std::__cxx11::basic_string<char, std::char_traits<char>, std::allocator<char> >) + 0xc8 (0xfafa6bff66e8 in /usr/local/lib/python3.12/dist-packages/torch/lib/libc10.so)
frame #1: <unknown function> + 0x66f513c (0xfafa8825513c in /usr/local/lib/python3.12/dist-packages/torch/lib/libtorch_cpu.so)
frame #2: c10d::TCPStore::check(std::vector<std::__cxx11::basic_string<char, std::char_traits<char>, std::allocator<char> >, std::allocator<std::__cxx11::basic_string<char, std::char_traits<char>, std::allocator<char> > > > const&) + 0x1a4 (0xfafa8825e294 in /usr/local/lib/python3.12/dist-packages/torch/lib/libtorch_cpu.so)
frame #3: c10d::ProcessGroupNCCL::HeartbeatMonitor::runLoop() + 0x380 (0xfafa6ceddb30 in /usr/local/lib/python3.12/dist-packages/torch/lib/libtorch_cuda.so)
frame #4: <unknown function> + 0xe1ae0 (0xfafb1b0a1ae0 in /usr/lib/aarch64-linux-gnu/libstdc++.so.6)
frame #5: <unknown function> + 0x8595c (0xfafb1bd6595c in /usr/lib/aarch64-linux-gnu/libc.so.6)
frame #6: <unknown function> + 0xebb4c (0xfafb1bdcbb4c in /usr/lib/aarch64-linux-gnu/libc.so.6)

[rank1]:[W522 08:42:48.657683564 ProcessGroupNCCL.cpp:1826] [PG ID 0 PG GUID 0 Rank 1] Failed to check the "should dump" flag on TCPStore, (maybe TCPStore server has shut down too early), with error: Broken pipe
[rank1]:[W522 08:42:49.658889887 TCPStore.cpp:106] [c10d] sendBytes failed on SocketImpl(fd=29, addr=[spark1-ring]:36304, remote=[spark0-ring]:29536): Broken pipe
Exception raised from sendBytes at /pytorch/torch/csrc/distributed/c10d/Utils.hpp:653 (most recent call first):
frame #0: c10::Error::Error(c10::SourceLocation, std::__cxx11::basic_string<char, std::char_traits<char>, std::allocator<char> >) + 0xc8 (0xfafa6bff66e8 in /usr/local/lib/python3.12/dist-packages/torch/lib/libc10.so)
frame #1: <unknown function> + 0x66f513c (0xfafa8825513c in /usr/local/lib/python3.12/dist-packages/torch/lib/libtorch_cpu.so)
frame #2: c10d::TCPStore::check(std::vector<std::__cxx11::basic_string<char, std::char_traits<char>, std::allocator<char> >, std::allocator<std::__cxx11::basic_string<char, std::char_traits<char>, std::allocator<char> > > > const&) + 0x1a4 (0xfafa8825e294 in /usr/local/lib/python3.12/dist-packages/torch/lib/libtorch_cpu.so)
frame #3: c10d::ProcessGroupNCCL::HeartbeatMonitor::runLoop() + 0x380 (0xfafa6ceddb30 in /usr/local/lib/python3.12/dist-packages/torch/lib/libtorch_cuda.so)
frame #4: <unknown function> + 0xe1ae0 (0xfafb1b0a1ae0 in /usr/lib/aarch64-linux-gnu/libstdc++.so.6)
frame #5: <unknown function> + 0x8595c (0xfafb1bd6595c in /usr/lib/aarch64-linux-gnu/libc.so.6)
frame #6: <unknown function> + 0xebb4c (0xfafb1bdcbb4c in /usr/lib/aarch64-linux-gnu/libc.so.6)

[rank1]:[W522 08:42:49.660325843 ProcessGroupNCCL.cpp:1826] [PG ID 0 PG GUID 0 Rank 1] Failed to check the "should dump" flag on TCPStore, (maybe TCPStore server has shut down too early), with error: Broken pipe
[rank1]:[W522 08:42:50.661130353 TCPStore.cpp:106] [c10d] sendBytes failed on SocketImpl(fd=29, addr=[spark1-ring]:36304, remote=[spark0-ring]:29536): Broken pipe
Exception raised from sendBytes at /pytorch/torch/csrc/distributed/c10d/Utils.hpp:653 (most recent call first):
frame #0: c10::Error::Error(c10::SourceLocation, std::__cxx11::basic_string<char, std::char_traits<char>, std::allocator<char> >) + 0xc8 (0xfafa6bff66e8 in /usr/local/lib/python3.12/dist-packages/torch/lib/libc10.so)
frame #1: <unknown function> + 0x66f513c (0xfafa8825513c in /usr/local/lib/python3.12/dist-packages/torch/lib/libtorch_cpu.so)
frame #2: c10d::TCPStore::check(std::vector<std::__cxx11::basic_string<char, std::char_traits<char>, std::allocator<char> >, std::allocator<std::__cxx11::basic_string<char, std::char_traits<char>, std::allocator<char> > > > const&) + 0x1a4 (0xfafa8825e294 in /usr/local/lib/python3.12/dist-packages/torch/lib/libtorch_cpu.so)
frame #3: c10d::ProcessGroupNCCL::HeartbeatMonitor::runLoop() + 0x380 (0xfafa6ceddb30 in /usr/local/lib/python3.12/dist-packages/torch/lib/libtorch_cuda.so)
frame #4: <unknown function> + 0xe1ae0 (0xfafb1b0a1ae0 in /usr/lib/aarch64-linux-gnu/libstdc++.so.6)
frame #5: <unknown function> + 0x8595c (0xfafb1bd6595c in /usr/lib/aarch64-linux-gnu/libc.so.6)
frame #6: <unknown function> + 0xebb4c (0xfafb1bdcbb4c in /usr/lib/aarch64-linux-gnu/libc.so.6)

[rank1]:[W522 08:42:50.662501592 ProcessGroupNCCL.cpp:1826] [PG ID 0 PG GUID 0 Rank 1] Failed to check the "should dump" flag on TCPStore, (maybe TCPStore server has shut down too early), with error: Broken pipe
[rank1]:[W522 08:42:51.663278783 TCPStore.cpp:106] [c10d] sendBytes failed on SocketImpl(fd=29, addr=[spark1-ring]:36304, remote=[spark0-ring]:29536): Broken pipe
Exception raised from sendBytes at /pytorch/torch/csrc/distributed/c10d/Utils.hpp:653 (most recent call first):
frame #0: c10::Error::Error(c10::SourceLocation, std::__cxx11::basic_string<char, std::char_traits<char>, std::allocator<char> >) + 0xc8 (0xfafa6bff66e8 in /usr/local/lib/python3.12/dist-packages/torch/lib/libc10.so)
frame #1: <unknown function> + 0x66f513c (0xfafa8825513c in /usr/local/lib/python3.12/dist-packages/torch/lib/libtorch_cpu.so)
frame #2: c10d::TCPStore::check(std::vector<std::__cxx11::basic_string<char, std::char_traits<char>, std::allocator<char> >, std::allocator<std::__cxx11::basic_string<char, std::char_traits<char>, std::allocator<char> > > > const&) + 0x1a4 (0xfafa8825e294 in /usr/local/lib/python3.12/dist-packages/torch/lib/libtorch_cpu.so)
frame #3: c10d::ProcessGroupNCCL::HeartbeatMonitor::runLoop() + 0x380 (0xfafa6ceddb30 in /usr/local/lib/python3.12/dist-packages/torch/lib/libtorch_cuda.so)
frame #4: <unknown function> + 0xe1ae0 (0xfafb1b0a1ae0 in /usr/lib/aarch64-linux-gnu/libstdc++.so.6)
frame #5: <unknown function> + 0x8595c (0xfafb1bd6595c in /usr/lib/aarch64-linux-gnu/libc.so.6)
frame #6: <unknown function> + 0xebb4c (0xfafb1bdcbb4c in /usr/lib/aarch64-linux-gnu/libc.so.6)

[rank1]:[W522 08:42:51.664614872 ProcessGroupNCCL.cpp:1826] [PG ID 0 PG GUID 0 Rank 1] Failed to check the "should dump" flag on TCPStore, (maybe TCPStore server has shut down too early), with error: Broken pipe
[rank1]:[W522 08:42:52.665485783 TCPStore.cpp:106] [c10d] sendBytes failed on SocketImpl(fd=29, addr=[spark1-ring]:36304, remote=[spark0-ring]:29536): Broken pipe
Exception raised from sendBytes at /pytorch/torch/csrc/distributed/c10d/Utils.hpp:653 (most recent call first):
frame #0: c10::Error::Error(c10::SourceLocation, std::__cxx11::basic_string<char, std::char_traits<char>, std::allocator<char> >) + 0xc8 (0xfafa6bff66e8 in /usr/local/lib/python3.12/dist-packages/torch/lib/libc10.so)
frame #1: <unknown function> + 0x66f513c (0xfafa8825513c in /usr/local/lib/python3.12/dist-packages/torch/lib/libtorch_cpu.so)
frame #2: c10d::TCPStore::check(std::vector<std::__cxx11::basic_string<char, std::char_traits<char>, std::allocator<char> >, std::allocator<std::__cxx11::basic_string<char, std::char_traits<char>, std::allocator<char> > > > const&) + 0x1a4 (0xfafa8825e294 in /usr/local/lib/python3.12/dist-packages/torch/lib/libtorch_cpu.so)
frame #3: c10d::ProcessGroupNCCL::HeartbeatMonitor::runLoop() + 0x380 (0xfafa6ceddb30 in /usr/local/lib/python3.12/dist-packages/torch/lib/libtorch_cuda.so)
frame #4: <unknown function> + 0xe1ae0 (0xfafb1b0a1ae0 in /usr/lib/aarch64-linux-gnu/libstdc++.so.6)
frame #5: <unknown function> + 0x8595c (0xfafb1bd6595c in /usr/lib/aarch64-linux-gnu/libc.so.6)
frame #6: <unknown function> + 0xebb4c (0xfafb1bdcbb4c in /usr/lib/aarch64-linux-gnu/libc.so.6)

[rank1]:[W522 08:42:52.666918715 ProcessGroupNCCL.cpp:1826] [PG ID 0 PG GUID 0 Rank 1] Failed to check the "should dump" flag on TCPStore, (maybe TCPStore server has shut down too early), with error: Broken pipe
[rank1]:[W522 08:42:53.667420322 TCPStore.cpp:106] [c10d] sendBytes failed on SocketImpl(fd=29, addr=[spark1-ring]:36304, remote=[spark0-ring]:29536): Broken pipe
Exception raised from sendBytes at /pytorch/torch/csrc/distributed/c10d/Utils.hpp:653 (most recent call first):
frame #0: c10::Error::Error(c10::SourceLocation, std::__cxx11::basic_string<char, std::char_traits<char>, std::allocator<char> >) + 0xc8 (0xfafa6bff66e8 in /usr/local/lib/python3.12/dist-packages/torch/lib/libc10.so)
frame #1: <unknown function> + 0x66f513c (0xfafa8825513c in /usr/local/lib/python3.12/dist-packages/torch/lib/libtorch_cpu.so)
frame #2: c10d::TCPStore::check(std::vector<std::__cxx11::basic_string<char, std::char_traits<char>, std::allocator<char> >, std::allocator<std::__cxx11::basic_string<char, std::char_traits<char>, std::allocator<char> > > > const&) + 0x1a4 (0xfafa8825e294 in /usr/local/lib/python3.12/dist-packages/torch/lib/libtorch_cpu.so)
frame #3: c10d::ProcessGroupNCCL::HeartbeatMonitor::runLoop() + 0x380 (0xfafa6ceddb30 in /usr/local/lib/python3.12/dist-packages/torch/lib/libtorch_cuda.so)
frame #4: <unknown function> + 0xe1ae0 (0xfafb1b0a1ae0 in /usr/lib/aarch64-linux-gnu/libstdc++.so.6)
frame #5: <unknown function> + 0x8595c (0xfafb1bd6595c in /usr/lib/aarch64-linux-gnu/libc.so.6)
frame #6: <unknown function> + 0xebb4c (0xfafb1bdcbb4c in /usr/lib/aarch64-linux-gnu/libc.so.6)

[rank1]:[W522 08:42:53.668785418 ProcessGroupNCCL.cpp:1826] [PG ID 0 PG GUID 0 Rank 1] Failed to check the "should dump" flag on TCPStore, (maybe TCPStore server has shut down too early), with error: Broken pipe
[rank1]:[W522 08:42:54.669635579 TCPStore.cpp:106] [c10d] sendBytes failed on SocketImpl(fd=29, addr=[spark1-ring]:36304, remote=[spark0-ring]:29536): Broken pipe
Exception raised from sendBytes at /pytorch/torch/csrc/distributed/c10d/Utils.hpp:653 (most recent call first):
frame #0: c10::Error::Error(c10::SourceLocation, std::__cxx11::basic_string<char, std::char_traits<char>, std::allocator<char> >) + 0xc8 (0xfafa6bff66e8 in /usr/local/lib/python3.12/dist-packages/torch/lib/libc10.so)
frame #1: <unknown function> + 0x66f513c (0xfafa8825513c in /usr/local/lib/python3.12/dist-packages/torch/lib/libtorch_cpu.so)
frame #2: c10d::TCPStore::check(std::vector<std::__cxx11::basic_string<char, std::char_traits<char>, std::allocator<char> >, std::allocator<std::__cxx11::basic_string<char, std::char_traits<char>, std::allocator<char> > > > const&) + 0x1a4 (0xfafa8825e294 in /usr/local/lib/python3.12/dist-packages/torch/lib/libtorch_cpu.so)
frame #3: c10d::ProcessGroupNCCL::HeartbeatMonitor::runLoop() + 0x380 (0xfafa6ceddb30 in /usr/local/lib/python3.12/dist-packages/torch/lib/libtorch_cuda.so)
frame #4: <unknown function> + 0xe1ae0 (0xfafb1b0a1ae0 in /usr/lib/aarch64-linux-gnu/libstdc++.so.6)
frame #5: <unknown function> + 0x8595c (0xfafb1bd6595c in /usr/lib/aarch64-linux-gnu/libc.so.6)
frame #6: <unknown function> + 0xebb4c (0xfafb1bdcbb4c in /usr/lib/aarch64-linux-gnu/libc.so.6)

[rank1]:[W522 08:42:54.670973845 ProcessGroupNCCL.cpp:1826] [PG ID 0 PG GUID 0 Rank 1] Failed to check the "should dump" flag on TCPStore, (maybe TCPStore server has shut down too early), with error: Broken pipe
[rank1]:[W522 08:42:55.672157985 TCPStore.cpp:106] [c10d] sendBytes failed on SocketImpl(fd=29, addr=[spark1-ring]:36304, remote=[spark0-ring]:29536): Broken pipe
Exception raised from sendBytes at /pytorch/torch/csrc/distributed/c10d/Utils.hpp:653 (most recent call first):
frame #0: c10::Error::Error(c10::SourceLocation, std::__cxx11::basic_string<char, std::char_traits<char>, std::allocator<char> >) + 0xc8 (0xfafa6bff66e8 in /usr/local/lib/python3.12/dist-packages/torch/lib/libc10.so)
frame #1: <unknown function> + 0x66f513c (0xfafa8825513c in /usr/local/lib/python3.12/dist-packages/torch/lib/libtorch_cpu.so)
frame #2: c10d::TCPStore::check(std::vector<std::__cxx11::basic_string<char, std::char_traits<char>, std::allocator<char> >, std::allocator<std::__cxx11::basic_string<char, std::char_traits<char>, std::allocator<char> > > > const&) + 0x1a4 (0xfafa8825e294 in /usr/local/lib/python3.12/dist-packages/torch/lib/libtorch_cpu.so)
frame #3: c10d::ProcessGroupNCCL::HeartbeatMonitor::runLoop() + 0x380 (0xfafa6ceddb30 in /usr/local/lib/python3.12/dist-packages/torch/lib/libtorch_cuda.so)
frame #4: <unknown function> + 0xe1ae0 (0xfafb1b0a1ae0 in /usr/lib/aarch64-linux-gnu/libstdc++.so.6)
frame #5: <unknown function> + 0x8595c (0xfafb1bd6595c in /usr/lib/aarch64-linux-gnu/libc.so.6)
frame #6: <unknown function> + 0xebb4c (0xfafb1bdcbb4c in /usr/lib/aarch64-linux-gnu/libc.so.6)

[rank1]:[W522 08:42:55.673544856 ProcessGroupNCCL.cpp:1826] [PG ID 0 PG GUID 0 Rank 1] Failed to check the "should dump" flag on TCPStore, (maybe TCPStore server has shut down too early), with error: Broken pipe
[rank1]:[W522 08:42:56.674367405 TCPStore.cpp:106] [c10d] sendBytes failed on SocketImpl(fd=29, addr=[spark1-ring]:36304, remote=[spark0-ring]:29536): Broken pipe
Exception raised from sendBytes at /pytorch/torch/csrc/distributed/c10d/Utils.hpp:653 (most recent call first):
frame #0: c10::Error::Error(c10::SourceLocation, std::__cxx11::basic_string<char, std::char_traits<char>, std::allocator<char> >) + 0xc8 (0xfafa6bff66e8 in /usr/local/lib/python3.12/dist-packages/torch/lib/libc10.so)
frame #1: <unknown function> + 0x66f513c (0xfafa8825513c in /usr/local/lib/python3.12/dist-packages/torch/lib/libtorch_cpu.so)
frame #2: c10d::TCPStore::check(std::vector<std::__cxx11::basic_string<char, std::char_traits<char>, std::allocator<char> >, std::allocator<std::__cxx11::basic_string<char, std::char_traits<char>, std::allocator<char> > > > const&) + 0x1a4 (0xfafa8825e294 in /usr/local/lib/python3.12/dist-packages/torch/lib/libtorch_cpu.so)
frame #3: c10d::ProcessGroupNCCL::HeartbeatMonitor::runLoop() + 0x380 (0xfafa6ceddb30 in /usr/local/lib/python3.12/dist-packages/torch/lib/libtorch_cuda.so)
frame #4: <unknown function> + 0xe1ae0 (0xfafb1b0a1ae0 in /usr/lib/aarch64-linux-gnu/libstdc++.so.6)
frame #5: <unknown function> + 0x8595c (0xfafb1bd6595c in /usr/lib/aarch64-linux-gnu/libc.so.6)
frame #6: <unknown function> + 0xebb4c (0xfafb1bdcbb4c in /usr/lib/aarch64-linux-gnu/libc.so.6)

[rank1]:[W522 08:42:56.675697638 ProcessGroupNCCL.cpp:1826] [PG ID 0 PG GUID 0 Rank 1] Failed to check the "should dump" flag on TCPStore, (maybe TCPStore server has shut down too early), with error: Broken pipe
[rank1]:[W522 08:42:57.676564975 TCPStore.cpp:106] [c10d] sendBytes failed on SocketImpl(fd=29, addr=[spark1-ring]:36304, remote=[spark0-ring]:29536): Broken pipe
Exception raised from sendBytes at /pytorch/torch/csrc/distributed/c10d/Utils.hpp:653 (most recent call first):
frame #0: c10::Error::Error(c10::SourceLocation, std::__cxx11::basic_string<char, std::char_traits<char>, std::allocator<char> >) + 0xc8 (0xfafa6bff66e8 in /usr/local/lib/python3.12/dist-packages/torch/lib/libc10.so)
frame #1: <unknown function> + 0x66f513c (0xfafa8825513c in /usr/local/lib/python3.12/dist-packages/torch/lib/libtorch_cpu.so)
frame #2: c10d::TCPStore::check(std::vector<std::__cxx11::basic_string<char, std::char_traits<char>, std::allocator<char> >, std::allocator<std::__cxx11::basic_string<char, std::char_traits<char>, std::allocator<char> > > > const&) + 0x1a4 (0xfafa8825e294 in /usr/local/lib/python3.12/dist-packages/torch/lib/libtorch_cpu.so)
frame #3: c10d::ProcessGroupNCCL::HeartbeatMonitor::runLoop() + 0x380 (0xfafa6ceddb30 in /usr/local/lib/python3.12/dist-packages/torch/lib/libtorch_cuda.so)
frame #4: <unknown function> + 0xe1ae0 (0xfafb1b0a1ae0 in /usr/lib/aarch64-linux-gnu/libstdc++.so.6)
frame #5: <unknown function> + 0x8595c (0xfafb1bd6595c in /usr/lib/aarch64-linux-gnu/libc.so.6)
frame #6: <unknown function> + 0xebb4c (0xfafb1bdcbb4c in /usr/lib/aarch64-linux-gnu/libc.so.6)

[rank1]:[W522 08:42:57.678025651 ProcessGroupNCCL.cpp:1826] [PG ID 0 PG GUID 0 Rank 1] Failed to check the "should dump" flag on TCPStore, (maybe TCPStore server has shut down too early), with error: Broken pipe
[rank1]:[W522 08:42:58.678902088 TCPStore.cpp:106] [c10d] sendBytes failed on SocketImpl(fd=29, addr=[spark1-ring]:36304, remote=[spark0-ring]:29536): Broken pipe
Exception raised from sendBytes at /pytorch/torch/csrc/distributed/c10d/Utils.hpp:653 (most recent call first):
frame #0: c10::Error::Error(c10::SourceLocation, std::__cxx11::basic_string<char, std::char_traits<char>, std::allocator<char> >) + 0xc8 (0xfafa6bff66e8 in /usr/local/lib/python3.12/dist-packages/torch/lib/libc10.so)
frame #1: <unknown function> + 0x66f513c (0xfafa8825513c in /usr/local/lib/python3.12/dist-packages/torch/lib/libtorch_cpu.so)
frame #2: c10d::TCPStore::check(std::vector<std::__cxx11::basic_string<char, std::char_traits<char>, std::allocator<char> >, std::allocator<std::__cxx11::basic_string<char, std::char_traits<char>, std::allocator<char> > > > const&) + 0x1a4 (0xfafa8825e294 in /usr/local/lib/python3.12/dist-packages/torch/lib/libtorch_cpu.so)
frame #3: c10d::ProcessGroupNCCL::HeartbeatMonitor::runLoop() + 0x380 (0xfafa6ceddb30 in /usr/local/lib/python3.12/dist-packages/torch/lib/libtorch_cuda.so)
frame #4: <unknown function> + 0xe1ae0 (0xfafb1b0a1ae0 in /usr/lib/aarch64-linux-gnu/libstdc++.so.6)
frame #5: <unknown function> + 0x8595c (0xfafb1bd6595c in /usr/lib/aarch64-linux-gnu/libc.so.6)
frame #6: <unknown function> + 0xebb4c (0xfafb1bdcbb4c in /usr/lib/aarch64-linux-gnu/libc.so.6)

[rank1]:[W522 08:42:58.680278400 ProcessGroupNCCL.cpp:1826] [PG ID 0 PG GUID 0 Rank 1] Failed to check the "should dump" flag on TCPStore, (maybe TCPStore server has shut down too early), with error: Broken pipe
[rank1]:[W522 08:42:59.681170746 TCPStore.cpp:106] [c10d] sendBytes failed on SocketImpl(fd=29, addr=[spark1-ring]:36304, remote=[spark0-ring]:29536): Broken pipe
Exception raised from sendBytes at /pytorch/torch/csrc/distributed/c10d/Utils.hpp:653 (most recent call first):
frame #0: c10::Error::Error(c10::SourceLocation, std::__cxx11::basic_string<char, std::char_traits<char>, std::allocator<char> >) + 0xc8 (0xfafa6bff66e8 in /usr/local/lib/python3.12/dist-packages/torch/lib/libc10.so)
frame #1: <unknown function> + 0x66f513c (0xfafa8825513c in /usr/local/lib/python3.12/dist-packages/torch/lib/libtorch_cpu.so)
frame #2: c10d::TCPStore::check(std::vector<std::__cxx11::basic_string<char, std::char_traits<char>, std::allocator<char> >, std::allocator<std::__cxx11::basic_string<char, std::char_traits<char>, std::allocator<char> > > > const&) + 0x1a4 (0xfafa8825e294 in /usr/local/lib/python3.12/dist-packages/torch/lib/libtorch_cpu.so)
frame #3: c10d::ProcessGroupNCCL::HeartbeatMonitor::runLoop() + 0x380 (0xfafa6ceddb30 in /usr/local/lib/python3.12/dist-packages/torch/lib/libtorch_cuda.so)
frame #4: <unknown function> + 0xe1ae0 (0xfafb1b0a1ae0 in /usr/lib/aarch64-linux-gnu/libstdc++.so.6)
frame #5: <unknown function> + 0x8595c (0xfafb1bd6595c in /usr/lib/aarch64-linux-gnu/libc.so.6)
frame #6: <unknown function> + 0xebb4c (0xfafb1bdcbb4c in /usr/lib/aarch64-linux-gnu/libc.so.6)

[rank1]:[W522 08:42:59.682586240 ProcessGroupNCCL.cpp:1826] [PG ID 0 PG GUID 0 Rank 1] Failed to check the "should dump" flag on TCPStore, (maybe TCPStore server has shut down too early), with error: Broken pipe
[rank1]:[W522 08:43:00.683460116 TCPStore.cpp:106] [c10d] sendBytes failed on SocketImpl(fd=29, addr=[spark1-ring]:36304, remote=[spark0-ring]:29536): Broken pipe
Exception raised from sendBytes at /pytorch/torch/csrc/distributed/c10d/Utils.hpp:653 (most recent call first):
frame #0: c10::Error::Error(c10::SourceLocation, std::__cxx11::basic_string<char, std::char_traits<char>, std::allocator<char> >) + 0xc8 (0xfafa6bff66e8 in /usr/local/lib/python3.12/dist-packages/torch/lib/libc10.so)
frame #1: <unknown function> + 0x66f513c (0xfafa8825513c in /usr/local/lib/python3.12/dist-packages/torch/lib/libtorch_cpu.so)
frame #2: c10d::TCPStore::check(std::vector<std::__cxx11::basic_string<char, std::char_traits<char>, std::allocator<char> >, std::allocator<std::__cxx11::basic_string<char, std::char_traits<char>, std::allocator<char> > > > const&) + 0x1a4 (0xfafa8825e294 in /usr/local/lib/python3.12/dist-packages/torch/lib/libtorch_cpu.so)
frame #3: c10d::ProcessGroupNCCL::HeartbeatMonitor::runLoop() + 0x380 (0xfafa6ceddb30 in /usr/local/lib/python3.12/dist-packages/torch/lib/libtorch_cuda.so)
frame #4: <unknown function> + 0xe1ae0 (0xfafb1b0a1ae0 in /usr/lib/aarch64-linux-gnu/libstdc++.so.6)
frame #5: <unknown function> + 0x8595c (0xfafb1bd6595c in /usr/lib/aarch64-linux-gnu/libc.so.6)
frame #6: <unknown function> + 0xebb4c (0xfafb1bdcbb4c in /usr/lib/aarch64-linux-gnu/libc.so.6)

[rank1]:[W522 08:43:00.684854588 ProcessGroupNCCL.cpp:1826] [PG ID 0 PG GUID 0 Rank 1] Failed to check the "should dump" flag on TCPStore, (maybe TCPStore server has shut down too early), with error: Broken pipe
[rank1]:[W522 08:43:01.685615819 TCPStore.cpp:106] [c10d] sendBytes failed on SocketImpl(fd=29, addr=[spark1-ring]:36304, remote=[spark0-ring]:29536): Broken pipe
Exception raised from sendBytes at /pytorch/torch/csrc/distributed/c10d/Utils.hpp:653 (most recent call first):
frame #0: c10::Error::Error(c10::SourceLocation, std::__cxx11::basic_string<char, std::char_traits<char>, std::allocator<char> >) + 0xc8 (0xfafa6bff66e8 in /usr/local/lib/python3.12/dist-packages/torch/lib/libc10.so)
frame #1: <unknown function> + 0x66f513c (0xfafa8825513c in /usr/local/lib/python3.12/dist-packages/torch/lib/libtorch_cpu.so)
frame #2: c10d::TCPStore::check(std::vector<std::__cxx11::basic_string<char, std::char_traits<char>, std::allocator<char> >, std::allocator<std::__cxx11::basic_string<char, std::char_traits<char>, std::allocator<char> > > > const&) + 0x1a4 (0xfafa8825e294 in /usr/local/lib/python3.12/dist-packages/torch/lib/libtorch_cpu.so)
frame #3: c10d::ProcessGroupNCCL::HeartbeatMonitor::runLoop() + 0x380 (0xfafa6ceddb30 in /usr/local/lib/python3.12/dist-packages/torch/lib/libtorch_cuda.so)
frame #4: <unknown function> + 0xe1ae0 (0xfafb1b0a1ae0 in /usr/lib/aarch64-linux-gnu/libstdc++.so.6)
frame #5: <unknown function> + 0x8595c (0xfafb1bd6595c in /usr/lib/aarch64-linux-gnu/libc.so.6)
frame #6: <unknown function> + 0xebb4c (0xfafb1bdcbb4c in /usr/lib/aarch64-linux-gnu/libc.so.6)

[rank1]:[W522 08:43:01.686948101 ProcessGroupNCCL.cpp:1826] [PG ID 0 PG GUID 0 Rank 1] Failed to check the "should dump" flag on TCPStore, (maybe TCPStore server has shut down too early), with error: Broken pipe
[rank1]:[W522 08:43:02.687965027 TCPStore.cpp:106] [c10d] sendBytes failed on SocketImpl(fd=29, addr=[spark1-ring]:36304, remote=[spark0-ring]:29536): Broken pipe
Exception raised from sendBytes at /pytorch/torch/csrc/distributed/c10d/Utils.hpp:653 (most recent call first):
frame #0: c10::Error::Error(c10::SourceLocation, std::__cxx11::basic_string<char, std::char_traits<char>, std::allocator<char> >) + 0xc8 (0xfafa6bff66e8 in /usr/local/lib/python3.12/dist-packages/torch/lib/libc10.so)
frame #1: <unknown function> + 0x66f513c (0xfafa8825513c in /usr/local/lib/python3.12/dist-packages/torch/lib/libtorch_cpu.so)
frame #2: c10d::TCPStore::check(std::vector<std::__cxx11::basic_string<char, std::char_traits<char>, std::allocator<char> >, std::allocator<std::__cxx11::basic_string<char, std::char_traits<char>, std::allocator<char> > > > const&) + 0x1a4 (0xfafa8825e294 in /usr/local/lib/python3.12/dist-packages/torch/lib/libtorch_cpu.so)
frame #3: c10d::ProcessGroupNCCL::HeartbeatMonitor::runLoop() + 0x380 (0xfafa6ceddb30 in /usr/local/lib/python3.12/dist-packages/torch/lib/libtorch_cuda.so)
frame #4: <unknown function> + 0xe1ae0 (0xfafb1b0a1ae0 in /usr/lib/aarch64-linux-gnu/libstdc++.so.6)
frame #5: <unknown function> + 0x8595c (0xfafb1bd6595c in /usr/lib/aarch64-linux-gnu/libc.so.6)
frame #6: <unknown function> + 0xebb4c (0xfafb1bdcbb4c in /usr/lib/aarch64-linux-gnu/libc.so.6)

[rank1]:[W522 08:43:02.689318861 ProcessGroupNCCL.cpp:1826] [PG ID 0 PG GUID 0 Rank 1] Failed to check the "should dump" flag on TCPStore, (maybe TCPStore server has shut down too early), with error: Broken pipe
[rank1]:[W522 08:43:03.690158778 TCPStore.cpp:106] [c10d] sendBytes failed on SocketImpl(fd=29, addr=[spark1-ring]:36304, remote=[spark0-ring]:29536): Broken pipe
Exception raised from sendBytes at /pytorch/torch/csrc/distributed/c10d/Utils.hpp:653 (most recent call first):
frame #0: c10::Error::Error(c10::SourceLocation, std::__cxx11::basic_string<char, std::char_traits<char>, std::allocator<char> >) + 0xc8 (0xfafa6bff66e8 in /usr/local/lib/python3.12/dist-packages/torch/lib/libc10.so)
frame #1: <unknown function> + 0x66f513c (0xfafa8825513c in /usr/local/lib/python3.12/dist-packages/torch/lib/libtorch_cpu.so)
frame #2: c10d::TCPStore::check(std::vector<std::__cxx11::basic_string<char, std::char_traits<char>, std::allocator<char> >, std::allocator<std::__cxx11::basic_string<char, std::char_traits<char>, std::allocator<char> > > > const&) + 0x1a4 (0xfafa8825e294 in /usr/local/lib/python3.12/dist-packages/torch/lib/libtorch_cpu.so)
frame #3: c10d::ProcessGroupNCCL::HeartbeatMonitor::runLoop() + 0x380 (0xfafa6ceddb30 in /usr/local/lib/python3.12/dist-packages/torch/lib/libtorch_cuda.so)
frame #4: <unknown function> + 0xe1ae0 (0xfafb1b0a1ae0 in /usr/lib/aarch64-linux-gnu/libstdc++.so.6)
frame #5: <unknown function> + 0x8595c (0xfafb1bd6595c in /usr/lib/aarch64-linux-gnu/libc.so.6)
frame #6: <unknown function> + 0xebb4c (0xfafb1bdcbb4c in /usr/lib/aarch64-linux-gnu/libc.so.6)

[rank1]:[W522 08:43:03.691510819 ProcessGroupNCCL.cpp:1826] [PG ID 0 PG GUID 0 Rank 1] Failed to check the "should dump" flag on TCPStore, (maybe TCPStore server has shut down too early), with error: Broken pipe
[rank1]:[W522 08:43:04.692552479 TCPStore.cpp:106] [c10d] sendBytes failed on SocketImpl(fd=29, addr=[spark1-ring]:36304, remote=[spark0-ring]:29536): Broken pipe
Exception raised from sendBytes at /pytorch/torch/csrc/distributed/c10d/Utils.hpp:653 (most recent call first):
frame #0: c10::Error::Error(c10::SourceLocation, std::__cxx11::basic_string<char, std::char_traits<char>, std::allocator<char> >) + 0xc8 (0xfafa6bff66e8 in /usr/local/lib/python3.12/dist-packages/torch/lib/libc10.so)
frame #1: <unknown function> + 0x66f513c (0xfafa8825513c in /usr/local/lib/python3.12/dist-packages/torch/lib/libtorch_cpu.so)
frame #2: c10d::TCPStore::check(std::vector<std::__cxx11::basic_string<char, std::char_traits<char>, std::allocator<char> >, std::allocator<std::__cxx11::basic_string<char, std::char_traits<char>, std::allocator<char> > > > const&) + 0x1a4 (0xfafa8825e294 in /usr/local/lib/python3.12/dist-packages/torch/lib/libtorch_cpu.so)
frame #3: c10d::ProcessGroupNCCL::HeartbeatMonitor::runLoop() + 0x380 (0xfafa6ceddb30 in /usr/local/lib/python3.12/dist-packages/torch/lib/libtorch_cuda.so)
frame #4: <unknown function> + 0xe1ae0 (0xfafb1b0a1ae0 in /usr/lib/aarch64-linux-gnu/libstdc++.so.6)
frame #5: <unknown function> + 0x8595c (0xfafb1bd6595c in /usr/lib/aarch64-linux-gnu/libc.so.6)
frame #6: <unknown function> + 0xebb4c (0xfafb1bdcbb4c in /usr/lib/aarch64-linux-gnu/libc.so.6)

[rank1]:[W522 08:43:04.693964022 ProcessGroupNCCL.cpp:1826] [PG ID 0 PG GUID 0 Rank 1] Failed to check the "should dump" flag on TCPStore, (maybe TCPStore server has shut down too early), with error: Broken pipe
[rank1]:[W522 08:43:05.694802098 TCPStore.cpp:106] [c10d] sendBytes failed on SocketImpl(fd=29, addr=[spark1-ring]:36304, remote=[spark0-ring]:29536): Broken pipe
Exception raised from sendBytes at /pytorch/torch/csrc/distributed/c10d/Utils.hpp:653 (most recent call first):
frame #0: c10::Error::Error(c10::SourceLocation, std::__cxx11::basic_string<char, std::char_traits<char>, std::allocator<char> >) + 0xc8 (0xfafa6bff66e8 in /usr/local/lib/python3.12/dist-packages/torch/lib/libc10.so)
frame #1: <unknown function> + 0x66f513c (0xfafa8825513c in /usr/local/lib/python3.12/dist-packages/torch/lib/libtorch_cpu.so)
frame #2: c10d::TCPStore::check(std::vector<std::__cxx11::basic_string<char, std::char_traits<char>, std::allocator<char> >, std::allocator<std::__cxx11::basic_string<char, std::char_traits<char>, std::allocator<char> > > > const&) + 0x1a4 (0xfafa8825e294 in /usr/local/lib/python3.12/dist-packages/torch/lib/libtorch_cpu.so)
frame #3: c10d::ProcessGroupNCCL::HeartbeatMonitor::runLoop() + 0x380 (0xfafa6ceddb30 in /usr/local/lib/python3.12/dist-packages/torch/lib/libtorch_cuda.so)
frame #4: <unknown function> + 0xe1ae0 (0xfafb1b0a1ae0 in /usr/lib/aarch64-linux-gnu/libstdc++.so.6)
frame #5: <unknown function> + 0x8595c (0xfafb1bd6595c in /usr/lib/aarch64-linux-gnu/libc.so.6)
frame #6: <unknown function> + 0xebb4c (0xfafb1bdcbb4c in /usr/lib/aarch64-linux-gnu/libc.so.6)

[rank1]:[W522 08:43:05.696147180 ProcessGroupNCCL.cpp:1826] [PG ID 0 PG GUID 0 Rank 1] Failed to check the "should dump" flag on TCPStore, (maybe TCPStore server has shut down too early), with error: Broken pipe
[rank1]:[W522 08:43:06.696986478 TCPStore.cpp:106] [c10d] sendBytes failed on SocketImpl(fd=29, addr=[spark1-ring]:36304, remote=[spark0-ring]:29536): Broken pipe
Exception raised from sendBytes at /pytorch/torch/csrc/distributed/c10d/Utils.hpp:653 (most recent call first):
frame #0: c10::Error::Error(c10::SourceLocation, std::__cxx11::basic_string<char, std::char_traits<char>, std::allocator<char> >) + 0xc8 (0xfafa6bff66e8 in /usr/local/lib/python3.12/dist-packages/torch/lib/libc10.so)
frame #1: <unknown function> + 0x66f513c (0xfafa8825513c in /usr/local/lib/python3.12/dist-packages/torch/lib/libtorch_cpu.so)
frame #2: c10d::TCPStore::check(std::vector<std::__cxx11::basic_string<char, std::char_traits<char>, std::allocator<char> >, std::allocator<std::__cxx11::basic_string<char, std::char_traits<char>, std::allocator<char> > > > const&) + 0x1a4 (0xfafa8825e294 in /usr/local/lib/python3.12/dist-packages/torch/lib/libtorch_cpu.so)
frame #3: c10d::ProcessGroupNCCL::HeartbeatMonitor::runLoop() + 0x380 (0xfafa6ceddb30 in /usr/local/lib/python3.12/dist-packages/torch/lib/libtorch_cuda.so)
frame #4: <unknown function> + 0xe1ae0 (0xfafb1b0a1ae0 in /usr/lib/aarch64-linux-gnu/libstdc++.so.6)
frame #5: <unknown function> + 0x8595c (0xfafb1bd6595c in /usr/lib/aarch64-linux-gnu/libc.so.6)
frame #6: <unknown function> + 0xebb4c (0xfafb1bdcbb4c in /usr/lib/aarch64-linux-gnu/libc.so.6)

[rank1]:[W522 08:43:06.698420644 ProcessGroupNCCL.cpp:1826] [PG ID 0 PG GUID 0 Rank 1] Failed to check the "should dump" flag on TCPStore, (maybe TCPStore server has shut down too early), with error: Broken pipe
[rank1]:[W522 08:43:07.699263277 TCPStore.cpp:106] [c10d] sendBytes failed on SocketImpl(fd=29, addr=[spark1-ring]:36304, remote=[spark0-ring]:29536): Broken pipe
Exception raised from sendBytes at /pytorch/torch/csrc/distributed/c10d/Utils.hpp:653 (most recent call first):
frame #0: c10::Error::Error(c10::SourceLocation, std::__cxx11::basic_string<char, std::char_traits<char>, std::allocator<char> >) + 0xc8 (0xfafa6bff66e8 in /usr/local/lib/python3.12/dist-packages/torch/lib/libc10.so)
frame #1: <unknown function> + 0x66f513c (0xfafa8825513c in /usr/local/lib/python3.12/dist-packages/torch/lib/libtorch_cpu.so)
frame #2: c10d::TCPStore::check(std::vector<std::__cxx11::basic_string<char, std::char_traits<char>, std::allocator<char> >, std::allocator<std::__cxx11::basic_string<char, std::char_traits<char>, std::allocator<char> > > > const&) + 0x1a4 (0xfafa8825e294 in /usr/local/lib/python3.12/dist-packages/torch/lib/libtorch_cpu.so)
frame #3: c10d::ProcessGroupNCCL::HeartbeatMonitor::runLoop() + 0x380 (0xfafa6ceddb30 in /usr/local/lib/python3.12/dist-packages/torch/lib/libtorch_cuda.so)
frame #4: <unknown function> + 0xe1ae0 (0xfafb1b0a1ae0 in /usr/lib/aarch64-linux-gnu/libstdc++.so.6)
frame #5: <unknown function> + 0x8595c (0xfafb1bd6595c in /usr/lib/aarch64-linux-gnu/libc.so.6)
frame #6: <unknown function> + 0xebb4c (0xfafb1bdcbb4c in /usr/lib/aarch64-linux-gnu/libc.so.6)

[rank1]:[W522 08:43:07.700669269 ProcessGroupNCCL.cpp:1826] [PG ID 0 PG GUID 0 Rank 1] Failed to check the "should dump" flag on TCPStore, (maybe TCPStore server has shut down too early), with error: Broken pipe
[rank1]:[W522 08:43:08.701452119 TCPStore.cpp:106] [c10d] sendBytes failed on SocketImpl(fd=29, addr=[spark1-ring]:36304, remote=[spark0-ring]:29536): Broken pipe
Exception raised from sendBytes at /pytorch/torch/csrc/distributed/c10d/Utils.hpp:653 (most recent call first):
frame #0: c10::Error::Error(c10::SourceLocation, std::__cxx11::basic_string<char, std::char_traits<char>, std::allocator<char> >) + 0xc8 (0xfafa6bff66e8 in /usr/local/lib/python3.12/dist-packages/torch/lib/libc10.so)
frame #1: <unknown function> + 0x66f513c (0xfafa8825513c in /usr/local/lib/python3.12/dist-packages/torch/lib/libtorch_cpu.so)
frame #2: c10d::TCPStore::check(std::vector<std::__cxx11::basic_string<char, std::char_traits<char>, std::allocator<char> >, std::allocator<std::__cxx11::basic_string<char, std::char_traits<char>, std::allocator<char> > > > const&) + 0x1a4 (0xfafa8825e294 in /usr/local/lib/python3.12/dist-packages/torch/lib/libtorch_cpu.so)
frame #3: c10d::ProcessGroupNCCL::HeartbeatMonitor::runLoop() + 0x380 (0xfafa6ceddb30 in /usr/local/lib/python3.12/dist-packages/torch/lib/libtorch_cuda.so)
frame #4: <unknown function> + 0xe1ae0 (0xfafb1b0a1ae0 in /usr/lib/aarch64-linux-gnu/libstdc++.so.6)
frame #5: <unknown function> + 0x8595c (0xfafb1bd6595c in /usr/lib/aarch64-linux-gnu/libc.so.6)
frame #6: <unknown function> + 0xebb4c (0xfafb1bdcbb4c in /usr/lib/aarch64-linux-gnu/libc.so.6)

[rank1]:[W522 08:43:08.702782802 ProcessGroupNCCL.cpp:1826] [PG ID 0 PG GUID 0 Rank 1] Failed to check the "should dump" flag on TCPStore, (maybe TCPStore server has shut down too early), with error: Broken pipe
[rank1]:[W522 08:43:09.703619336 TCPStore.cpp:106] [c10d] sendBytes failed on SocketImpl(fd=29, addr=[spark1-ring]:36304, remote=[spark0-ring]:29536): Broken pipe
Exception raised from sendBytes at /pytorch/torch/csrc/distributed/c10d/Utils.hpp:653 (most recent call first):
frame #0: c10::Error::Error(c10::SourceLocation, std::__cxx11::basic_string<char, std::char_traits<char>, std::allocator<char> >) + 0xc8 (0xfafa6bff66e8 in /usr/local/lib/python3.12/dist-packages/torch/lib/libc10.so)
frame #1: <unknown function> + 0x66f513c (0xfafa8825513c in /usr/local/lib/python3.12/dist-packages/torch/lib/libtorch_cpu.so)
frame #2: c10d::TCPStore::check(std::vector<std::__cxx11::basic_string<char, std::char_traits<char>, std::allocator<char> >, std::allocator<std::__cxx11::basic_string<char, std::char_traits<char>, std::allocator<char> > > > const&) + 0x1a4 (0xfafa8825e294 in /usr/local/lib/python3.12/dist-packages/torch/lib/libtorch_cpu.so)
frame #3: c10d::ProcessGroupNCCL::HeartbeatMonitor::runLoop() + 0x380 (0xfafa6ceddb30 in /usr/local/lib/python3.12/dist-packages/torch/lib/libtorch_cuda.so)
frame #4: <unknown function> + 0xe1ae0 (0xfafb1b0a1ae0 in /usr/lib/aarch64-linux-gnu/libstdc++.so.6)
frame #5: <unknown function> + 0x8595c (0xfafb1bd6595c in /usr/lib/aarch64-linux-gnu/libc.so.6)
frame #6: <unknown function> + 0xebb4c (0xfafb1bdcbb4c in /usr/lib/aarch64-linux-gnu/libc.so.6)

[rank1]:[W522 08:43:09.705060719 ProcessGroupNCCL.cpp:1826] [PG ID 0 PG GUID 0 Rank 1] Failed to check the "should dump" flag on TCPStore, (maybe TCPStore server has shut down too early), with error: Broken pipe
[rank1]:[W522 08:43:10.705911324 TCPStore.cpp:106] [c10d] sendBytes failed on SocketImpl(fd=29, addr=[spark1-ring]:36304, remote=[spark0-ring]:29536): Broken pipe
Exception raised from sendBytes at /pytorch/torch/csrc/distributed/c10d/Utils.hpp:653 (most recent call first):
frame #0: c10::Error::Error(c10::SourceLocation, std::__cxx11::basic_string<char, std::char_traits<char>, std::allocator<char> >) + 0xc8 (0xfafa6bff66e8 in /usr/local/lib/python3.12/dist-packages/torch/lib/libc10.so)
frame #1: <unknown function> + 0x66f513c (0xfafa8825513c in /usr/local/lib/python3.12/dist-packages/torch/lib/libtorch_cpu.so)
frame #2: c10d::TCPStore::check(std::vector<std::__cxx11::basic_string<char, std::char_traits<char>, std::allocator<char> >, std::allocator<std::__cxx11::basic_string<char, std::char_traits<char>, std::allocator<char> > > > const&) + 0x1a4 (0xfafa8825e294 in /usr/local/lib/python3.12/dist-packages/torch/lib/libtorch_cpu.so)
frame #3: c10d::ProcessGroupNCCL::HeartbeatMonitor::runLoop() + 0x380 (0xfafa6ceddb30 in /usr/local/lib/python3.12/dist-packages/torch/lib/libtorch_cuda.so)
frame #4: <unknown function> + 0xe1ae0 (0xfafb1b0a1ae0 in /usr/lib/aarch64-linux-gnu/libstdc++.so.6)
frame #5: <unknown function> + 0x8595c (0xfafb1bd6595c in /usr/lib/aarch64-linux-gnu/libc.so.6)
frame #6: <unknown function> + 0xebb4c (0xfafb1bdcbb4c in /usr/lib/aarch64-linux-gnu/libc.so.6)

[rank1]:[W522 08:43:10.707316692 ProcessGroupNCCL.cpp:1826] [PG ID 0 PG GUID 0 Rank 1] Failed to check the "should dump" flag on TCPStore, (maybe TCPStore server has shut down too early), with error: Broken pipe
[rank1]:[W522 08:43:11.708501626 TCPStore.cpp:106] [c10d] sendBytes failed on SocketImpl(fd=29, addr=[spark1-ring]:36304, remote=[spark0-ring]:29536): Broken pipe
Exception raised from sendBytes at /pytorch/torch/csrc/distributed/c10d/Utils.hpp:653 (most recent call first):
frame #0: c10::Error::Error(c10::SourceLocation, std::__cxx11::basic_string<char, std::char_traits<char>, std::allocator<char> >) + 0xc8 (0xfafa6bff66e8 in /usr/local/lib/python3.12/dist-packages/torch/lib/libc10.so)
frame #1: <unknown function> + 0x66f513c (0xfafa8825513c in /usr/local/lib/python3.12/dist-packages/torch/lib/libtorch_cpu.so)
frame #2: c10d::TCPStore::check(std::vector<std::__cxx11::basic_string<char, std::char_traits<char>, std::allocator<char> >, std::allocator<std::__cxx11::basic_string<char, std::char_traits<char>, std::allocator<char> > > > const&) + 0x1a4 (0xfafa8825e294 in /usr/local/lib/python3.12/dist-packages/torch/lib/libtorch_cpu.so)
frame #3: c10d::ProcessGroupNCCL::HeartbeatMonitor::runLoop() + 0x380 (0xfafa6ceddb30 in /usr/local/lib/python3.12/dist-packages/torch/lib/libtorch_cuda.so)
frame #4: <unknown function> + 0xe1ae0 (0xfafb1b0a1ae0 in /usr/lib/aarch64-linux-gnu/libstdc++.so.6)
frame #5: <unknown function> + 0x8595c (0xfafb1bd6595c in /usr/lib/aarch64-linux-gnu/libc.so.6)
frame #6: <unknown function> + 0xebb4c (0xfafb1bdcbb4c in /usr/lib/aarch64-linux-gnu/libc.so.6)

[rank1]:[W522 08:43:11.709887251 ProcessGroupNCCL.cpp:1826] [PG ID 0 PG GUID 0 Rank 1] Failed to check the "should dump" flag on TCPStore, (maybe TCPStore server has shut down too early), with error: Broken pipe
[rank1]:[W522 08:43:12.710511252 TCPStore.cpp:106] [c10d] sendBytes failed on SocketImpl(fd=29, addr=[spark1-ring]:36304, remote=[spark0-ring]:29536): Broken pipe
Exception raised from sendBytes at /pytorch/torch/csrc/distributed/c10d/Utils.hpp:653 (most recent call first):
frame #0: c10::Error::Error(c10::SourceLocation, std::__cxx11::basic_string<char, std::char_traits<char>, std::allocator<char> >) + 0xc8 (0xfafa6bff66e8 in /usr/local/lib/python3.12/dist-packages/torch/lib/libc10.so)
frame #1: <unknown function> + 0x66f513c (0xfafa8825513c in /usr/local/lib/python3.12/dist-packages/torch/lib/libtorch_cpu.so)
frame #2: c10d::TCPStore::check(std::vector<std::__cxx11::basic_string<char, std::char_traits<char>, std::allocator<char> >, std::allocator<std::__cxx11::basic_string<char, std::char_traits<char>, std::allocator<char> > > > const&) + 0x1a4 (0xfafa8825e294 in /usr/local/lib/python3.12/dist-packages/torch/lib/libtorch_cpu.so)
frame #3: c10d::ProcessGroupNCCL::HeartbeatMonitor::runLoop() + 0x380 (0xfafa6ceddb30 in /usr/local/lib/python3.12/dist-packages/torch/lib/libtorch_cuda.so)
frame #4: <unknown function> + 0xe1ae0 (0xfafb1b0a1ae0 in /usr/lib/aarch64-linux-gnu/libstdc++.so.6)
frame #5: <unknown function> + 0x8595c (0xfafb1bd6595c in /usr/lib/aarch64-linux-gnu/libc.so.6)
frame #6: <unknown function> + 0xebb4c (0xfafb1bdcbb4c in /usr/lib/aarch64-linux-gnu/libc.so.6)

[rank1]:[W522 08:43:12.711937980 ProcessGroupNCCL.cpp:1826] [PG ID 0 PG GUID 0 Rank 1] Failed to check the "should dump" flag on TCPStore, (maybe TCPStore server has shut down too early), with error: Broken pipe
[rank1]:[W522 08:43:13.712680591 TCPStore.cpp:106] [c10d] sendBytes failed on SocketImpl(fd=29, addr=[spark1-ring]:36304, remote=[spark0-ring]:29536): Broken pipe
Exception raised from sendBytes at /pytorch/torch/csrc/distributed/c10d/Utils.hpp:653 (most recent call first):
frame #0: c10::Error::Error(c10::SourceLocation, std::__cxx11::basic_string<char, std::char_traits<char>, std::allocator<char> >) + 0xc8 (0xfafa6bff66e8 in /usr/local/lib/python3.12/dist-packages/torch/lib/libc10.so)
frame #1: <unknown function> + 0x66f513c (0xfafa8825513c in /usr/local/lib/python3.12/dist-packages/torch/lib/libtorch_cpu.so)
frame #2: c10d::TCPStore::check(std::vector<std::__cxx11::basic_string<char, std::char_traits<char>, std::allocator<char> >, std::allocator<std::__cxx11::basic_string<char, std::char_traits<char>, std::allocator<char> > > > const&) + 0x1a4 (0xfafa8825e294 in /usr/local/lib/python3.12/dist-packages/torch/lib/libtorch_cpu.so)
frame #3: c10d::ProcessGroupNCCL::HeartbeatMonitor::runLoop() + 0x380 (0xfafa6ceddb30 in /usr/local/lib/python3.12/dist-packages/torch/lib/libtorch_cuda.so)
frame #4: <unknown function> + 0xe1ae0 (0xfafb1b0a1ae0 in /usr/lib/aarch64-linux-gnu/libstdc++.so.6)
frame #5: <unknown function> + 0x8595c (0xfafb1bd6595c in /usr/lib/aarch64-linux-gnu/libc.so.6)
frame #6: <unknown function> + 0xebb4c (0xfafb1bdcbb4c in /usr/lib/aarch64-linux-gnu/libc.so.6)

[rank1]:[W522 08:43:13.714026746 ProcessGroupNCCL.cpp:1826] [PG ID 0 PG GUID 0 Rank 1] Failed to check the "should dump" flag on TCPStore, (maybe TCPStore server has shut down too early), with error: Broken pipe
[rank1]:[W522 08:43:14.714166394 TCPStore.cpp:106] [c10d] sendBytes failed on SocketImpl(fd=29, addr=[spark1-ring]:36304, remote=[spark0-ring]:29536): Broken pipe
Exception raised from sendBytes at /pytorch/torch/csrc/distributed/c10d/Utils.hpp:653 (most recent call first):
frame #0: c10::Error::Error(c10::SourceLocation, std::__cxx11::basic_string<char, std::char_traits<char>, std::allocator<char> >) + 0xc8 (0xfafa6bff66e8 in /usr/local/lib/python3.12/dist-packages/torch/lib/libc10.so)
frame #1: <unknown function> + 0x66f513c (0xfafa8825513c in /usr/local/lib/python3.12/dist-packages/torch/lib/libtorch_cpu.so)
frame #2: c10d::TCPStore::check(std::vector<std::__cxx11::basic_string<char, std::char_traits<char>, std::allocator<char> >, std::allocator<std::__cxx11::basic_string<char, std::char_traits<char>, std::allocator<char> > > > const&) + 0x1a4 (0xfafa8825e294 in /usr/local/lib/python3.12/dist-packages/torch/lib/libtorch_cpu.so)
frame #3: c10d::ProcessGroupNCCL::HeartbeatMonitor::runLoop() + 0x380 (0xfafa6ceddb30 in /usr/local/lib/python3.12/dist-packages/torch/lib/libtorch_cuda.so)
frame #4: <unknown function> + 0xe1ae0 (0xfafb1b0a1ae0 in /usr/lib/aarch64-linux-gnu/libstdc++.so.6)
frame #5: <unknown function> + 0x8595c (0xfafb1bd6595c in /usr/lib/aarch64-linux-gnu/libc.so.6)
frame #6: <unknown function> + 0xebb4c (0xfafb1bdcbb4c in /usr/lib/aarch64-linux-gnu/libc.so.6)

[rank1]:[W522 08:43:14.715497862 ProcessGroupNCCL.cpp:1826] [PG ID 0 PG GUID 0 Rank 1] Failed to check the "should dump" flag on TCPStore, (maybe TCPStore server has shut down too early), with error: Broken pipe
[rank1]:[W522 08:43:15.716149272 TCPStore.cpp:106] [c10d] sendBytes failed on SocketImpl(fd=29, addr=[spark1-ring]:36304, remote=[spark0-ring]:29536): Broken pipe
Exception raised from sendBytes at /pytorch/torch/csrc/distributed/c10d/Utils.hpp:653 (most recent call first):
frame #0: c10::Error::Error(c10::SourceLocation, std::__cxx11::basic_string<char, std::char_traits<char>, std::allocator<char> >) + 0xc8 (0xfafa6bff66e8 in /usr/local/lib/python3.12/dist-packages/torch/lib/libc10.so)
frame #1: <unknown function> + 0x66f513c (0xfafa8825513c in /usr/local/lib/python3.12/dist-packages/torch/lib/libtorch_cpu.so)
frame #2: c10d::TCPStore::check(std::vector<std::__cxx11::basic_string<char, std::char_traits<char>, std::allocator<char> >, std::allocator<std::__cxx11::basic_string<char, std::char_traits<char>, std::allocator<char> > > > const&) + 0x1a4 (0xfafa8825e294 in /usr/local/lib/python3.12/dist-packages/torch/lib/libtorch_cpu.so)
frame #3: c10d::ProcessGroupNCCL::HeartbeatMonitor::runLoop() + 0x380 (0xfafa6ceddb30 in /usr/local/lib/python3.12/dist-packages/torch/lib/libtorch_cuda.so)
frame #4: <unknown function> + 0xe1ae0 (0xfafb1b0a1ae0 in /usr/lib/aarch64-linux-gnu/libstdc++.so.6)
frame #5: <unknown function> + 0x8595c (0xfafb1bd6595c in /usr/lib/aarch64-linux-gnu/libc.so.6)
frame #6: <unknown function> + 0xebb4c (0xfafb1bdcbb4c in /usr/lib/aarch64-linux-gnu/libc.so.6)

[rank1]:[W522 08:43:15.717488468 ProcessGroupNCCL.cpp:1826] [PG ID 0 PG GUID 0 Rank 1] Failed to check the "should dump" flag on TCPStore, (maybe TCPStore server has shut down too early), with error: Broken pipe
[rank1]:[W522 08:43:16.718100427 TCPStore.cpp:106] [c10d] sendBytes failed on SocketImpl(fd=29, addr=[spark1-ring]:36304, remote=[spark0-ring]:29536): Broken pipe
Exception raised from sendBytes at /pytorch/torch/csrc/distributed/c10d/Utils.hpp:653 (most recent call first):
frame #0: c10::Error::Error(c10::SourceLocation, std::__cxx11::basic_string<char, std::char_traits<char>, std::allocator<char> >) + 0xc8 (0xfafa6bff66e8 in /usr/local/lib/python3.12/dist-packages/torch/lib/libc10.so)
frame #1: <unknown function> + 0x66f513c (0xfafa8825513c in /usr/local/lib/python3.12/dist-packages/torch/lib/libtorch_cpu.so)
frame #2: c10d::TCPStore::check(std::vector<std::__cxx11::basic_string<char, std::char_traits<char>, std::allocator<char> >, std::allocator<std::__cxx11::basic_string<char, std::char_traits<char>, std::allocator<char> > > > const&) + 0x1a4 (0xfafa8825e294 in /usr/local/lib/python3.12/dist-packages/torch/lib/libtorch_cpu.so)
frame #3: c10d::ProcessGroupNCCL::HeartbeatMonitor::runLoop() + 0x380 (0xfafa6ceddb30 in /usr/local/lib/python3.12/dist-packages/torch/lib/libtorch_cuda.so)
frame #4: <unknown function> + 0xe1ae0 (0xfafb1b0a1ae0 in /usr/lib/aarch64-linux-gnu/libstdc++.so.6)
frame #5: <unknown function> + 0x8595c (0xfafb1bd6595c in /usr/lib/aarch64-linux-gnu/libc.so.6)
frame #6: <unknown function> + 0xebb4c (0xfafb1bdcbb4c in /usr/lib/aarch64-linux-gnu/libc.so.6)

[rank1]:[W522 08:43:16.719426631 ProcessGroupNCCL.cpp:1826] [PG ID 0 PG GUID 0 Rank 1] Failed to check the "should dump" flag on TCPStore, (maybe TCPStore server has shut down too early), with error: Broken pipe
[rank1]:[W522 08:43:17.719981910 TCPStore.cpp:106] [c10d] sendBytes failed on SocketImpl(fd=29, addr=[spark1-ring]:36304, remote=[spark0-ring]:29536): Broken pipe
Exception raised from sendBytes at /pytorch/torch/csrc/distributed/c10d/Utils.hpp:653 (most recent call first):
frame #0: c10::Error::Error(c10::SourceLocation, std::__cxx11::basic_string<char, std::char_traits<char>, std::allocator<char> >) + 0xc8 (0xfafa6bff66e8 in /usr/local/lib/python3.12/dist-packages/torch/lib/libc10.so)
frame #1: <unknown function> + 0x66f513c (0xfafa8825513c in /usr/local/lib/python3.12/dist-packages/torch/lib/libtorch_cpu.so)
frame #2: c10d::TCPStore::check(std::vector<std::__cxx11::basic_string<char, std::char_traits<char>, std::allocator<char> >, std::allocator<std::__cxx11::basic_string<char, std::char_traits<char>, std::allocator<char> > > > const&) + 0x1a4 (0xfafa8825e294 in /usr/local/lib/python3.12/dist-packages/torch/lib/libtorch_cpu.so)
frame #3: c10d::ProcessGroupNCCL::HeartbeatMonitor::runLoop() + 0x380 (0xfafa6ceddb30 in /usr/local/lib/python3.12/dist-packages/torch/lib/libtorch_cuda.so)
frame #4: <unknown function> + 0xe1ae0 (0xfafb1b0a1ae0 in /usr/lib/aarch64-linux-gnu/libstdc++.so.6)
frame #5: <unknown function> + 0x8595c (0xfafb1bd6595c in /usr/lib/aarch64-linux-gnu/libc.so.6)
frame #6: <unknown function> + 0xebb4c (0xfafb1bdcbb4c in /usr/lib/aarch64-linux-gnu/libc.so.6)

[rank1]:[W522 08:43:17.721327554 ProcessGroupNCCL.cpp:1826] [PG ID 0 PG GUID 0 Rank 1] Failed to check the "should dump" flag on TCPStore, (maybe TCPStore server has shut down too early), with error: Broken pipe
[rank1]:[W522 08:43:18.722167532 TCPStore.cpp:106] [c10d] sendBytes failed on SocketImpl(fd=29, addr=[spark1-ring]:36304, remote=[spark0-ring]:29536): Broken pipe
Exception raised from sendBytes at /pytorch/torch/csrc/distributed/c10d/Utils.hpp:653 (most recent call first):
frame #0: c10::Error::Error(c10::SourceLocation, std::__cxx11::basic_string<char, std::char_traits<char>, std::allocator<char> >) + 0xc8 (0xfafa6bff66e8 in /usr/local/lib/python3.12/dist-packages/torch/lib/libc10.so)
frame #1: <unknown function> + 0x66f513c (0xfafa8825513c in /usr/local/lib/python3.12/dist-packages/torch/lib/libtorch_cpu.so)
frame #2: c10d::TCPStore::check(std::vector<std::__cxx11::basic_string<char, std::char_traits<char>, std::allocator<char> >, std::allocator<std::__cxx11::basic_string<char, std::char_traits<char>, std::allocator<char> > > > const&) + 0x1a4 (0xfafa8825e294 in /usr/local/lib/python3.12/dist-packages/torch/lib/libtorch_cpu.so)
frame #3: c10d::ProcessGroupNCCL::HeartbeatMonitor::runLoop() + 0x380 (0xfafa6ceddb30 in /usr/local/lib/python3.12/dist-packages/torch/lib/libtorch_cuda.so)
frame #4: <unknown function> + 0xe1ae0 (0xfafb1b0a1ae0 in /usr/lib/aarch64-linux-gnu/libstdc++.so.6)
frame #5: <unknown function> + 0x8595c (0xfafb1bd6595c in /usr/lib/aarch64-linux-gnu/libc.so.6)
frame #6: <unknown function> + 0xebb4c (0xfafb1bdcbb4c in /usr/lib/aarch64-linux-gnu/libc.so.6)

[rank1]:[W522 08:43:18.723575637 ProcessGroupNCCL.cpp:1826] [PG ID 0 PG GUID 0 Rank 1] Failed to check the "should dump" flag on TCPStore, (maybe TCPStore server has shut down too early), with error: Broken pipe
[rank1]:[W522 08:43:19.724431362 TCPStore.cpp:106] [c10d] sendBytes failed on SocketImpl(fd=29, addr=[spark1-ring]:36304, remote=[spark0-ring]:29536): Broken pipe
Exception raised from sendBytes at /pytorch/torch/csrc/distributed/c10d/Utils.hpp:653 (most recent call first):
frame #0: c10::Error::Error(c10::SourceLocation, std::__cxx11::basic_string<char, std::char_traits<char>, std::allocator<char> >) + 0xc8 (0xfafa6bff66e8 in /usr/local/lib/python3.12/dist-packages/torch/lib/libc10.so)
frame #1: <unknown function> + 0x66f513c (0xfafa8825513c in /usr/local/lib/python3.12/dist-packages/torch/lib/libtorch_cpu.so)
frame #2: c10d::TCPStore::check(std::vector<std::__cxx11::basic_string<char, std::char_traits<char>, std::allocator<char> >, std::allocator<std::__cxx11::basic_string<char, std::char_traits<char>, std::allocator<char> > > > const&) + 0x1a4 (0xfafa8825e294 in /usr/local/lib/python3.12/dist-packages/torch/lib/libtorch_cpu.so)
frame #3: c10d::ProcessGroupNCCL::HeartbeatMonitor::runLoop() + 0x380 (0xfafa6ceddb30 in /usr/local/lib/python3.12/dist-packages/torch/lib/libtorch_cuda.so)
frame #4: <unknown function> + 0xe1ae0 (0xfafb1b0a1ae0 in /usr/lib/aarch64-linux-gnu/libstdc++.so.6)
frame #5: <unknown function> + 0x8595c (0xfafb1bd6595c in /usr/lib/aarch64-linux-gnu/libc.so.6)
frame #6: <unknown function> + 0xebb4c (0xfafb1bdcbb4c in /usr/lib/aarch64-linux-gnu/libc.so.6)

[rank1]:[W522 08:43:19.725814668 ProcessGroupNCCL.cpp:1826] [PG ID 0 PG GUID 0 Rank 1] Failed to check the "should dump" flag on TCPStore, (maybe TCPStore server has shut down too early), with error: Broken pipe
[rank1]:[W522 08:43:20.726547317 TCPStore.cpp:106] [c10d] sendBytes failed on SocketImpl(fd=29, addr=[spark1-ring]:36304, remote=[spark0-ring]:29536): Broken pipe
Exception raised from sendBytes at /pytorch/torch/csrc/distributed/c10d/Utils.hpp:653 (most recent call first):
frame #0: c10::Error::Error(c10::SourceLocation, std::__cxx11::basic_string<char, std::char_traits<char>, std::allocator<char> >) + 0xc8 (0xfafa6bff66e8 in /usr/local/lib/python3.12/dist-packages/torch/lib/libc10.so)
frame #1: <unknown function> + 0x66f513c (0xfafa8825513c in /usr/local/lib/python3.12/dist-packages/torch/lib/libtorch_cpu.so)
frame #2: c10d::TCPStore::check(std::vector<std::__cxx11::basic_string<char, std::char_traits<char>, std::allocator<char> >, std::allocator<std::__cxx11::basic_string<char, std::char_traits<char>, std::allocator<char> > > > const&) + 0x1a4 (0xfafa8825e294 in /usr/local/lib/python3.12/dist-packages/torch/lib/libtorch_cpu.so)
frame #3: c10d::ProcessGroupNCCL::HeartbeatMonitor::runLoop() + 0x380 (0xfafa6ceddb30 in /usr/local/lib/python3.12/dist-packages/torch/lib/libtorch_cuda.so)
frame #4: <unknown function> + 0xe1ae0 (0xfafb1b0a1ae0 in /usr/lib/aarch64-linux-gnu/libstdc++.so.6)
frame #5: <unknown function> + 0x8595c (0xfafb1bd6595c in /usr/lib/aarch64-linux-gnu/libc.so.6)
frame #6: <unknown function> + 0xebb4c (0xfafb1bdcbb4c in /usr/lib/aarch64-linux-gnu/libc.so.6)

[rank1]:[W522 08:43:20.727882593 ProcessGroupNCCL.cpp:1826] [PG ID 0 PG GUID 0 Rank 1] Failed to check the "should dump" flag on TCPStore, (maybe TCPStore server has shut down too early), with error: Broken pipe
[rank1]:[W522 08:43:21.728728696 TCPStore.cpp:106] [c10d] sendBytes failed on SocketImpl(fd=29, addr=[spark1-ring]:36304, remote=[spark0-ring]:29536): Broken pipe
Exception raised from sendBytes at /pytorch/torch/csrc/distributed/c10d/Utils.hpp:653 (most recent call first):
frame #0: c10::Error::Error(c10::SourceLocation, std::__cxx11::basic_string<char, std::char_traits<char>, std::allocator<char> >) + 0xc8 (0xfafa6bff66e8 in /usr/local/lib/python3.12/dist-packages/torch/lib/libc10.so)
frame #1: <unknown function> + 0x66f513c (0xfafa8825513c in /usr/local/lib/python3.12/dist-packages/torch/lib/libtorch_cpu.so)
frame #2: c10d::TCPStore::check(std::vector<std::__cxx11::basic_string<char, std::char_traits<char>, std::allocator<char> >, std::allocator<std::__cxx11::basic_string<char, std::char_traits<char>, std::allocator<char> > > > const&) + 0x1a4 (0xfafa8825e294 in /usr/local/lib/python3.12/dist-packages/torch/lib/libtorch_cpu.so)
frame #3: c10d::ProcessGroupNCCL::HeartbeatMonitor::runLoop() + 0x380 (0xfafa6ceddb30 in /usr/local/lib/python3.12/dist-packages/torch/lib/libtorch_cuda.so)
frame #4: <unknown function> + 0xe1ae0 (0xfafb1b0a1ae0 in /usr/lib/aarch64-linux-gnu/libstdc++.so.6)
frame #5: <unknown function> + 0x8595c (0xfafb1bd6595c in /usr/lib/aarch64-linux-gnu/libc.so.6)
frame #6: <unknown function> + 0xebb4c (0xfafb1bdcbb4c in /usr/lib/aarch64-linux-gnu/libc.so.6)

[rank1]:[W522 08:43:21.730163457 ProcessGroupNCCL.cpp:1826] [PG ID 0 PG GUID 0 Rank 1] Failed to check the "should dump" flag on TCPStore, (maybe TCPStore server has shut down too early), with error: Broken pipe
[rank1]:[W522 08:43:22.731045900 TCPStore.cpp:106] [c10d] sendBytes failed on SocketImpl(fd=29, addr=[spark1-ring]:36304, remote=[spark0-ring]:29536): Broken pipe
Exception raised from sendBytes at /pytorch/torch/csrc/distributed/c10d/Utils.hpp:653 (most recent call first):
frame #0: c10::Error::Error(c10::SourceLocation, std::__cxx11::basic_string<char, std::char_traits<char>, std::allocator<char> >) + 0xc8 (0xfafa6bff66e8 in /usr/local/lib/python3.12/dist-packages/torch/lib/libc10.so)
frame #1: <unknown function> + 0x66f513c (0xfafa8825513c in /usr/local/lib/python3.12/dist-packages/torch/lib/libtorch_cpu.so)
frame #2: c10d::TCPStore::check(std::vector<std::__cxx11::basic_string<char, std::char_traits<char>, std::allocator<char> >, std::allocator<std::__cxx11::basic_string<char, std::char_traits<char>, std::allocator<char> > > > const&) + 0x1a4 (0xfafa8825e294 in /usr/local/lib/python3.12/dist-packages/torch/lib/libtorch_cpu.so)
frame #3: c10d::ProcessGroupNCCL::HeartbeatMonitor::runLoop() + 0x380 (0xfafa6ceddb30 in /usr/local/lib/python3.12/dist-packages/torch/lib/libtorch_cuda.so)
frame #4: <unknown function> + 0xe1ae0 (0xfafb1b0a1ae0 in /usr/lib/aarch64-linux-gnu/libstdc++.so.6)
frame #5: <unknown function> + 0x8595c (0xfafb1bd6595c in /usr/lib/aarch64-linux-gnu/libc.so.6)
frame #6: <unknown function> + 0xebb4c (0xfafb1bdcbb4c in /usr/lib/aarch64-linux-gnu/libc.so.6)

[rank1]:[W522 08:43:22.732417335 ProcessGroupNCCL.cpp:1826] [PG ID 0 PG GUID 0 Rank 1] Failed to check the "should dump" flag on TCPStore, (maybe TCPStore server has shut down too early), with error: Broken pipe
[rank1]:[W522 08:43:23.733276631 TCPStore.cpp:106] [c10d] sendBytes failed on SocketImpl(fd=29, addr=[spark1-ring]:36304, remote=[spark0-ring]:29536): Broken pipe
Exception raised from sendBytes at /pytorch/torch/csrc/distributed/c10d/Utils.hpp:653 (most recent call first):
frame #0: c10::Error::Error(c10::SourceLocation, std::__cxx11::basic_string<char, std::char_traits<char>, std::allocator<char> >) + 0xc8 (0xfafa6bff66e8 in /usr/local/lib/python3.12/dist-packages/torch/lib/libc10.so)
frame #1: <unknown function> + 0x66f513c (0xfafa8825513c in /usr/local/lib/python3.12/dist-packages/torch/lib/libtorch_cpu.so)
frame #2: c10d::TCPStore::check(std::vector<std::__cxx11::basic_string<char, std::char_traits<char>, std::allocator<char> >, std::allocator<std::__cxx11::basic_string<char, std::char_traits<char>, std::allocator<char> > > > const&) + 0x1a4 (0xfafa8825e294 in /usr/local/lib/python3.12/dist-packages/torch/lib/libtorch_cpu.so)
frame #3: c10d::ProcessGroupNCCL::HeartbeatMonitor::runLoop() + 0x380 (0xfafa6ceddb30 in /usr/local/lib/python3.12/dist-packages/torch/lib/libtorch_cuda.so)
frame #4: <unknown function> + 0xe1ae0 (0xfafb1b0a1ae0 in /usr/lib/aarch64-linux-gnu/libstdc++.so.6)
frame #5: <unknown function> + 0x8595c (0xfafb1bd6595c in /usr/lib/aarch64-linux-gnu/libc.so.6)
frame #6: <unknown function> + 0xebb4c (0xfafb1bdcbb4c in /usr/lib/aarch64-linux-gnu/libc.so.6)

[rank1]:[W522 08:43:23.734680609 ProcessGroupNCCL.cpp:1826] [PG ID 0 PG GUID 0 Rank 1] Failed to check the "should dump" flag on TCPStore, (maybe TCPStore server has shut down too early), with error: Broken pipe
[rank1]:[W522 08:43:24.735533925 TCPStore.cpp:106] [c10d] sendBytes failed on SocketImpl(fd=29, addr=[spark1-ring]:36304, remote=[spark0-ring]:29536): Broken pipe
Exception raised from sendBytes at /pytorch/torch/csrc/distributed/c10d/Utils.hpp:653 (most recent call first):
frame #0: c10::Error::Error(c10::SourceLocation, std::__cxx11::basic_string<char, std::char_traits<char>, std::allocator<char> >) + 0xc8 (0xfafa6bff66e8 in /usr/local/lib/python3.12/dist-packages/torch/lib/libc10.so)
frame #1: <unknown function> + 0x66f513c (0xfafa8825513c in /usr/local/lib/python3.12/dist-packages/torch/lib/libtorch_cpu.so)
frame #2: c10d::TCPStore::check(std::vector<std::__cxx11::basic_string<char, std::char_traits<char>, std::allocator<char> >, std::allocator<std::__cxx11::basic_string<char, std::char_traits<char>, std::allocator<char> > > > const&) + 0x1a4 (0xfafa8825e294 in /usr/local/lib/python3.12/dist-packages/torch/lib/libtorch_cpu.so)
frame #3: c10d::ProcessGroupNCCL::HeartbeatMonitor::runLoop() + 0x380 (0xfafa6ceddb30 in /usr/local/lib/python3.12/dist-packages/torch/lib/libtorch_cuda.so)
frame #4: <unknown function> + 0xe1ae0 (0xfafb1b0a1ae0 in /usr/lib/aarch64-linux-gnu/libstdc++.so.6)
frame #5: <unknown function> + 0x8595c (0xfafb1bd6595c in /usr/lib/aarch64-linux-gnu/libc.so.6)
frame #6: <unknown function> + 0xebb4c (0xfafb1bdcbb4c in /usr/lib/aarch64-linux-gnu/libc.so.6)

[rank1]:[W522 08:43:24.736932511 ProcessGroupNCCL.cpp:1826] [PG ID 0 PG GUID 0 Rank 1] Failed to check the "should dump" flag on TCPStore, (maybe TCPStore server has shut down too early), with error: Broken pipe
[rank1]:[W522 08:43:25.737713994 TCPStore.cpp:106] [c10d] sendBytes failed on SocketImpl(fd=29, addr=[spark1-ring]:36304, remote=[spark0-ring]:29536): Broken pipe
Exception raised from sendBytes at /pytorch/torch/csrc/distributed/c10d/Utils.hpp:653 (most recent call first):
frame #0: c10::Error::Error(c10::SourceLocation, std::__cxx11::basic_string<char, std::char_traits<char>, std::allocator<char> >) + 0xc8 (0xfafa6bff66e8 in /usr/local/lib/python3.12/dist-packages/torch/lib/libc10.so)
frame #1: <unknown function> + 0x66f513c (0xfafa8825513c in /usr/local/lib/python3.12/dist-packages/torch/lib/libtorch_cpu.so)
frame #2: c10d::TCPStore::check(std::vector<std::__cxx11::basic_string<char, std::char_traits<char>, std::allocator<char> >, std::allocator<std::__cxx11::basic_string<char, std::char_traits<char>, std::allocator<char> > > > const&) + 0x1a4 (0xfafa8825e294 in /usr/local/lib/python3.12/dist-packages/torch/lib/libtorch_cpu.so)
frame #3: c10d::ProcessGroupNCCL::HeartbeatMonitor::runLoop() + 0x380 (0xfafa6ceddb30 in /usr/local/lib/python3.12/dist-packages/torch/lib/libtorch_cuda.so)
frame #4: <unknown function> + 0xe1ae0 (0xfafb1b0a1ae0 in /usr/lib/aarch64-linux-gnu/libstdc++.so.6)
frame #5: <unknown function> + 0x8595c (0xfafb1bd6595c in /usr/lib/aarch64-linux-gnu/libc.so.6)
frame #6: <unknown function> + 0xebb4c (0xfafb1bdcbb4c in /usr/lib/aarch64-linux-gnu/libc.so.6)

[rank1]:[W522 08:43:25.739052967 ProcessGroupNCCL.cpp:1826] [PG ID 0 PG GUID 0 Rank 1] Failed to check the "should dump" flag on TCPStore, (maybe TCPStore server has shut down too early), with error: Broken pipe
[rank1]:[W522 08:43:26.739895875 TCPStore.cpp:106] [c10d] sendBytes failed on SocketImpl(fd=29, addr=[spark1-ring]:36304, remote=[spark0-ring]:29536): Broken pipe
Exception raised from sendBytes at /pytorch/torch/csrc/distributed/c10d/Utils.hpp:653 (most recent call first):
frame #0: c10::Error::Error(c10::SourceLocation, std::__cxx11::basic_string<char, std::char_traits<char>, std::allocator<char> >) + 0xc8 (0xfafa6bff66e8 in /usr/local/lib/python3.12/dist-packages/torch/lib/libc10.so)
frame #1: <unknown function> + 0x66f513c (0xfafa8825513c in /usr/local/lib/python3.12/dist-packages/torch/lib/libtorch_cpu.so)
frame #2: c10d::TCPStore::check(std::vector<std::__cxx11::basic_string<char, std::char_traits<char>, std::allocator<char> >, std::allocator<std::__cxx11::basic_string<char, std::char_traits<char>, std::allocator<char> > > > const&) + 0x1a4 (0xfafa8825e294 in /usr/local/lib/python3.12/dist-packages/torch/lib/libtorch_cpu.so)
frame #3: c10d::ProcessGroupNCCL::HeartbeatMonitor::runLoop() + 0x380 (0xfafa6ceddb30 in /usr/local/lib/python3.12/dist-packages/torch/lib/libtorch_cuda.so)
frame #4: <unknown function> + 0xe1ae0 (0xfafb1b0a1ae0 in /usr/lib/aarch64-linux-gnu/libstdc++.so.6)
frame #5: <unknown function> + 0x8595c (0xfafb1bd6595c in /usr/lib/aarch64-linux-gnu/libc.so.6)
frame #6: <unknown function> + 0xebb4c (0xfafb1bdcbb4c in /usr/lib/aarch64-linux-gnu/libc.so.6)

[rank1]:[W522 08:43:26.741344907 ProcessGroupNCCL.cpp:1826] [PG ID 0 PG GUID 0 Rank 1] Failed to check the "should dump" flag on TCPStore, (maybe TCPStore server has shut down too early), with error: Broken pipe
[rank1]:[W522 08:43:27.742347605 TCPStore.cpp:106] [c10d] sendBytes failed on SocketImpl(fd=29, addr=[spark1-ring]:36304, remote=[spark0-ring]:29536): Broken pipe
Exception raised from sendBytes at /pytorch/torch/csrc/distributed/c10d/Utils.hpp:653 (most recent call first):
frame #0: c10::Error::Error(c10::SourceLocation, std::__cxx11::basic_string<char, std::char_traits<char>, std::allocator<char> >) + 0xc8 (0xfafa6bff66e8 in /usr/local/lib/python3.12/dist-packages/torch/lib/libc10.so)
frame #1: <unknown function> + 0x66f513c (0xfafa8825513c in /usr/local/lib/python3.12/dist-packages/torch/lib/libtorch_cpu.so)
frame #2: c10d::TCPStore::check(std::vector<std::__cxx11::basic_string<char, std::char_traits<char>, std::allocator<char> >, std::allocator<std::__cxx11::basic_string<char, std::char_traits<char>, std::allocator<char> > > > const&) + 0x1a4 (0xfafa8825e294 in /usr/local/lib/python3.12/dist-packages/torch/lib/libtorch_cpu.so)
frame #3: c10d::ProcessGroupNCCL::HeartbeatMonitor::runLoop() + 0x380 (0xfafa6ceddb30 in /usr/local/lib/python3.12/dist-packages/torch/lib/libtorch_cuda.so)
frame #4: <unknown function> + 0xe1ae0 (0xfafb1b0a1ae0 in /usr/lib/aarch64-linux-gnu/libstdc++.so.6)
frame #5: <unknown function> + 0x8595c (0xfafb1bd6595c in /usr/lib/aarch64-linux-gnu/libc.so.6)
frame #6: <unknown function> + 0xebb4c (0xfafb1bdcbb4c in /usr/lib/aarch64-linux-gnu/libc.so.6)

[rank1]:[W522 08:43:27.743685282 ProcessGroupNCCL.cpp:1826] [PG ID 0 PG GUID 0 Rank 1] Failed to check the "should dump" flag on TCPStore, (maybe TCPStore server has shut down too early), with error: Broken pipe
[rank1]:[W522 08:43:28.744541204 TCPStore.cpp:106] [c10d] sendBytes failed on SocketImpl(fd=29, addr=[spark1-ring]:36304, remote=[spark0-ring]:29536): Broken pipe
Exception raised from sendBytes at /pytorch/torch/csrc/distributed/c10d/Utils.hpp:653 (most recent call first):
frame #0: c10::Error::Error(c10::SourceLocation, std::__cxx11::basic_string<char, std::char_traits<char>, std::allocator<char> >) + 0xc8 (0xfafa6bff66e8 in /usr/local/lib/python3.12/dist-packages/torch/lib/libc10.so)
frame #1: <unknown function> + 0x66f513c (0xfafa8825513c in /usr/local/lib/python3.12/dist-packages/torch/lib/libtorch_cpu.so)
frame #2: c10d::TCPStore::check(std::vector<std::__cxx11::basic_string<char, std::char_traits<char>, std::allocator<char> >, std::allocator<std::__cxx11::basic_string<char, std::char_traits<char>, std::allocator<char> > > > const&) + 0x1a4 (0xfafa8825e294 in /usr/local/lib/python3.12/dist-packages/torch/lib/libtorch_cpu.so)
frame #3: c10d::ProcessGroupNCCL::HeartbeatMonitor::runLoop() + 0x380 (0xfafa6ceddb30 in /usr/local/lib/python3.12/dist-packages/torch/lib/libtorch_cuda.so)
frame #4: <unknown function> + 0xe1ae0 (0xfafb1b0a1ae0 in /usr/lib/aarch64-linux-gnu/libstdc++.so.6)
frame #5: <unknown function> + 0x8595c (0xfafb1bd6595c in /usr/lib/aarch64-linux-gnu/libc.so.6)
frame #6: <unknown function> + 0xebb4c (0xfafb1bdcbb4c in /usr/lib/aarch64-linux-gnu/libc.so.6)

[rank1]:[W522 08:43:28.745965902 ProcessGroupNCCL.cpp:1826] [PG ID 0 PG GUID 0 Rank 1] Failed to check the "should dump" flag on TCPStore, (maybe TCPStore server has shut down too early), with error: Broken pipe
[rank1]:[W522 08:43:29.746807540 TCPStore.cpp:106] [c10d] sendBytes failed on SocketImpl(fd=29, addr=[spark1-ring]:36304, remote=[spark0-ring]:29536): Broken pipe
Exception raised from sendBytes at /pytorch/torch/csrc/distributed/c10d/Utils.hpp:653 (most recent call first):
frame #0: c10::Error::Error(c10::SourceLocation, std::__cxx11::basic_string<char, std::char_traits<char>, std::allocator<char> >) + 0xc8 (0xfafa6bff66e8 in /usr/local/lib/python3.12/dist-packages/torch/lib/libc10.so)
frame #1: <unknown function> + 0x66f513c (0xfafa8825513c in /usr/local/lib/python3.12/dist-packages/torch/lib/libtorch_cpu.so)
frame #2: c10d::TCPStore::check(std::vector<std::__cxx11::basic_string<char, std::char_traits<char>, std::allocator<char> >, std::allocator<std::__cxx11::basic_string<char, std::char_traits<char>, std::allocator<char> > > > const&) + 0x1a4 (0xfafa8825e294 in /usr/local/lib/python3.12/dist-packages/torch/lib/libtorch_cpu.so)
frame #3: c10d::ProcessGroupNCCL::HeartbeatMonitor::runLoop() + 0x380 (0xfafa6ceddb30 in /usr/local/lib/python3.12/dist-packages/torch/lib/libtorch_cuda.so)
frame #4: <unknown function> + 0xe1ae0 (0xfafb1b0a1ae0 in /usr/lib/aarch64-linux-gnu/libstdc++.so.6)
frame #5: <unknown function> + 0x8595c (0xfafb1bd6595c in /usr/lib/aarch64-linux-gnu/libc.so.6)
frame #6: <unknown function> + 0xebb4c (0xfafb1bdcbb4c in /usr/lib/aarch64-linux-gnu/libc.so.6)

[rank1]:[W522 08:43:29.748190975 ProcessGroupNCCL.cpp:1826] [PG ID 0 PG GUID 0 Rank 1] Failed to check the "should dump" flag on TCPStore, (maybe TCPStore server has shut down too early), with error: Broken pipe
[rank1]:[W522 08:43:30.748931933 TCPStore.cpp:106] [c10d] sendBytes failed on SocketImpl(fd=29, addr=[spark1-ring]:36304, remote=[spark0-ring]:29536): Broken pipe
Exception raised from sendBytes at /pytorch/torch/csrc/distributed/c10d/Utils.hpp:653 (most recent call first):
frame #0: c10::Error::Error(c10::SourceLocation, std::__cxx11::basic_string<char, std::char_traits<char>, std::allocator<char> >) + 0xc8 (0xfafa6bff66e8 in /usr/local/lib/python3.12/dist-packages/torch/lib/libc10.so)
frame #1: <unknown function> + 0x66f513c (0xfafa8825513c in /usr/local/lib/python3.12/dist-packages/torch/lib/libtorch_cpu.so)
frame #2: c10d::TCPStore::check(std::vector<std::__cxx11::basic_string<char, std::char_traits<char>, std::allocator<char> >, std::allocator<std::__cxx11::basic_string<char, std::char_traits<char>, std::allocator<char> > > > const&) + 0x1a4 (0xfafa8825e294 in /usr/local/lib/python3.12/dist-packages/torch/lib/libtorch_cpu.so)
frame #3: c10d::ProcessGroupNCCL::HeartbeatMonitor::runLoop() + 0x380 (0xfafa6ceddb30 in /usr/local/lib/python3.12/dist-packages/torch/lib/libtorch_cuda.so)
frame #4: <unknown function> + 0xe1ae0 (0xfafb1b0a1ae0 in /usr/lib/aarch64-linux-gnu/libstdc++.so.6)
frame #5: <unknown function> + 0x8595c (0xfafb1bd6595c in /usr/lib/aarch64-linux-gnu/libc.so.6)
frame #6: <unknown function> + 0xebb4c (0xfafb1bdcbb4c in /usr/lib/aarch64-linux-gnu/libc.so.6)

[rank1]:[W522 08:43:30.750281210 ProcessGroupNCCL.cpp:1826] [PG ID 0 PG GUID 0 Rank 1] Failed to check the "should dump" flag on TCPStore, (maybe TCPStore server has shut down too early), with error: Broken pipe
[rank1]:[W522 08:43:31.750773669 TCPStore.cpp:106] [c10d] sendBytes failed on SocketImpl(fd=29, addr=[spark1-ring]:36304, remote=[spark0-ring]:29536): Broken pipe
Exception raised from sendBytes at /pytorch/torch/csrc/distributed/c10d/Utils.hpp:653 (most recent call first):
frame #0: c10::Error::Error(c10::SourceLocation, std::__cxx11::basic_string<char, std::char_traits<char>, std::allocator<char> >) + 0xc8 (0xfafa6bff66e8 in /usr/local/lib/python3.12/dist-packages/torch/lib/libc10.so)
frame #1: <unknown function> + 0x66f513c (0xfafa8825513c in /usr/local/lib/python3.12/dist-packages/torch/lib/libtorch_cpu.so)
frame #2: c10d::TCPStore::check(std::vector<std::__cxx11::basic_string<char, std::char_traits<char>, std::allocator<char> >, std::allocator<std::__cxx11::basic_string<char, std::char_traits<char>, std::allocator<char> > > > const&) + 0x1a4 (0xfafa8825e294 in /usr/local/lib/python3.12/dist-packages/torch/lib/libtorch_cpu.so)
frame #3: c10d::ProcessGroupNCCL::HeartbeatMonitor::runLoop() + 0x380 (0xfafa6ceddb30 in /usr/local/lib/python3.12/dist-packages/torch/lib/libtorch_cuda.so)
frame #4: <unknown function> + 0xe1ae0 (0xfafb1b0a1ae0 in /usr/lib/aarch64-linux-gnu/libstdc++.so.6)
frame #5: <unknown function> + 0x8595c (0xfafb1bd6595c in /usr/lib/aarch64-linux-gnu/libc.so.6)
frame #6: <unknown function> + 0xebb4c (0xfafb1bdcbb4c in /usr/lib/aarch64-linux-gnu/libc.so.6)

[rank1]:[W522 08:43:31.752109266 ProcessGroupNCCL.cpp:1826] [PG ID 0 PG GUID 0 Rank 1] Failed to check the "should dump" flag on TCPStore, (maybe TCPStore server has shut down too early), with error: Broken pipe
[rank1]:[W522 08:43:32.752949969 TCPStore.cpp:106] [c10d] sendBytes failed on SocketImpl(fd=29, addr=[spark1-ring]:36304, remote=[spark0-ring]:29536): Broken pipe
Exception raised from sendBytes at /pytorch/torch/csrc/distributed/c10d/Utils.hpp:653 (most recent call first):
frame #0: c10::Error::Error(c10::SourceLocation, std::__cxx11::basic_string<char, std::char_traits<char>, std::allocator<char> >) + 0xc8 (0xfafa6bff66e8 in /usr/local/lib/python3.12/dist-packages/torch/lib/libc10.so)
frame #1: <unknown function> + 0x66f513c (0xfafa8825513c in /usr/local/lib/python3.12/dist-packages/torch/lib/libtorch_cpu.so)
frame #2: c10d::TCPStore::check(std::vector<std::__cxx11::basic_string<char, std::char_traits<char>, std::allocator<char> >, std::allocator<std::__cxx11::basic_string<char, std::char_traits<char>, std::allocator<char> > > > const&) + 0x1a4 (0xfafa8825e294 in /usr/local/lib/python3.12/dist-packages/torch/lib/libtorch_cpu.so)
frame #3: c10d::ProcessGroupNCCL::HeartbeatMonitor::runLoop() + 0x380 (0xfafa6ceddb30 in /usr/local/lib/python3.12/dist-packages/torch/lib/libtorch_cuda.so)
frame #4: <unknown function> + 0xe1ae0 (0xfafb1b0a1ae0 in /usr/lib/aarch64-linux-gnu/libstdc++.so.6)
frame #5: <unknown function> + 0x8595c (0xfafb1bd6595c in /usr/lib/aarch64-linux-gnu/libc.so.6)
frame #6: <unknown function> + 0xebb4c (0xfafb1bdcbb4c in /usr/lib/aarch64-linux-gnu/libc.so.6)

[rank1]:[W522 08:43:32.754382299 ProcessGroupNCCL.cpp:1826] [PG ID 0 PG GUID 0 Rank 1] Failed to check the "should dump" flag on TCPStore, (maybe TCPStore server has shut down too early), with error: Broken pipe
[rank1]:[W522 08:43:33.755228973 TCPStore.cpp:106] [c10d] sendBytes failed on SocketImpl(fd=29, addr=[spark1-ring]:36304, remote=[spark0-ring]:29536): Broken pipe
Exception raised from sendBytes at /pytorch/torch/csrc/distributed/c10d/Utils.hpp:653 (most recent call first):
frame #0: c10::Error::Error(c10::SourceLocation, std::__cxx11::basic_string<char, std::char_traits<char>, std::allocator<char> >) + 0xc8 (0xfafa6bff66e8 in /usr/local/lib/python3.12/dist-packages/torch/lib/libc10.so)
frame #1: <unknown function> + 0x66f513c (0xfafa8825513c in /usr/local/lib/python3.12/dist-packages/torch/lib/libtorch_cpu.so)
frame #2: c10d::TCPStore::check(std::vector<std::__cxx11::basic_string<char, std::char_traits<char>, std::allocator<char> >, std::allocator<std::__cxx11::basic_string<char, std::char_traits<char>, std::allocator<char> > > > const&) + 0x1a4 (0xfafa8825e294 in /usr/local/lib/python3.12/dist-packages/torch/lib/libtorch_cpu.so)
frame #3: c10d::ProcessGroupNCCL::HeartbeatMonitor::runLoop() + 0x380 (0xfafa6ceddb30 in /usr/local/lib/python3.12/dist-packages/torch/lib/libtorch_cuda.so)
frame #4: <unknown function> + 0xe1ae0 (0xfafb1b0a1ae0 in /usr/lib/aarch64-linux-gnu/libstdc++.so.6)
frame #5: <unknown function> + 0x8595c (0xfafb1bd6595c in /usr/lib/aarch64-linux-gnu/libc.so.6)
frame #6: <unknown function> + 0xebb4c (0xfafb1bdcbb4c in /usr/lib/aarch64-linux-gnu/libc.so.6)

[rank1]:[W522 08:43:33.756629977 ProcessGroupNCCL.cpp:1826] [PG ID 0 PG GUID 0 Rank 1] Failed to check the "should dump" flag on TCPStore, (maybe TCPStore server has shut down too early), with error: Broken pipe
[rank1]:[W522 08:43:34.757449693 TCPStore.cpp:106] [c10d] sendBytes failed on SocketImpl(fd=29, addr=[spark1-ring]:36304, remote=[spark0-ring]:29536): Broken pipe
Exception raised from sendBytes at /pytorch/torch/csrc/distributed/c10d/Utils.hpp:653 (most recent call first):
frame #0: c10::Error::Error(c10::SourceLocation, std::__cxx11::basic_string<char, std::char_traits<char>, std::allocator<char> >) + 0xc8 (0xfafa6bff66e8 in /usr/local/lib/python3.12/dist-packages/torch/lib/libc10.so)
frame #1: <unknown function> + 0x66f513c (0xfafa8825513c in /usr/local/lib/python3.12/dist-packages/torch/lib/libtorch_cpu.so)
frame #2: c10d::TCPStore::check(std::vector<std::__cxx11::basic_string<char, std::char_traits<char>, std::allocator<char> >, std::allocator<std::__cxx11::basic_string<char, std::char_traits<char>, std::allocator<char> > > > const&) + 0x1a4 (0xfafa8825e294 in /usr/local/lib/python3.12/dist-packages/torch/lib/libtorch_cpu.so)
frame #3: c10d::ProcessGroupNCCL::HeartbeatMonitor::runLoop() + 0x380 (0xfafa6ceddb30 in /usr/local/lib/python3.12/dist-packages/torch/lib/libtorch_cuda.so)
frame #4: <unknown function> + 0xe1ae0 (0xfafb1b0a1ae0 in /usr/lib/aarch64-linux-gnu/libstdc++.so.6)
frame #5: <unknown function> + 0x8595c (0xfafb1bd6595c in /usr/lib/aarch64-linux-gnu/libc.so.6)
frame #6: <unknown function> + 0xebb4c (0xfafb1bdcbb4c in /usr/lib/aarch64-linux-gnu/libc.so.6)

[rank1]:[W522 08:43:34.758893703 ProcessGroupNCCL.cpp:1826] [PG ID 0 PG GUID 0 Rank 1] Failed to check the "should dump" flag on TCPStore, (maybe TCPStore server has shut down too early), with error: Broken pipe
[rank1]:[W522 08:43:35.759128388 TCPStore.cpp:106] [c10d] sendBytes failed on SocketImpl(fd=29, addr=[spark1-ring]:36304, remote=[spark0-ring]:29536): Broken pipe
Exception raised from sendBytes at /pytorch/torch/csrc/distributed/c10d/Utils.hpp:653 (most recent call first):
frame #0: c10::Error::Error(c10::SourceLocation, std::__cxx11::basic_string<char, std::char_traits<char>, std::allocator<char> >) + 0xc8 (0xfafa6bff66e8 in /usr/local/lib/python3.12/dist-packages/torch/lib/libc10.so)
frame #1: <unknown function> + 0x66f513c (0xfafa8825513c in /usr/local/lib/python3.12/dist-packages/torch/lib/libtorch_cpu.so)
frame #2: c10d::TCPStore::check(std::vector<std::__cxx11::basic_string<char, std::char_traits<char>, std::allocator<char> >, std::allocator<std::__cxx11::basic_string<char, std::char_traits<char>, std::allocator<char> > > > const&) + 0x1a4 (0xfafa8825e294 in /usr/local/lib/python3.12/dist-packages/torch/lib/libtorch_cpu.so)
frame #3: c10d::ProcessGroupNCCL::HeartbeatMonitor::runLoop() + 0x380 (0xfafa6ceddb30 in /usr/local/lib/python3.12/dist-packages/torch/lib/libtorch_cuda.so)
frame #4: <unknown function> + 0xe1ae0 (0xfafb1b0a1ae0 in /usr/lib/aarch64-linux-gnu/libstdc++.so.6)
frame #5: <unknown function> + 0x8595c (0xfafb1bd6595c in /usr/lib/aarch64-linux-gnu/libc.so.6)
frame #6: <unknown function> + 0xebb4c (0xfafb1bdcbb4c in /usr/lib/aarch64-linux-gnu/libc.so.6)

[rank1]:[W522 08:43:35.760502545 ProcessGroupNCCL.cpp:1826] [PG ID 0 PG GUID 0 Rank 1] Failed to check the "should dump" flag on TCPStore, (maybe TCPStore server has shut down too early), with error: Broken pipe
[rank1]:[W522 08:43:36.761368456 TCPStore.cpp:106] [c10d] sendBytes failed on SocketImpl(fd=29, addr=[spark1-ring]:36304, remote=[spark0-ring]:29536): Broken pipe
Exception raised from sendBytes at /pytorch/torch/csrc/distributed/c10d/Utils.hpp:653 (most recent call first):
frame #0: c10::Error::Error(c10::SourceLocation, std::__cxx11::basic_string<char, std::char_traits<char>, std::allocator<char> >) + 0xc8 (0xfafa6bff66e8 in /usr/local/lib/python3.12/dist-packages/torch/lib/libc10.so)
frame #1: <unknown function> + 0x66f513c (0xfafa8825513c in /usr/local/lib/python3.12/dist-packages/torch/lib/libtorch_cpu.so)
frame #2: c10d::TCPStore::check(std::vector<std::__cxx11::basic_string<char, std::char_traits<char>, std::allocator<char> >, std::allocator<std::__cxx11::basic_string<char, std::char_traits<char>, std::allocator<char> > > > const&) + 0x1a4 (0xfafa8825e294 in /usr/local/lib/python3.12/dist-packages/torch/lib/libtorch_cpu.so)
frame #3: c10d::ProcessGroupNCCL::HeartbeatMonitor::runLoop() + 0x380 (0xfafa6ceddb30 in /usr/local/lib/python3.12/dist-packages/torch/lib/libtorch_cuda.so)
frame #4: <unknown function> + 0xe1ae0 (0xfafb1b0a1ae0 in /usr/lib/aarch64-linux-gnu/libstdc++.so.6)
frame #5: <unknown function> + 0x8595c (0xfafb1bd6595c in /usr/lib/aarch64-linux-gnu/libc.so.6)
frame #6: <unknown function> + 0xebb4c (0xfafb1bdcbb4c in /usr/lib/aarch64-linux-gnu/libc.so.6)

[rank1]:[W522 08:43:36.762773172 ProcessGroupNCCL.cpp:1826] [PG ID 0 PG GUID 0 Rank 1] Failed to check the "should dump" flag on TCPStore, (maybe TCPStore server has shut down too early), with error: Broken pipe
[rank1]:[W522 08:43:37.763615214 TCPStore.cpp:106] [c10d] sendBytes failed on SocketImpl(fd=29, addr=[spark1-ring]:36304, remote=[spark0-ring]:29536): Broken pipe
Exception raised from sendBytes at /pytorch/torch/csrc/distributed/c10d/Utils.hpp:653 (most recent call first):
frame #0: c10::Error::Error(c10::SourceLocation, std::__cxx11::basic_string<char, std::char_traits<char>, std::allocator<char> >) + 0xc8 (0xfafa6bff66e8 in /usr/local/lib/python3.12/dist-packages/torch/lib/libc10.so)
frame #1: <unknown function> + 0x66f513c (0xfafa8825513c in /usr/local/lib/python3.12/dist-packages/torch/lib/libtorch_cpu.so)
frame #2: c10d::TCPStore::check(std::vector<std::__cxx11::basic_string<char, std::char_traits<char>, std::allocator<char> >, std::allocator<std::__cxx11::basic_string<char, std::char_traits<char>, std::allocator<char> > > > const&) + 0x1a4 (0xfafa8825e294 in /usr/local/lib/python3.12/dist-packages/torch/lib/libtorch_cpu.so)
frame #3: c10d::ProcessGroupNCCL::HeartbeatMonitor::runLoop() + 0x380 (0xfafa6ceddb30 in /usr/local/lib/python3.12/dist-packages/torch/lib/libtorch_cuda.so)
frame #4: <unknown function> + 0xe1ae0 (0xfafb1b0a1ae0 in /usr/lib/aarch64-linux-gnu/libstdc++.so.6)
frame #5: <unknown function> + 0x8595c (0xfafb1bd6595c in /usr/lib/aarch64-linux-gnu/libc.so.6)
frame #6: <unknown function> + 0xebb4c (0xfafb1bdcbb4c in /usr/lib/aarch64-linux-gnu/libc.so.6)

[rank1]:[W522 08:43:37.765009930 ProcessGroupNCCL.cpp:1826] [PG ID 0 PG GUID 0 Rank 1] Failed to check the "should dump" flag on TCPStore, (maybe TCPStore server has shut down too early), with error: Broken pipe
[rank1]:[W522 08:43:38.765148656 TCPStore.cpp:106] [c10d] sendBytes failed on SocketImpl(fd=29, addr=[spark1-ring]:36304, remote=[spark0-ring]:29536): Broken pipe
Exception raised from sendBytes at /pytorch/torch/csrc/distributed/c10d/Utils.hpp:653 (most recent call first):
frame #0: c10::Error::Error(c10::SourceLocation, std::__cxx11::basic_string<char, std::char_traits<char>, std::allocator<char> >) + 0xc8 (0xfafa6bff66e8 in /usr/local/lib/python3.12/dist-packages/torch/lib/libc10.so)
frame #1: <unknown function> + 0x66f513c (0xfafa8825513c in /usr/local/lib/python3.12/dist-packages/torch/lib/libtorch_cpu.so)
frame #2: c10d::TCPStore::check(std::vector<std::__cxx11::basic_string<char, std::char_traits<char>, std::allocator<char> >, std::allocator<std::__cxx11::basic_string<char, std::char_traits<char>, std::allocator<char> > > > const&) + 0x1a4 (0xfafa8825e294 in /usr/local/lib/python3.12/dist-packages/torch/lib/libtorch_cpu.so)
frame #3: c10d::ProcessGroupNCCL::HeartbeatMonitor::runLoop() + 0x380 (0xfafa6ceddb30 in /usr/local/lib/python3.12/dist-packages/torch/lib/libtorch_cuda.so)
frame #4: <unknown function> + 0xe1ae0 (0xfafb1b0a1ae0 in /usr/lib/aarch64-linux-gnu/libstdc++.so.6)
frame #5: <unknown function> + 0x8595c (0xfafb1bd6595c in /usr/lib/aarch64-linux-gnu/libc.so.6)
frame #6: <unknown function> + 0xebb4c (0xfafb1bdcbb4c in /usr/lib/aarch64-linux-gnu/libc.so.6)

[rank1]:[W522 08:43:38.766486110 ProcessGroupNCCL.cpp:1826] [PG ID 0 PG GUID 0 Rank 1] Failed to check the "should dump" flag on TCPStore, (maybe TCPStore server has shut down too early), with error: Broken pipe
[rank1]:[W522 08:43:39.767325196 TCPStore.cpp:106] [c10d] sendBytes failed on SocketImpl(fd=29, addr=[spark1-ring]:36304, remote=[spark0-ring]:29536): Broken pipe
Exception raised from sendBytes at /pytorch/torch/csrc/distributed/c10d/Utils.hpp:653 (most recent call first):
frame #0: c10::Error::Error(c10::SourceLocation, std::__cxx11::basic_string<char, std::char_traits<char>, std::allocator<char> >) + 0xc8 (0xfafa6bff66e8 in /usr/local/lib/python3.12/dist-packages/torch/lib/libc10.so)
frame #1: <unknown function> + 0x66f513c (0xfafa8825513c in /usr/local/lib/python3.12/dist-packages/torch/lib/libtorch_cpu.so)
frame #2: c10d::TCPStore::check(std::vector<std::__cxx11::basic_string<char, std::char_traits<char>, std::allocator<char> >, std::allocator<std::__cxx11::basic_string<char, std::char_traits<char>, std::allocator<char> > > > const&) + 0x1a4 (0xfafa8825e294 in /usr/local/lib/python3.12/dist-packages/torch/lib/libtorch_cpu.so)
frame #3: c10d::ProcessGroupNCCL::HeartbeatMonitor::runLoop() + 0x380 (0xfafa6ceddb30 in /usr/local/lib/python3.12/dist-packages/torch/lib/libtorch_cuda.so)
frame #4: <unknown function> + 0xe1ae0 (0xfafb1b0a1ae0 in /usr/lib/aarch64-linux-gnu/libstdc++.so.6)
frame #5: <unknown function> + 0x8595c (0xfafb1bd6595c in /usr/lib/aarch64-linux-gnu/libc.so.6)
frame #6: <unknown function> + 0xebb4c (0xfafb1bdcbb4c in /usr/lib/aarch64-linux-gnu/libc.so.6)

[rank1]:[W522 08:43:39.768649563 ProcessGroupNCCL.cpp:1826] [PG ID 0 PG GUID 0 Rank 1] Failed to check the "should dump" flag on TCPStore, (maybe TCPStore server has shut down too early), with error: Broken pipe
[rank1]:[W522 08:43:40.769476938 TCPStore.cpp:106] [c10d] sendBytes failed on SocketImpl(fd=29, addr=[spark1-ring]:36304, remote=[spark0-ring]:29536): Broken pipe
Exception raised from sendBytes at /pytorch/torch/csrc/distributed/c10d/Utils.hpp:653 (most recent call first):
frame #0: c10::Error::Error(c10::SourceLocation, std::__cxx11::basic_string<char, std::char_traits<char>, std::allocator<char> >) + 0xc8 (0xfafa6bff66e8 in /usr/local/lib/python3.12/dist-packages/torch/lib/libc10.so)
frame #1: <unknown function> + 0x66f513c (0xfafa8825513c in /usr/local/lib/python3.12/dist-packages/torch/lib/libtorch_cpu.so)
frame #2: c10d::TCPStore::check(std::vector<std::__cxx11::basic_string<char, std::char_traits<char>, std::allocator<char> >, std::allocator<std::__cxx11::basic_string<char, std::char_traits<char>, std::allocator<char> > > > const&) + 0x1a4 (0xfafa8825e294 in /usr/local/lib/python3.12/dist-packages/torch/lib/libtorch_cpu.so)
frame #3: c10d::ProcessGroupNCCL::HeartbeatMonitor::runLoop() + 0x380 (0xfafa6ceddb30 in /usr/local/lib/python3.12/dist-packages/torch/lib/libtorch_cuda.so)
frame #4: <unknown function> + 0xe1ae0 (0xfafb1b0a1ae0 in /usr/lib/aarch64-linux-gnu/libstdc++.so.6)
frame #5: <unknown function> + 0x8595c (0xfafb1bd6595c in /usr/lib/aarch64-linux-gnu/libc.so.6)
frame #6: <unknown function> + 0xebb4c (0xfafb1bdcbb4c in /usr/lib/aarch64-linux-gnu/libc.so.6)

[rank1]:[W522 08:43:40.770907909 ProcessGroupNCCL.cpp:1826] [PG ID 0 PG GUID 0 Rank 1] Failed to check the "should dump" flag on TCPStore, (maybe TCPStore server has shut down too early), with error: Broken pipe
[rank1]:[W522 08:43:41.771758550 TCPStore.cpp:106] [c10d] sendBytes failed on SocketImpl(fd=29, addr=[spark1-ring]:36304, remote=[spark0-ring]:29536): Broken pipe
Exception raised from sendBytes at /pytorch/torch/csrc/distributed/c10d/Utils.hpp:653 (most recent call first):
frame #0: c10::Error::Error(c10::SourceLocation, std::__cxx11::basic_string<char, std::char_traits<char>, std::allocator<char> >) + 0xc8 (0xfafa6bff66e8 in /usr/local/lib/python3.12/dist-packages/torch/lib/libc10.so)
frame #1: <unknown function> + 0x66f513c (0xfafa8825513c in /usr/local/lib/python3.12/dist-packages/torch/lib/libtorch_cpu.so)
frame #2: c10d::TCPStore::check(std::vector<std::__cxx11::basic_string<char, std::char_traits<char>, std::allocator<char> >, std::allocator<std::__cxx11::basic_string<char, std::char_traits<char>, std::allocator<char> > > > const&) + 0x1a4 (0xfafa8825e294 in /usr/local/lib/python3.12/dist-packages/torch/lib/libtorch_cpu.so)
frame #3: c10d::ProcessGroupNCCL::HeartbeatMonitor::runLoop() + 0x380 (0xfafa6ceddb30 in /usr/local/lib/python3.12/dist-packages/torch/lib/libtorch_cuda.so)
frame #4: <unknown function> + 0xe1ae0 (0xfafb1b0a1ae0 in /usr/lib/aarch64-linux-gnu/libstdc++.so.6)
frame #5: <unknown function> + 0x8595c (0xfafb1bd6595c in /usr/lib/aarch64-linux-gnu/libc.so.6)
frame #6: <unknown function> + 0xebb4c (0xfafb1bdcbb4c in /usr/lib/aarch64-linux-gnu/libc.so.6)

[rank1]:[W522 08:43:41.773161218 ProcessGroupNCCL.cpp:1826] [PG ID 0 PG GUID 0 Rank 1] Failed to check the "should dump" flag on TCPStore, (maybe TCPStore server has shut down too early), with error: Broken pipe
[rank1]:[W522 08:43:42.773953349 TCPStore.cpp:106] [c10d] sendBytes failed on SocketImpl(fd=29, addr=[spark1-ring]:36304, remote=[spark0-ring]:29536): Broken pipe
Exception raised from sendBytes at /pytorch/torch/csrc/distributed/c10d/Utils.hpp:653 (most recent call first):
frame #0: c10::Error::Error(c10::SourceLocation, std::__cxx11::basic_string<char, std::char_traits<char>, std::allocator<char> >) + 0xc8 (0xfafa6bff66e8 in /usr/local/lib/python3.12/dist-packages/torch/lib/libc10.so)
frame #1: <unknown function> + 0x66f513c (0xfafa8825513c in /usr/local/lib/python3.12/dist-packages/torch/lib/libtorch_cpu.so)
frame #2: c10d::TCPStore::check(std::vector<std::__cxx11::basic_string<char, std::char_traits<char>, std::allocator<char> >, std::allocator<std::__cxx11::basic_string<char, std::char_traits<char>, std::allocator<char> > > > const&) + 0x1a4 (0xfafa8825e294 in /usr/local/lib/python3.12/dist-packages/torch/lib/libtorch_cpu.so)
frame #3: c10d::ProcessGroupNCCL::HeartbeatMonitor::runLoop() + 0x380 (0xfafa6ceddb30 in /usr/local/lib/python3.12/dist-packages/torch/lib/libtorch_cuda.so)
frame #4: <unknown function> + 0xe1ae0 (0xfafb1b0a1ae0 in /usr/lib/aarch64-linux-gnu/libstdc++.so.6)
frame #5: <unknown function> + 0x8595c (0xfafb1bd6595c in /usr/lib/aarch64-linux-gnu/libc.so.6)
frame #6: <unknown function> + 0xebb4c (0xfafb1bdcbb4c in /usr/lib/aarch64-linux-gnu/libc.so.6)

[rank1]:[W522 08:43:42.775282052 ProcessGroupNCCL.cpp:1826] [PG ID 0 PG GUID 0 Rank 1] Failed to check the "should dump" flag on TCPStore, (maybe TCPStore server has shut down too early), with error: Broken pipe
[rank1]:[W522 08:43:43.776156310 TCPStore.cpp:106] [c10d] sendBytes failed on SocketImpl(fd=29, addr=[spark1-ring]:36304, remote=[spark0-ring]:29536): Broken pipe
Exception raised from sendBytes at /pytorch/torch/csrc/distributed/c10d/Utils.hpp:653 (most recent call first):
frame #0: c10::Error::Error(c10::SourceLocation, std::__cxx11::basic_string<char, std::char_traits<char>, std::allocator<char> >) + 0xc8 (0xfafa6bff66e8 in /usr/local/lib/python3.12/dist-packages/torch/lib/libc10.so)
frame #1: <unknown function> + 0x66f513c (0xfafa8825513c in /usr/local/lib/python3.12/dist-packages/torch/lib/libtorch_cpu.so)
frame #2: c10d::TCPStore::check(std::vector<std::__cxx11::basic_string<char, std::char_traits<char>, std::allocator<char> >, std::allocator<std::__cxx11::basic_string<char, std::char_traits<char>, std::allocator<char> > > > const&) + 0x1a4 (0xfafa8825e294 in /usr/local/lib/python3.12/dist-packages/torch/lib/libtorch_cpu.so)
frame #3: c10d::ProcessGroupNCCL::HeartbeatMonitor::runLoop() + 0x380 (0xfafa6ceddb30 in /usr/local/lib/python3.12/dist-packages/torch/lib/libtorch_cuda.so)
frame #4: <unknown function> + 0xe1ae0 (0xfafb1b0a1ae0 in /usr/lib/aarch64-linux-gnu/libstdc++.so.6)
frame #5: <unknown function> + 0x8595c (0xfafb1bd6595c in /usr/lib/aarch64-linux-gnu/libc.so.6)
frame #6: <unknown function> + 0xebb4c (0xfafb1bdcbb4c in /usr/lib/aarch64-linux-gnu/libc.so.6)

[rank1]:[W522 08:43:43.777559442 ProcessGroupNCCL.cpp:1826] [PG ID 0 PG GUID 0 Rank 1] Failed to check the "should dump" flag on TCPStore, (maybe TCPStore server has shut down too early), with error: Broken pipe
[rank1]:[W522 08:43:44.778413191 TCPStore.cpp:106] [c10d] sendBytes failed on SocketImpl(fd=29, addr=[spark1-ring]:36304, remote=[spark0-ring]:29536): Broken pipe
Exception raised from sendBytes at /pytorch/torch/csrc/distributed/c10d/Utils.hpp:653 (most recent call first):
frame #0: c10::Error::Error(c10::SourceLocation, std::__cxx11::basic_string<char, std::char_traits<char>, std::allocator<char> >) + 0xc8 (0xfafa6bff66e8 in /usr/local/lib/python3.12/dist-packages/torch/lib/libc10.so)
frame #1: <unknown function> + 0x66f513c (0xfafa8825513c in /usr/local/lib/python3.12/dist-packages/torch/lib/libtorch_cpu.so)
frame #2: c10d::TCPStore::check(std::vector<std::__cxx11::basic_string<char, std::char_traits<char>, std::allocator<char> >, std::allocator<std::__cxx11::basic_string<char, std::char_traits<char>, std::allocator<char> > > > const&) + 0x1a4 (0xfafa8825e294 in /usr/local/lib/python3.12/dist-packages/torch/lib/libtorch_cpu.so)
frame #3: c10d::ProcessGroupNCCL::HeartbeatMonitor::runLoop() + 0x380 (0xfafa6ceddb30 in /usr/local/lib/python3.12/dist-packages/torch/lib/libtorch_cuda.so)
frame #4: <unknown function> + 0xe1ae0 (0xfafb1b0a1ae0 in /usr/lib/aarch64-linux-gnu/libstdc++.so.6)
frame #5: <unknown function> + 0x8595c (0xfafb1bd6595c in /usr/lib/aarch64-linux-gnu/libc.so.6)
frame #6: <unknown function> + 0xebb4c (0xfafb1bdcbb4c in /usr/lib/aarch64-linux-gnu/libc.so.6)

[rank1]:[W522 08:43:44.779793812 ProcessGroupNCCL.cpp:1826] [PG ID 0 PG GUID 0 Rank 1] Failed to check the "should dump" flag on TCPStore, (maybe TCPStore server has shut down too early), with error: Broken pipe
[rank1]:[W522 08:43:45.780533100 TCPStore.cpp:106] [c10d] sendBytes failed on SocketImpl(fd=29, addr=[spark1-ring]:36304, remote=[spark0-ring]:29536): Broken pipe
Exception raised from sendBytes at /pytorch/torch/csrc/distributed/c10d/Utils.hpp:653 (most recent call first):
frame #0: c10::Error::Error(c10::SourceLocation, std::__cxx11::basic_string<char, std::char_traits<char>, std::allocator<char> >) + 0xc8 (0xfafa6bff66e8 in /usr/local/lib/python3.12/dist-packages/torch/lib/libc10.so)
frame #1: <unknown function> + 0x66f513c (0xfafa8825513c in /usr/local/lib/python3.12/dist-packages/torch/lib/libtorch_cpu.so)
frame #2: c10d::TCPStore::check(std::vector<std::__cxx11::basic_string<char, std::char_traits<char>, std::allocator<char> >, std::allocator<std::__cxx11::basic_string<char, std::char_traits<char>, std::allocator<char> > > > const&) + 0x1a4 (0xfafa8825e294 in /usr/local/lib/python3.12/dist-packages/torch/lib/libtorch_cpu.so)
frame #3: c10d::ProcessGroupNCCL::HeartbeatMonitor::runLoop() + 0x380 (0xfafa6ceddb30 in /usr/local/lib/python3.12/dist-packages/torch/lib/libtorch_cuda.so)
frame #4: <unknown function> + 0xe1ae0 (0xfafb1b0a1ae0 in /usr/lib/aarch64-linux-gnu/libstdc++.so.6)
frame #5: <unknown function> + 0x8595c (0xfafb1bd6595c in /usr/lib/aarch64-linux-gnu/libc.so.6)
frame #6: <unknown function> + 0xebb4c (0xfafb1bdcbb4c in /usr/lib/aarch64-linux-gnu/libc.so.6)

[rank1]:[W522 08:43:45.781874075 ProcessGroupNCCL.cpp:1826] [PG ID 0 PG GUID 0 Rank 1] Failed to check the "should dump" flag on TCPStore, (maybe TCPStore server has shut down too early), with error: Broken pipe
[rank1]:[W522 08:43:46.782715041 TCPStore.cpp:106] [c10d] sendBytes failed on SocketImpl(fd=29, addr=[spark1-ring]:36304, remote=[spark0-ring]:29536): Broken pipe
Exception raised from sendBytes at /pytorch/torch/csrc/distributed/c10d/Utils.hpp:653 (most recent call first):
frame #0: c10::Error::Error(c10::SourceLocation, std::__cxx11::basic_string<char, std::char_traits<char>, std::allocator<char> >) + 0xc8 (0xfafa6bff66e8 in /usr/local/lib/python3.12/dist-packages/torch/lib/libc10.so)
frame #1: <unknown function> + 0x66f513c (0xfafa8825513c in /usr/local/lib/python3.12/dist-packages/torch/lib/libtorch_cpu.so)
frame #2: c10d::TCPStore::check(std::vector<std::__cxx11::basic_string<char, std::char_traits<char>, std::allocator<char> >, std::allocator<std::__cxx11::basic_string<char, std::char_traits<char>, std::allocator<char> > > > const&) + 0x1a4 (0xfafa8825e294 in /usr/local/lib/python3.12/dist-packages/torch/lib/libtorch_cpu.so)
frame #3: c10d::ProcessGroupNCCL::HeartbeatMonitor::runLoop() + 0x380 (0xfafa6ceddb30 in /usr/local/lib/python3.12/dist-packages/torch/lib/libtorch_cuda.so)
frame #4: <unknown function> + 0xe1ae0 (0xfafb1b0a1ae0 in /usr/lib/aarch64-linux-gnu/libstdc++.so.6)
frame #5: <unknown function> + 0x8595c (0xfafb1bd6595c in /usr/lib/aarch64-linux-gnu/libc.so.6)
frame #6: <unknown function> + 0xebb4c (0xfafb1bdcbb4c in /usr/lib/aarch64-linux-gnu/libc.so.6)

[rank1]:[W522 08:43:46.784156284 ProcessGroupNCCL.cpp:1826] [PG ID 0 PG GUID 0 Rank 1] Failed to check the "should dump" flag on TCPStore, (maybe TCPStore server has shut down too early), with error: Broken pipe
[rank1]:[W522 08:43:47.784393751 TCPStore.cpp:106] [c10d] sendBytes failed on SocketImpl(fd=29, addr=[spark1-ring]:36304, remote=[spark0-ring]:29536): Broken pipe
Exception raised from sendBytes at /pytorch/torch/csrc/distributed/c10d/Utils.hpp:653 (most recent call first):
frame #0: c10::Error::Error(c10::SourceLocation, std::__cxx11::basic_string<char, std::char_traits<char>, std::allocator<char> >) + 0xc8 (0xfafa6bff66e8 in /usr/local/lib/python3.12/dist-packages/torch/lib/libc10.so)
frame #1: <unknown function> + 0x66f513c (0xfafa8825513c in /usr/local/lib/python3.12/dist-packages/torch/lib/libtorch_cpu.so)
frame #2: c10d::TCPStore::check(std::vector<std::__cxx11::basic_string<char, std::char_traits<char>, std::allocator<char> >, std::allocator<std::__cxx11::basic_string<char, std::char_traits<char>, std::allocator<char> > > > const&) + 0x1a4 (0xfafa8825e294 in /usr/local/lib/python3.12/dist-packages/torch/lib/libtorch_cpu.so)
frame #3: c10d::ProcessGroupNCCL::HeartbeatMonitor::runLoop() + 0x380 (0xfafa6ceddb30 in /usr/local/lib/python3.12/dist-packages/torch/lib/libtorch_cuda.so)
frame #4: <unknown function> + 0xe1ae0 (0xfafb1b0a1ae0 in /usr/lib/aarch64-linux-gnu/libstdc++.so.6)
frame #5: <unknown function> + 0x8595c (0xfafb1bd6595c in /usr/lib/aarch64-linux-gnu/libc.so.6)
frame #6: <unknown function> + 0xebb4c (0xfafb1bdcbb4c in /usr/lib/aarch64-linux-gnu/libc.so.6)

[rank1]:[W522 08:43:47.785721734 ProcessGroupNCCL.cpp:1826] [PG ID 0 PG GUID 0 Rank 1] Failed to check the "should dump" flag on TCPStore, (maybe TCPStore server has shut down too early), with error: Broken pipe
[rank1]:[W522 08:43:48.786351107 TCPStore.cpp:106] [c10d] sendBytes failed on SocketImpl(fd=29, addr=[spark1-ring]:36304, remote=[spark0-ring]:29536): Broken pipe
Exception raised from sendBytes at /pytorch/torch/csrc/distributed/c10d/Utils.hpp:653 (most recent call first):
frame #0: c10::Error::Error(c10::SourceLocation, std::__cxx11::basic_string<char, std::char_traits<char>, std::allocator<char> >) + 0xc8 (0xfafa6bff66e8 in /usr/local/lib/python3.12/dist-packages/torch/lib/libc10.so)
frame #1: <unknown function> + 0x66f513c (0xfafa8825513c in /usr/local/lib/python3.12/dist-packages/torch/lib/libtorch_cpu.so)
frame #2: c10d::TCPStore::check(std::vector<std::__cxx11::basic_string<char, std::char_traits<char>, std::allocator<char> >, std::allocator<std::__cxx11::basic_string<char, std::char_traits<char>, std::allocator<char> > > > const&) + 0x1a4 (0xfafa8825e294 in /usr/local/lib/python3.12/dist-packages/torch/lib/libtorch_cpu.so)
frame #3: c10d::ProcessGroupNCCL::HeartbeatMonitor::runLoop() + 0x380 (0xfafa6ceddb30 in /usr/local/lib/python3.12/dist-packages/torch/lib/libtorch_cuda.so)
frame #4: <unknown function> + 0xe1ae0 (0xfafb1b0a1ae0 in /usr/lib/aarch64-linux-gnu/libstdc++.so.6)
frame #5: <unknown function> + 0x8595c (0xfafb1bd6595c in /usr/lib/aarch64-linux-gnu/libc.so.6)
frame #6: <unknown function> + 0xebb4c (0xfafb1bdcbb4c in /usr/lib/aarch64-linux-gnu/libc.so.6)

[rank1]:[W522 08:43:48.787772703 ProcessGroupNCCL.cpp:1826] [PG ID 0 PG GUID 0 Rank 1] Failed to check the "should dump" flag on TCPStore, (maybe TCPStore server has shut down too early), with error: Broken pipe
[rank1]:[W522 08:43:49.788623829 TCPStore.cpp:106] [c10d] sendBytes failed on SocketImpl(fd=29, addr=[spark1-ring]:36304, remote=[spark0-ring]:29536): Broken pipe
Exception raised from sendBytes at /pytorch/torch/csrc/distributed/c10d/Utils.hpp:653 (most recent call first):
frame #0: c10::Error::Error(c10::SourceLocation, std::__cxx11::basic_string<char, std::char_traits<char>, std::allocator<char> >) + 0xc8 (0xfafa6bff66e8 in /usr/local/lib/python3.12/dist-packages/torch/lib/libc10.so)
frame #1: <unknown function> + 0x66f513c (0xfafa8825513c in /usr/local/lib/python3.12/dist-packages/torch/lib/libtorch_cpu.so)
frame #2: c10d::TCPStore::check(std::vector<std::__cxx11::basic_string<char, std::char_traits<char>, std::allocator<char> >, std::allocator<std::__cxx11::basic_string<char, std::char_traits<char>, std::allocator<char> > > > const&) + 0x1a4 (0xfafa8825e294 in /usr/local/lib/python3.12/dist-packages/torch/lib/libtorch_cpu.so)
frame #3: c10d::ProcessGroupNCCL::HeartbeatMonitor::runLoop() + 0x380 (0xfafa6ceddb30 in /usr/local/lib/python3.12/dist-packages/torch/lib/libtorch_cuda.so)
frame #4: <unknown function> + 0xe1ae0 (0xfafb1b0a1ae0 in /usr/lib/aarch64-linux-gnu/libstdc++.so.6)
frame #5: <unknown function> + 0x8595c (0xfafb1bd6595c in /usr/lib/aarch64-linux-gnu/libc.so.6)
frame #6: <unknown function> + 0xebb4c (0xfafb1bdcbb4c in /usr/lib/aarch64-linux-gnu/libc.so.6)

[rank1]:[W522 08:43:49.790007890 ProcessGroupNCCL.cpp:1826] [PG ID 0 PG GUID 0 Rank 1] Failed to check the "should dump" flag on TCPStore, (maybe TCPStore server has shut down too early), with error: Broken pipe
[rank1]:[W522 08:43:50.790742476 TCPStore.cpp:106] [c10d] sendBytes failed on SocketImpl(fd=29, addr=[spark1-ring]:36304, remote=[spark0-ring]:29536): Broken pipe
Exception raised from sendBytes at /pytorch/torch/csrc/distributed/c10d/Utils.hpp:653 (most recent call first):
frame #0: c10::Error::Error(c10::SourceLocation, std::__cxx11::basic_string<char, std::char_traits<char>, std::allocator<char> >) + 0xc8 (0xfafa6bff66e8 in /usr/local/lib/python3.12/dist-packages/torch/lib/libc10.so)
frame #1: <unknown function> + 0x66f513c (0xfafa8825513c in /usr/local/lib/python3.12/dist-packages/torch/lib/libtorch_cpu.so)
frame #2: c10d::TCPStore::check(std::vector<std::__cxx11::basic_string<char, std::char_traits<char>, std::allocator<char> >, std::allocator<std::__cxx11::basic_string<char, std::char_traits<char>, std::allocator<char> > > > const&) + 0x1a4 (0xfafa8825e294 in /usr/local/lib/python3.12/dist-packages/torch/lib/libtorch_cpu.so)
frame #3: c10d::ProcessGroupNCCL::HeartbeatMonitor::runLoop() + 0x380 (0xfafa6ceddb30 in /usr/local/lib/python3.12/dist-packages/torch/lib/libtorch_cuda.so)
frame #4: <unknown function> + 0xe1ae0 (0xfafb1b0a1ae0 in /usr/lib/aarch64-linux-gnu/libstdc++.so.6)
frame #5: <unknown function> + 0x8595c (0xfafb1bd6595c in /usr/lib/aarch64-linux-gnu/libc.so.6)
frame #6: <unknown function> + 0xebb4c (0xfafb1bdcbb4c in /usr/lib/aarch64-linux-gnu/libc.so.6)

[rank1]:[W522 08:43:50.792067452 ProcessGroupNCCL.cpp:1826] [PG ID 0 PG GUID 0 Rank 1] Failed to check the "should dump" flag on TCPStore, (maybe TCPStore server has shut down too early), with error: Broken pipe
[rank1]:[W522 08:43:51.792220138 TCPStore.cpp:106] [c10d] sendBytes failed on SocketImpl(fd=29, addr=[spark1-ring]:36304, remote=[spark0-ring]:29536): Broken pipe
Exception raised from sendBytes at /pytorch/torch/csrc/distributed/c10d/Utils.hpp:653 (most recent call first):
frame #0: c10::Error::Error(c10::SourceLocation, std::__cxx11::basic_string<char, std::char_traits<char>, std::allocator<char> >) + 0xc8 (0xfafa6bff66e8 in /usr/local/lib/python3.12/dist-packages/torch/lib/libc10.so)
frame #1: <unknown function> + 0x66f513c (0xfafa8825513c in /usr/local/lib/python3.12/dist-packages/torch/lib/libtorch_cpu.so)
frame #2: c10d::TCPStore::check(std::vector<std::__cxx11::basic_string<char, std::char_traits<char>, std::allocator<char> >, std::allocator<std::__cxx11::basic_string<char, std::char_traits<char>, std::allocator<char> > > > const&) + 0x1a4 (0xfafa8825e294 in /usr/local/lib/python3.12/dist-packages/torch/lib/libtorch_cpu.so)
frame #3: c10d::ProcessGroupNCCL::HeartbeatMonitor::runLoop() + 0x380 (0xfafa6ceddb30 in /usr/local/lib/python3.12/dist-packages/torch/lib/libtorch_cuda.so)
frame #4: <unknown function> + 0xe1ae0 (0xfafb1b0a1ae0 in /usr/lib/aarch64-linux-gnu/libstdc++.so.6)
frame #5: <unknown function> + 0x8595c (0xfafb1bd6595c in /usr/lib/aarch64-linux-gnu/libc.so.6)
frame #6: <unknown function> + 0xebb4c (0xfafb1bdcbb4c in /usr/lib/aarch64-linux-gnu/libc.so.6)

[rank1]:[W522 08:43:51.793537563 ProcessGroupNCCL.cpp:1826] [PG ID 0 PG GUID 0 Rank 1] Failed to check the "should dump" flag on TCPStore, (maybe TCPStore server has shut down too early), with error: Broken pipe
[rank1]:[W522 08:43:52.794366769 TCPStore.cpp:106] [c10d] sendBytes failed on SocketImpl(fd=29, addr=[spark1-ring]:36304, remote=[spark0-ring]:29536): Broken pipe
Exception raised from sendBytes at /pytorch/torch/csrc/distributed/c10d/Utils.hpp:653 (most recent call first):
frame #0: c10::Error::Error(c10::SourceLocation, std::__cxx11::basic_string<char, std::char_traits<char>, std::allocator<char> >) + 0xc8 (0xfafa6bff66e8 in /usr/local/lib/python3.12/dist-packages/torch/lib/libc10.so)
frame #1: <unknown function> + 0x66f513c (0xfafa8825513c in /usr/local/lib/python3.12/dist-packages/torch/lib/libtorch_cpu.so)
frame #2: c10d::TCPStore::check(std::vector<std::__cxx11::basic_string<char, std::char_traits<char>, std::allocator<char> >, std::allocator<std::__cxx11::basic_string<char, std::char_traits<char>, std::allocator<char> > > > const&) + 0x1a4 (0xfafa8825e294 in /usr/local/lib/python3.12/dist-packages/torch/lib/libtorch_cpu.so)
frame #3: c10d::ProcessGroupNCCL::HeartbeatMonitor::runLoop() + 0x380 (0xfafa6ceddb30 in /usr/local/lib/python3.12/dist-packages/torch/lib/libtorch_cuda.so)
frame #4: <unknown function> + 0xe1ae0 (0xfafb1b0a1ae0 in /usr/lib/aarch64-linux-gnu/libstdc++.so.6)
frame #5: <unknown function> + 0x8595c (0xfafb1bd6595c in /usr/lib/aarch64-linux-gnu/libc.so.6)
frame #6: <unknown function> + 0xebb4c (0xfafb1bdcbb4c in /usr/lib/aarch64-linux-gnu/libc.so.6)

[rank1]:[W522 08:43:52.795691729 ProcessGroupNCCL.cpp:1826] [PG ID 0 PG GUID 0 Rank 1] Failed to check the "should dump" flag on TCPStore, (maybe TCPStore server has shut down too early), with error: Broken pipe
[rank1]:[W522 08:43:53.796212498 TCPStore.cpp:106] [c10d] sendBytes failed on SocketImpl(fd=29, addr=[spark1-ring]:36304, remote=[spark0-ring]:29536): Broken pipe
Exception raised from sendBytes at /pytorch/torch/csrc/distributed/c10d/Utils.hpp:653 (most recent call first):
frame #0: c10::Error::Error(c10::SourceLocation, std::__cxx11::basic_string<char, std::char_traits<char>, std::allocator<char> >) + 0xc8 (0xfafa6bff66e8 in /usr/local/lib/python3.12/dist-packages/torch/lib/libc10.so)
frame #1: <unknown function> + 0x66f513c (0xfafa8825513c in /usr/local/lib/python3.12/dist-packages/torch/lib/libtorch_cpu.so)
frame #2: c10d::TCPStore::check(std::vector<std::__cxx11::basic_string<char, std::char_traits<char>, std::allocator<char> >, std::allocator<std::__cxx11::basic_string<char, std::char_traits<char>, std::allocator<char> > > > const&) + 0x1a4 (0xfafa8825e294 in /usr/local/lib/python3.12/dist-packages/torch/lib/libtorch_cpu.so)
frame #3: c10d::ProcessGroupNCCL::HeartbeatMonitor::runLoop() + 0x380 (0xfafa6ceddb30 in /usr/local/lib/python3.12/dist-packages/torch/lib/libtorch_cuda.so)
frame #4: <unknown function> + 0xe1ae0 (0xfafb1b0a1ae0 in /usr/lib/aarch64-linux-gnu/libstdc++.so.6)
frame #5: <unknown function> + 0x8595c (0xfafb1bd6595c in /usr/lib/aarch64-linux-gnu/libc.so.6)
frame #6: <unknown function> + 0xebb4c (0xfafb1bdcbb4c in /usr/lib/aarch64-linux-gnu/libc.so.6)

[rank1]:[W522 08:43:53.797560753 ProcessGroupNCCL.cpp:1826] [PG ID 0 PG GUID 0 Rank 1] Failed to check the "should dump" flag on TCPStore, (maybe TCPStore server has shut down too early), with error: Broken pipe
[rank1]:[W522 08:43:54.798430803 TCPStore.cpp:106] [c10d] sendBytes failed on SocketImpl(fd=29, addr=[spark1-ring]:36304, remote=[spark0-ring]:29536): Broken pipe
Exception raised from sendBytes at /pytorch/torch/csrc/distributed/c10d/Utils.hpp:653 (most recent call first):
frame #0: c10::Error::Error(c10::SourceLocation, std::__cxx11::basic_string<char, std::char_traits<char>, std::allocator<char> >) + 0xc8 (0xfafa6bff66e8 in /usr/local/lib/python3.12/dist-packages/torch/lib/libc10.so)
frame #1: <unknown function> + 0x66f513c (0xfafa8825513c in /usr/local/lib/python3.12/dist-packages/torch/lib/libtorch_cpu.so)
frame #2: c10d::TCPStore::check(std::vector<std::__cxx11::basic_string<char, std::char_traits<char>, std::allocator<char> >, std::allocator<std::__cxx11::basic_string<char, std::char_traits<char>, std::allocator<char> > > > const&) + 0x1a4 (0xfafa8825e294 in /usr/local/lib/python3.12/dist-packages/torch/lib/libtorch_cpu.so)
frame #3: c10d::ProcessGroupNCCL::HeartbeatMonitor::runLoop() + 0x380 (0xfafa6ceddb30 in /usr/local/lib/python3.12/dist-packages/torch/lib/libtorch_cuda.so)
frame #4: <unknown function> + 0xe1ae0 (0xfafb1b0a1ae0 in /usr/lib/aarch64-linux-gnu/libstdc++.so.6)
frame #5: <unknown function> + 0x8595c (0xfafb1bd6595c in /usr/lib/aarch64-linux-gnu/libc.so.6)
frame #6: <unknown function> + 0xebb4c (0xfafb1bdcbb4c in /usr/lib/aarch64-linux-gnu/libc.so.6)

[rank1]:[W522 08:43:54.799942269 ProcessGroupNCCL.cpp:1826] [PG ID 0 PG GUID 0 Rank 1] Failed to check the "should dump" flag on TCPStore, (maybe TCPStore server has shut down too early), with error: Broken pipe
[rank1]:[W522 08:43:55.800422750 TCPStore.cpp:106] [c10d] sendBytes failed on SocketImpl(fd=29, addr=[spark1-ring]:36304, remote=[spark0-ring]:29536): Broken pipe
Exception raised from sendBytes at /pytorch/torch/csrc/distributed/c10d/Utils.hpp:653 (most recent call first):
frame #0: c10::Error::Error(c10::SourceLocation, std::__cxx11::basic_string<char, std::char_traits<char>, std::allocator<char> >) + 0xc8 (0xfafa6bff66e8 in /usr/local/lib/python3.12/dist-packages/torch/lib/libc10.so)
frame #1: <unknown function> + 0x66f513c (0xfafa8825513c in /usr/local/lib/python3.12/dist-packages/torch/lib/libtorch_cpu.so)
frame #2: c10d::TCPStore::check(std::vector<std::__cxx11::basic_string<char, std::char_traits<char>, std::allocator<char> >, std::allocator<std::__cxx11::basic_string<char, std::char_traits<char>, std::allocator<char> > > > const&) + 0x1a4 (0xfafa8825e294 in /usr/local/lib/python3.12/dist-packages/torch/lib/libtorch_cpu.so)
frame #3: c10d::ProcessGroupNCCL::HeartbeatMonitor::runLoop() + 0x380 (0xfafa6ceddb30 in /usr/local/lib/python3.12/dist-packages/torch/lib/libtorch_cuda.so)
frame #4: <unknown function> + 0xe1ae0 (0xfafb1b0a1ae0 in /usr/lib/aarch64-linux-gnu/libstdc++.so.6)
frame #5: <unknown function> + 0x8595c (0xfafb1bd6595c in /usr/lib/aarch64-linux-gnu/libc.so.6)
frame #6: <unknown function> + 0xebb4c (0xfafb1bdcbb4c in /usr/lib/aarch64-linux-gnu/libc.so.6)

[rank1]:[W522 08:43:55.801771693 ProcessGroupNCCL.cpp:1826] [PG ID 0 PG GUID 0 Rank 1] Failed to check the "should dump" flag on TCPStore, (maybe TCPStore server has shut down too early), with error: Broken pipe
[rank1]:[W522 08:43:56.802616559 TCPStore.cpp:106] [c10d] sendBytes failed on SocketImpl(fd=29, addr=[spark1-ring]:36304, remote=[spark0-ring]:29536): Broken pipe
Exception raised from sendBytes at /pytorch/torch/csrc/distributed/c10d/Utils.hpp:653 (most recent call first):
frame #0: c10::Error::Error(c10::SourceLocation, std::__cxx11::basic_string<char, std::char_traits<char>, std::allocator<char> >) + 0xc8 (0xfafa6bff66e8 in /usr/local/lib/python3.12/dist-packages/torch/lib/libc10.so)
frame #1: <unknown function> + 0x66f513c (0xfafa8825513c in /usr/local/lib/python3.12/dist-packages/torch/lib/libtorch_cpu.so)
frame #2: c10d::TCPStore::check(std::vector<std::__cxx11::basic_string<char, std::char_traits<char>, std::allocator<char> >, std::allocator<std::__cxx11::basic_string<char, std::char_traits<char>, std::allocator<char> > > > const&) + 0x1a4 (0xfafa8825e294 in /usr/local/lib/python3.12/dist-packages/torch/lib/libtorch_cpu.so)
frame #3: c10d::ProcessGroupNCCL::HeartbeatMonitor::runLoop() + 0x380 (0xfafa6ceddb30 in /usr/local/lib/python3.12/dist-packages/torch/lib/libtorch_cuda.so)
frame #4: <unknown function> + 0xe1ae0 (0xfafb1b0a1ae0 in /usr/lib/aarch64-linux-gnu/libstdc++.so.6)
frame #5: <unknown function> + 0x8595c (0xfafb1bd6595c in /usr/lib/aarch64-linux-gnu/libc.so.6)
frame #6: <unknown function> + 0xebb4c (0xfafb1bdcbb4c in /usr/lib/aarch64-linux-gnu/libc.so.6)

[rank1]:[W522 08:43:56.803957214 ProcessGroupNCCL.cpp:1826] [PG ID 0 PG GUID 0 Rank 1] Failed to check the "should dump" flag on TCPStore, (maybe TCPStore server has shut down too early), with error: Broken pipe
[rank1]:[W522 08:43:57.804797167 TCPStore.cpp:106] [c10d] sendBytes failed on SocketImpl(fd=29, addr=[spark1-ring]:36304, remote=[spark0-ring]:29536): Broken pipe
Exception raised from sendBytes at /pytorch/torch/csrc/distributed/c10d/Utils.hpp:653 (most recent call first):
frame #0: c10::Error::Error(c10::SourceLocation, std::__cxx11::basic_string<char, std::char_traits<char>, std::allocator<char> >) + 0xc8 (0xfafa6bff66e8 in /usr/local/lib/python3.12/dist-packages/torch/lib/libc10.so)
frame #1: <unknown function> + 0x66f513c (0xfafa8825513c in /usr/local/lib/python3.12/dist-packages/torch/lib/libtorch_cpu.so)
frame #2: c10d::TCPStore::check(std::vector<std::__cxx11::basic_string<char, std::char_traits<char>, std::allocator<char> >, std::allocator<std::__cxx11::basic_string<char, std::char_traits<char>, std::allocator<char> > > > const&) + 0x1a4 (0xfafa8825e294 in /usr/local/lib/python3.12/dist-packages/torch/lib/libtorch_cpu.so)
frame #3: c10d::ProcessGroupNCCL::HeartbeatMonitor::runLoop() + 0x380 (0xfafa6ceddb30 in /usr/local/lib/python3.12/dist-packages/torch/lib/libtorch_cuda.so)
frame #4: <unknown function> + 0xe1ae0 (0xfafb1b0a1ae0 in /usr/lib/aarch64-linux-gnu/libstdc++.so.6)
frame #5: <unknown function> + 0x8595c (0xfafb1bd6595c in /usr/lib/aarch64-linux-gnu/libc.so.6)
frame #6: <unknown function> + 0xebb4c (0xfafb1bdcbb4c in /usr/lib/aarch64-linux-gnu/libc.so.6)

[rank1]:[W522 08:43:57.806239531 ProcessGroupNCCL.cpp:1826] [PG ID 0 PG GUID 0 Rank 1] Failed to check the "should dump" flag on TCPStore, (maybe TCPStore server has shut down too early), with error: Broken pipe
[rank1]:[W522 08:43:58.806376724 TCPStore.cpp:106] [c10d] sendBytes failed on SocketImpl(fd=29, addr=[spark1-ring]:36304, remote=[spark0-ring]:29536): Broken pipe
Exception raised from sendBytes at /pytorch/torch/csrc/distributed/c10d/Utils.hpp:653 (most recent call first):
frame #0: c10::Error::Error(c10::SourceLocation, std::__cxx11::basic_string<char, std::char_traits<char>, std::allocator<char> >) + 0xc8 (0xfafa6bff66e8 in /usr/local/lib/python3.12/dist-packages/torch/lib/libc10.so)
frame #1: <unknown function> + 0x66f513c (0xfafa8825513c in /usr/local/lib/python3.12/dist-packages/torch/lib/libtorch_cpu.so)
frame #2: c10d::TCPStore::check(std::vector<std::__cxx11::basic_string<char, std::char_traits<char>, std::allocator<char> >, std::allocator<std::__cxx11::basic_string<char, std::char_traits<char>, std::allocator<char> > > > const&) + 0x1a4 (0xfafa8825e294 in /usr/local/lib/python3.12/dist-packages/torch/lib/libtorch_cpu.so)
frame #3: c10d::ProcessGroupNCCL::HeartbeatMonitor::runLoop() + 0x380 (0xfafa6ceddb30 in /usr/local/lib/python3.12/dist-packages/torch/lib/libtorch_cuda.so)
frame #4: <unknown function> + 0xe1ae0 (0xfafb1b0a1ae0 in /usr/lib/aarch64-linux-gnu/libstdc++.so.6)
frame #5: <unknown function> + 0x8595c (0xfafb1bd6595c in /usr/lib/aarch64-linux-gnu/libc.so.6)
frame #6: <unknown function> + 0xebb4c (0xfafb1bdcbb4c in /usr/lib/aarch64-linux-gnu/libc.so.6)

[rank1]:[W522 08:43:58.807725907 ProcessGroupNCCL.cpp:1826] [PG ID 0 PG GUID 0 Rank 1] Failed to check the "should dump" flag on TCPStore, (maybe TCPStore server has shut down too early), with error: Broken pipe
[rank1]:[W522 08:43:59.808567009 TCPStore.cpp:106] [c10d] sendBytes failed on SocketImpl(fd=29, addr=[spark1-ring]:36304, remote=[spark0-ring]:29536): Broken pipe
Exception raised from sendBytes at /pytorch/torch/csrc/distributed/c10d/Utils.hpp:653 (most recent call first):
frame #0: c10::Error::Error(c10::SourceLocation, std::__cxx11::basic_string<char, std::char_traits<char>, std::allocator<char> >) + 0xc8 (0xfafa6bff66e8 in /usr/local/lib/python3.12/dist-packages/torch/lib/libc10.so)
frame #1: <unknown function> + 0x66f513c (0xfafa8825513c in /usr/local/lib/python3.12/dist-packages/torch/lib/libtorch_cpu.so)
frame #2: c10d::TCPStore::check(std::vector<std::__cxx11::basic_string<char, std::char_traits<char>, std::allocator<char> >, std::allocator<std::__cxx11::basic_string<char, std::char_traits<char>, std::allocator<char> > > > const&) + 0x1a4 (0xfafa8825e294 in /usr/local/lib/python3.12/dist-packages/torch/lib/libtorch_cpu.so)
frame #3: c10d::ProcessGroupNCCL::HeartbeatMonitor::runLoop() + 0x380 (0xfafa6ceddb30 in /usr/local/lib/python3.12/dist-packages/torch/lib/libtorch_cuda.so)
frame #4: <unknown function> + 0xe1ae0 (0xfafb1b0a1ae0 in /usr/lib/aarch64-linux-gnu/libstdc++.so.6)
frame #5: <unknown function> + 0x8595c (0xfafb1bd6595c in /usr/lib/aarch64-linux-gnu/libc.so.6)
frame #6: <unknown function> + 0xebb4c (0xfafb1bdcbb4c in /usr/lib/aarch64-linux-gnu/libc.so.6)

[rank1]:[W522 08:43:59.809991503 ProcessGroupNCCL.cpp:1826] [PG ID 0 PG GUID 0 Rank 1] Failed to check the "should dump" flag on TCPStore, (maybe TCPStore server has shut down too early), with error: Broken pipe
[rank1]:[W522 08:44:00.810853162 TCPStore.cpp:106] [c10d] sendBytes failed on SocketImpl(fd=29, addr=[spark1-ring]:36304, remote=[spark0-ring]:29536): Broken pipe
Exception raised from sendBytes at /pytorch/torch/csrc/distributed/c10d/Utils.hpp:653 (most recent call first):
frame #0: c10::Error::Error(c10::SourceLocation, std::__cxx11::basic_string<char, std::char_traits<char>, std::allocator<char> >) + 0xc8 (0xfafa6bff66e8 in /usr/local/lib/python3.12/dist-packages/torch/lib/libc10.so)
frame #1: <unknown function> + 0x66f513c (0xfafa8825513c in /usr/local/lib/python3.12/dist-packages/torch/lib/libtorch_cpu.so)
frame #2: c10d::TCPStore::check(std::vector<std::__cxx11::basic_string<char, std::char_traits<char>, std::allocator<char> >, std::allocator<std::__cxx11::basic_string<char, std::char_traits<char>, std::allocator<char> > > > const&) + 0x1a4 (0xfafa8825e294 in /usr/local/lib/python3.12/dist-packages/torch/lib/libtorch_cpu.so)
frame #3: c10d::ProcessGroupNCCL::HeartbeatMonitor::runLoop() + 0x380 (0xfafa6ceddb30 in /usr/local/lib/python3.12/dist-packages/torch/lib/libtorch_cuda.so)
frame #4: <unknown function> + 0xe1ae0 (0xfafb1b0a1ae0 in /usr/lib/aarch64-linux-gnu/libstdc++.so.6)
frame #5: <unknown function> + 0x8595c (0xfafb1bd6595c in /usr/lib/aarch64-linux-gnu/libc.so.6)
frame #6: <unknown function> + 0xebb4c (0xfafb1bdcbb4c in /usr/lib/aarch64-linux-gnu/libc.so.6)

[rank1]:[W522 08:44:00.812250905 ProcessGroupNCCL.cpp:1826] [PG ID 0 PG GUID 0 Rank 1] Failed to check the "should dump" flag on TCPStore, (maybe TCPStore server has shut down too early), with error: Broken pipe
[rank1]:[W522 08:44:01.812971639 TCPStore.cpp:106] [c10d] sendBytes failed on SocketImpl(fd=29, addr=[spark1-ring]:36304, remote=[spark0-ring]:29536): Broken pipe
Exception raised from sendBytes at /pytorch/torch/csrc/distributed/c10d/Utils.hpp:653 (most recent call first):
frame #0: c10::Error::Error(c10::SourceLocation, std::__cxx11::basic_string<char, std::char_traits<char>, std::allocator<char> >) + 0xc8 (0xfafa6bff66e8 in /usr/local/lib/python3.12/dist-packages/torch/lib/libc10.so)
frame #1: <unknown function> + 0x66f513c (0xfafa8825513c in /usr/local/lib/python3.12/dist-packages/torch/lib/libtorch_cpu.so)
frame #2: c10d::TCPStore::check(std::vector<std::__cxx11::basic_string<char, std::char_traits<char>, std::allocator<char> >, std::allocator<std::__cxx11::basic_string<char, std::char_traits<char>, std::allocator<char> > > > const&) + 0x1a4 (0xfafa8825e294 in /usr/local/lib/python3.12/dist-packages/torch/lib/libtorch_cpu.so)
frame #3: c10d::ProcessGroupNCCL::HeartbeatMonitor::runLoop() + 0x380 (0xfafa6ceddb30 in /usr/local/lib/python3.12/dist-packages/torch/lib/libtorch_cuda.so)
frame #4: <unknown function> + 0xe1ae0 (0xfafb1b0a1ae0 in /usr/lib/aarch64-linux-gnu/libstdc++.so.6)
frame #5: <unknown function> + 0x8595c (0xfafb1bd6595c in /usr/lib/aarch64-linux-gnu/libc.so.6)
frame #6: <unknown function> + 0xebb4c (0xfafb1bdcbb4c in /usr/lib/aarch64-linux-gnu/libc.so.6)

[rank1]:[W522 08:44:01.814318503 ProcessGroupNCCL.cpp:1826] [PG ID 0 PG GUID 0 Rank 1] Failed to check the "should dump" flag on TCPStore, (maybe TCPStore server has shut down too early), with error: Broken pipe
[rank1]:[W522 08:44:02.815158432 TCPStore.cpp:106] [c10d] sendBytes failed on SocketImpl(fd=29, addr=[spark1-ring]:36304, remote=[spark0-ring]:29536): Broken pipe
Exception raised from sendBytes at /pytorch/torch/csrc/distributed/c10d/Utils.hpp:653 (most recent call first):
frame #0: c10::Error::Error(c10::SourceLocation, std::__cxx11::basic_string<char, std::char_traits<char>, std::allocator<char> >) + 0xc8 (0xfafa6bff66e8 in /usr/local/lib/python3.12/dist-packages/torch/lib/libc10.so)
frame #1: <unknown function> + 0x66f513c (0xfafa8825513c in /usr/local/lib/python3.12/dist-packages/torch/lib/libtorch_cpu.so)
frame #2: c10d::TCPStore::check(std::vector<std::__cxx11::basic_string<char, std::char_traits<char>, std::allocator<char> >, std::allocator<std::__cxx11::basic_string<char, std::char_traits<char>, std::allocator<char> > > > const&) + 0x1a4 (0xfafa8825e294 in /usr/local/lib/python3.12/dist-packages/torch/lib/libtorch_cpu.so)
frame #3: c10d::ProcessGroupNCCL::HeartbeatMonitor::runLoop() + 0x380 (0xfafa6ceddb30 in /usr/local/lib/python3.12/dist-packages/torch/lib/libtorch_cuda.so)
frame #4: <unknown function> + 0xe1ae0 (0xfafb1b0a1ae0 in /usr/lib/aarch64-linux-gnu/libstdc++.so.6)
frame #5: <unknown function> + 0x8595c (0xfafb1bd6595c in /usr/lib/aarch64-linux-gnu/libc.so.6)
frame #6: <unknown function> + 0xebb4c (0xfafb1bdcbb4c in /usr/lib/aarch64-linux-gnu/libc.so.6)

[rank1]:[W522 08:44:02.816560302 ProcessGroupNCCL.cpp:1826] [PG ID 0 PG GUID 0 Rank 1] Failed to check the "should dump" flag on TCPStore, (maybe TCPStore server has shut down too early), with error: Broken pipe
[rank1]:[W522 08:44:03.817413059 TCPStore.cpp:106] [c10d] sendBytes failed on SocketImpl(fd=29, addr=[spark1-ring]:36304, remote=[spark0-ring]:29536): Broken pipe
Exception raised from sendBytes at /pytorch/torch/csrc/distributed/c10d/Utils.hpp:653 (most recent call first):
frame #0: c10::Error::Error(c10::SourceLocation, std::__cxx11::basic_string<char, std::char_traits<char>, std::allocator<char> >) + 0xc8 (0xfafa6bff66e8 in /usr/local/lib/python3.12/dist-packages/torch/lib/libc10.so)
frame #1: <unknown function> + 0x66f513c (0xfafa8825513c in /usr/local/lib/python3.12/dist-packages/torch/lib/libtorch_cpu.so)
frame #2: c10d::TCPStore::check(std::vector<std::__cxx11::basic_string<char, std::char_traits<char>, std::allocator<char> >, std::allocator<std::__cxx11::basic_string<char, std::char_traits<char>, std::allocator<char> > > > const&) + 0x1a4 (0xfafa8825e294 in /usr/local/lib/python3.12/dist-packages/torch/lib/libtorch_cpu.so)
frame #3: c10d::ProcessGroupNCCL::HeartbeatMonitor::runLoop() + 0x380 (0xfafa6ceddb30 in /usr/local/lib/python3.12/dist-packages/torch/lib/libtorch_cuda.so)
frame #4: <unknown function> + 0xe1ae0 (0xfafb1b0a1ae0 in /usr/lib/aarch64-linux-gnu/libstdc++.so.6)
frame #5: <unknown function> + 0x8595c (0xfafb1bd6595c in /usr/lib/aarch64-linux-gnu/libc.so.6)
frame #6: <unknown function> + 0xebb4c (0xfafb1bdcbb4c in /usr/lib/aarch64-linux-gnu/libc.so.6)

[rank1]:[W522 08:44:03.818803234 ProcessGroupNCCL.cpp:1826] [PG ID 0 PG GUID 0 Rank 1] Failed to check the "should dump" flag on TCPStore, (maybe TCPStore server has shut down too early), with error: Broken pipe
[rank1]:[W522 08:44:04.819527211 TCPStore.cpp:106] [c10d] sendBytes failed on SocketImpl(fd=29, addr=[spark1-ring]:36304, remote=[spark0-ring]:29536): Broken pipe
Exception raised from sendBytes at /pytorch/torch/csrc/distributed/c10d/Utils.hpp:653 (most recent call first):
frame #0: c10::Error::Error(c10::SourceLocation, std::__cxx11::basic_string<char, std::char_traits<char>, std::allocator<char> >) + 0xc8 (0xfafa6bff66e8 in /usr/local/lib/python3.12/dist-packages/torch/lib/libc10.so)
frame #1: <unknown function> + 0x66f513c (0xfafa8825513c in /usr/local/lib/python3.12/dist-packages/torch/lib/libtorch_cpu.so)
frame #2: c10d::TCPStore::check(std::vector<std::__cxx11::basic_string<char, std::char_traits<char>, std::allocator<char> >, std::allocator<std::__cxx11::basic_string<char, std::char_traits<char>, std::allocator<char> > > > const&) + 0x1a4 (0xfafa8825e294 in /usr/local/lib/python3.12/dist-packages/torch/lib/libtorch_cpu.so)
frame #3: c10d::ProcessGroupNCCL::HeartbeatMonitor::runLoop() + 0x380 (0xfafa6ceddb30 in /usr/local/lib/python3.12/dist-packages/torch/lib/libtorch_cuda.so)
frame #4: <unknown function> + 0xe1ae0 (0xfafb1b0a1ae0 in /usr/lib/aarch64-linux-gnu/libstdc++.so.6)
frame #5: <unknown function> + 0x8595c (0xfafb1bd6595c in /usr/lib/aarch64-linux-gnu/libc.so.6)
frame #6: <unknown function> + 0xebb4c (0xfafb1bdcbb4c in /usr/lib/aarch64-linux-gnu/libc.so.6)

[rank1]:[W522 08:44:04.820856268 ProcessGroupNCCL.cpp:1826] [PG ID 0 PG GUID 0 Rank 1] Failed to check the "should dump" flag on TCPStore, (maybe TCPStore server has shut down too early), with error: Broken pipe
[rank1]:[W522 08:44:05.821695870 TCPStore.cpp:106] [c10d] sendBytes failed on SocketImpl(fd=29, addr=[spark1-ring]:36304, remote=[spark0-ring]:29536): Broken pipe
Exception raised from sendBytes at /pytorch/torch/csrc/distributed/c10d/Utils.hpp:653 (most recent call first):
frame #0: c10::Error::Error(c10::SourceLocation, std::__cxx11::basic_string<char, std::char_traits<char>, std::allocator<char> >) + 0xc8 (0xfafa6bff66e8 in /usr/local/lib/python3.12/dist-packages/torch/lib/libc10.so)
frame #1: <unknown function> + 0x66f513c (0xfafa8825513c in /usr/local/lib/python3.12/dist-packages/torch/lib/libtorch_cpu.so)
frame #2: c10d::TCPStore::check(std::vector<std::__cxx11::basic_string<char, std::char_traits<char>, std::allocator<char> >, std::allocator<std::__cxx11::basic_string<char, std::char_traits<char>, std::allocator<char> > > > const&) + 0x1a4 (0xfafa8825e294 in /usr/local/lib/python3.12/dist-packages/torch/lib/libtorch_cpu.so)
frame #3: c10d::ProcessGroupNCCL::HeartbeatMonitor::runLoop() + 0x380 (0xfafa6ceddb30 in /usr/local/lib/python3.12/dist-packages/torch/lib/libtorch_cuda.so)
frame #4: <unknown function> + 0xe1ae0 (0xfafb1b0a1ae0 in /usr/lib/aarch64-linux-gnu/libstdc++.so.6)
frame #5: <unknown function> + 0x8595c (0xfafb1bd6595c in /usr/lib/aarch64-linux-gnu/libc.so.6)
frame #6: <unknown function> + 0xebb4c (0xfafb1bdcbb4c in /usr/lib/aarch64-linux-gnu/libc.so.6)

[rank1]:[W522 08:44:05.823131083 ProcessGroupNCCL.cpp:1826] [PG ID 0 PG GUID 0 Rank 1] Failed to check the "should dump" flag on TCPStore, (maybe TCPStore server has shut down too early), with error: Broken pipe
[rank1]:[W522 08:44:06.823979641 TCPStore.cpp:106] [c10d] sendBytes failed on SocketImpl(fd=29, addr=[spark1-ring]:36304, remote=[spark0-ring]:29536): Broken pipe
Exception raised from sendBytes at /pytorch/torch/csrc/distributed/c10d/Utils.hpp:653 (most recent call first):
frame #0: c10::Error::Error(c10::SourceLocation, std::__cxx11::basic_string<char, std::char_traits<char>, std::allocator<char> >) + 0xc8 (0xfafa6bff66e8 in /usr/local/lib/python3.12/dist-packages/torch/lib/libc10.so)
frame #1: <unknown function> + 0x66f513c (0xfafa8825513c in /usr/local/lib/python3.12/dist-packages/torch/lib/libtorch_cpu.so)
frame #2: c10d::TCPStore::check(std::vector<std::__cxx11::basic_string<char, std::char_traits<char>, std::allocator<char> >, std::allocator<std::__cxx11::basic_string<char, std::char_traits<char>, std::allocator<char> > > > const&) + 0x1a4 (0xfafa8825e294 in /usr/local/lib/python3.12/dist-packages/torch/lib/libtorch_cpu.so)
frame #3: c10d::ProcessGroupNCCL::HeartbeatMonitor::runLoop() + 0x380 (0xfafa6ceddb30 in /usr/local/lib/python3.12/dist-packages/torch/lib/libtorch_cuda.so)
frame #4: <unknown function> + 0xe1ae0 (0xfafb1b0a1ae0 in /usr/lib/aarch64-linux-gnu/libstdc++.so.6)
frame #5: <unknown function> + 0x8595c (0xfafb1bd6595c in /usr/lib/aarch64-linux-gnu/libc.so.6)
frame #6: <unknown function> + 0xebb4c (0xfafb1bdcbb4c in /usr/lib/aarch64-linux-gnu/libc.so.6)

[rank1]:[W522 08:44:06.825390424 ProcessGroupNCCL.cpp:1826] [PG ID 0 PG GUID 0 Rank 1] Failed to check the "should dump" flag on TCPStore, (maybe TCPStore server has shut down too early), with error: Broken pipe
[rank1]:[W522 08:44:07.826237908 TCPStore.cpp:106] [c10d] sendBytes failed on SocketImpl(fd=29, addr=[spark1-ring]:36304, remote=[spark0-ring]:29536): Broken pipe
Exception raised from sendBytes at /pytorch/torch/csrc/distributed/c10d/Utils.hpp:653 (most recent call first):
frame #0: c10::Error::Error(c10::SourceLocation, std::__cxx11::basic_string<char, std::char_traits<char>, std::allocator<char> >) + 0xc8 (0xfafa6bff66e8 in /usr/local/lib/python3.12/dist-packages/torch/lib/libc10.so)
frame #1: <unknown function> + 0x66f513c (0xfafa8825513c in /usr/local/lib/python3.12/dist-packages/torch/lib/libtorch_cpu.so)
frame #2: c10d::TCPStore::check(std::vector<std::__cxx11::basic_string<char, std::char_traits<char>, std::allocator<char> >, std::allocator<std::__cxx11::basic_string<char, std::char_traits<char>, std::allocator<char> > > > const&) + 0x1a4 (0xfafa8825e294 in /usr/local/lib/python3.12/dist-packages/torch/lib/libtorch_cpu.so)
frame #3: c10d::ProcessGroupNCCL::HeartbeatMonitor::runLoop() + 0x380 (0xfafa6ceddb30 in /usr/local/lib/python3.12/dist-packages/torch/lib/libtorch_cuda.so)
frame #4: <unknown function> + 0xe1ae0 (0xfafb1b0a1ae0 in /usr/lib/aarch64-linux-gnu/libstdc++.so.6)
frame #5: <unknown function> + 0x8595c (0xfafb1bd6595c in /usr/lib/aarch64-linux-gnu/libc.so.6)
frame #6: <unknown function> + 0xebb4c (0xfafb1bdcbb4c in /usr/lib/aarch64-linux-gnu/libc.so.6)

[rank1]:[W522 08:44:07.827643331 ProcessGroupNCCL.cpp:1826] [PG ID 0 PG GUID 0 Rank 1] Failed to check the "should dump" flag on TCPStore, (maybe TCPStore server has shut down too early), with error: Broken pipe
[rank1]:[W522 08:44:08.828490747 TCPStore.cpp:106] [c10d] sendBytes failed on SocketImpl(fd=29, addr=[spark1-ring]:36304, remote=[spark0-ring]:29536): Broken pipe
Exception raised from sendBytes at /pytorch/torch/csrc/distributed/c10d/Utils.hpp:653 (most recent call first):
frame #0: c10::Error::Error(c10::SourceLocation, std::__cxx11::basic_string<char, std::char_traits<char>, std::allocator<char> >) + 0xc8 (0xfafa6bff66e8 in /usr/local/lib/python3.12/dist-packages/torch/lib/libc10.so)
frame #1: <unknown function> + 0x66f513c (0xfafa8825513c in /usr/local/lib/python3.12/dist-packages/torch/lib/libtorch_cpu.so)
frame #2: c10d::TCPStore::check(std::vector<std::__cxx11::basic_string<char, std::char_traits<char>, std::allocator<char> >, std::allocator<std::__cxx11::basic_string<char, std::char_traits<char>, std::allocator<char> > > > const&) + 0x1a4 (0xfafa8825e294 in /usr/local/lib/python3.12/dist-packages/torch/lib/libtorch_cpu.so)
frame #3: c10d::ProcessGroupNCCL::HeartbeatMonitor::runLoop() + 0x380 (0xfafa6ceddb30 in /usr/local/lib/python3.12/dist-packages/torch/lib/libtorch_cuda.so)
frame #4: <unknown function> + 0xe1ae0 (0xfafb1b0a1ae0 in /usr/lib/aarch64-linux-gnu/libstdc++.so.6)
frame #5: <unknown function> + 0x8595c (0xfafb1bd6595c in /usr/lib/aarch64-linux-gnu/libc.so.6)
frame #6: <unknown function> + 0xebb4c (0xfafb1bdcbb4c in /usr/lib/aarch64-linux-gnu/libc.so.6)

[rank1]:[W522 08:44:08.829903722 ProcessGroupNCCL.cpp:1826] [PG ID 0 PG GUID 0 Rank 1] Failed to check the "should dump" flag on TCPStore, (maybe TCPStore server has shut down too early), with error: Broken pipe
[rank1]:[W522 08:44:09.830698403 TCPStore.cpp:106] [c10d] sendBytes failed on SocketImpl(fd=29, addr=[spark1-ring]:36304, remote=[spark0-ring]:29536): Broken pipe
Exception raised from sendBytes at /pytorch/torch/csrc/distributed/c10d/Utils.hpp:653 (most recent call first):
frame #0: c10::Error::Error(c10::SourceLocation, std::__cxx11::basic_string<char, std::char_traits<char>, std::allocator<char> >) + 0xc8 (0xfafa6bff66e8 in /usr/local/lib/python3.12/dist-packages/torch/lib/libc10.so)
frame #1: <unknown function> + 0x66f513c (0xfafa8825513c in /usr/local/lib/python3.12/dist-packages/torch/lib/libtorch_cpu.so)
frame #2: c10d::TCPStore::check(std::vector<std::__cxx11::basic_string<char, std::char_traits<char>, std::allocator<char> >, std::allocator<std::__cxx11::basic_string<char, std::char_traits<char>, std::allocator<char> > > > const&) + 0x1a4 (0xfafa8825e294 in /usr/local/lib/python3.12/dist-packages/torch/lib/libtorch_cpu.so)
frame #3: c10d::ProcessGroupNCCL::HeartbeatMonitor::runLoop() + 0x380 (0xfafa6ceddb30 in /usr/local/lib/python3.12/dist-packages/torch/lib/libtorch_cuda.so)
frame #4: <unknown function> + 0xe1ae0 (0xfafb1b0a1ae0 in /usr/lib/aarch64-linux-gnu/libstdc++.so.6)
frame #5: <unknown function> + 0x8595c (0xfafb1bd6595c in /usr/lib/aarch64-linux-gnu/libc.so.6)
frame #6: <unknown function> + 0xebb4c (0xfafb1bdcbb4c in /usr/lib/aarch64-linux-gnu/libc.so.6)

[rank1]:[W522 08:44:09.832041732 ProcessGroupNCCL.cpp:1826] [PG ID 0 PG GUID 0 Rank 1] Failed to check the "should dump" flag on TCPStore, (maybe TCPStore server has shut down too early), with error: Broken pipe
[rank1]:[W522 08:44:10.832177695 TCPStore.cpp:106] [c10d] sendBytes failed on SocketImpl(fd=29, addr=[spark1-ring]:36304, remote=[spark0-ring]:29536): Broken pipe
Exception raised from sendBytes at /pytorch/torch/csrc/distributed/c10d/Utils.hpp:653 (most recent call first):
frame #0: c10::Error::Error(c10::SourceLocation, std::__cxx11::basic_string<char, std::char_traits<char>, std::allocator<char> >) + 0xc8 (0xfafa6bff66e8 in /usr/local/lib/python3.12/dist-packages/torch/lib/libc10.so)
frame #1: <unknown function> + 0x66f513c (0xfafa8825513c in /usr/local/lib/python3.12/dist-packages/torch/lib/libtorch_cpu.so)
frame #2: c10d::TCPStore::check(std::vector<std::__cxx11::basic_string<char, std::char_traits<char>, std::allocator<char> >, std::allocator<std::__cxx11::basic_string<char, std::char_traits<char>, std::allocator<char> > > > const&) + 0x1a4 (0xfafa8825e294 in /usr/local/lib/python3.12/dist-packages/torch/lib/libtorch_cpu.so)
frame #3: c10d::ProcessGroupNCCL::HeartbeatMonitor::runLoop() + 0x380 (0xfafa6ceddb30 in /usr/local/lib/python3.12/dist-packages/torch/lib/libtorch_cuda.so)
frame #4: <unknown function> + 0xe1ae0 (0xfafb1b0a1ae0 in /usr/lib/aarch64-linux-gnu/libstdc++.so.6)
frame #5: <unknown function> + 0x8595c (0xfafb1bd6595c in /usr/lib/aarch64-linux-gnu/libc.so.6)
frame #6: <unknown function> + 0xebb4c (0xfafb1bdcbb4c in /usr/lib/aarch64-linux-gnu/libc.so.6)

[rank1]:[W522 08:44:10.833500225 ProcessGroupNCCL.cpp:1826] [PG ID 0 PG GUID 0 Rank 1] Failed to check the "should dump" flag on TCPStore, (maybe TCPStore server has shut down too early), with error: Broken pipe
[rank1]:[W522 08:44:11.834327313 TCPStore.cpp:106] [c10d] sendBytes failed on SocketImpl(fd=29, addr=[spark1-ring]:36304, remote=[spark0-ring]:29536): Broken pipe
Exception raised from sendBytes at /pytorch/torch/csrc/distributed/c10d/Utils.hpp:653 (most recent call first):
frame #0: c10::Error::Error(c10::SourceLocation, std::__cxx11::basic_string<char, std::char_traits<char>, std::allocator<char> >) + 0xc8 (0xfafa6bff66e8 in /usr/local/lib/python3.12/dist-packages/torch/lib/libc10.so)
frame #1: <unknown function> + 0x66f513c (0xfafa8825513c in /usr/local/lib/python3.12/dist-packages/torch/lib/libtorch_cpu.so)
frame #2: c10d::TCPStore::check(std::vector<std::__cxx11::basic_string<char, std::char_traits<char>, std::allocator<char> >, std::allocator<std::__cxx11::basic_string<char, std::char_traits<char>, std::allocator<char> > > > const&) + 0x1a4 (0xfafa8825e294 in /usr/local/lib/python3.12/dist-packages/torch/lib/libtorch_cpu.so)
frame #3: c10d::ProcessGroupNCCL::HeartbeatMonitor::runLoop() + 0x380 (0xfafa6ceddb30 in /usr/local/lib/python3.12/dist-packages/torch/lib/libtorch_cuda.so)
frame #4: <unknown function> + 0xe1ae0 (0xfafb1b0a1ae0 in /usr/lib/aarch64-linux-gnu/libstdc++.so.6)
frame #5: <unknown function> + 0x8595c (0xfafb1bd6595c in /usr/lib/aarch64-linux-gnu/libc.so.6)
frame #6: <unknown function> + 0xebb4c (0xfafb1bdcbb4c in /usr/lib/aarch64-linux-gnu/libc.so.6)

[rank1]:[W522 08:44:11.835662195 ProcessGroupNCCL.cpp:1826] [PG ID 0 PG GUID 0 Rank 1] Failed to check the "should dump" flag on TCPStore, (maybe TCPStore server has shut down too early), with error: Broken pipe
[rank1]:[W522 08:44:12.836502270 TCPStore.cpp:106] [c10d] sendBytes failed on SocketImpl(fd=29, addr=[spark1-ring]:36304, remote=[spark0-ring]:29536): Broken pipe
Exception raised from sendBytes at /pytorch/torch/csrc/distributed/c10d/Utils.hpp:653 (most recent call first):
frame #0: c10::Error::Error(c10::SourceLocation, std::__cxx11::basic_string<char, std::char_traits<char>, std::allocator<char> >) + 0xc8 (0xfafa6bff66e8 in /usr/local/lib/python3.12/dist-packages/torch/lib/libc10.so)
frame #1: <unknown function> + 0x66f513c (0xfafa8825513c in /usr/local/lib/python3.12/dist-packages/torch/lib/libtorch_cpu.so)
frame #2: c10d::TCPStore::check(std::vector<std::__cxx11::basic_string<char, std::char_traits<char>, std::allocator<char> >, std::allocator<std::__cxx11::basic_string<char, std::char_traits<char>, std::allocator<char> > > > const&) + 0x1a4 (0xfafa8825e294 in /usr/local/lib/python3.12/dist-packages/torch/lib/libtorch_cpu.so)
frame #3: c10d::ProcessGroupNCCL::HeartbeatMonitor::runLoop() + 0x380 (0xfafa6ceddb30 in /usr/local/lib/python3.12/dist-packages/torch/lib/libtorch_cuda.so)
frame #4: <unknown function> + 0xe1ae0 (0xfafb1b0a1ae0 in /usr/lib/aarch64-linux-gnu/libstdc++.so.6)
frame #5: <unknown function> + 0x8595c (0xfafb1bd6595c in /usr/lib/aarch64-linux-gnu/libc.so.6)
frame #6: <unknown function> + 0xebb4c (0xfafb1bdcbb4c in /usr/lib/aarch64-linux-gnu/libc.so.6)

[rank1]:[W522 08:44:12.837924125 ProcessGroupNCCL.cpp:1826] [PG ID 0 PG GUID 0 Rank 1] Failed to check the "should dump" flag on TCPStore, (maybe TCPStore server has shut down too early), with error: Broken pipe
[rank1]:[W522 08:44:13.838772070 TCPStore.cpp:106] [c10d] sendBytes failed on SocketImpl(fd=29, addr=[spark1-ring]:36304, remote=[spark0-ring]:29536): Broken pipe
Exception raised from sendBytes at /pytorch/torch/csrc/distributed/c10d/Utils.hpp:653 (most recent call first):
frame #0: c10::Error::Error(c10::SourceLocation, std::__cxx11::basic_string<char, std::char_traits<char>, std::allocator<char> >) + 0xc8 (0xfafa6bff66e8 in /usr/local/lib/python3.12/dist-packages/torch/lib/libc10.so)
frame #1: <unknown function> + 0x66f513c (0xfafa8825513c in /usr/local/lib/python3.12/dist-packages/torch/lib/libtorch_cpu.so)
frame #2: c10d::TCPStore::check(std::vector<std::__cxx11::basic_string<char, std::char_traits<char>, std::allocator<char> >, std::allocator<std::__cxx11::basic_string<char, std::char_traits<char>, std::allocator<char> > > > const&) + 0x1a4 (0xfafa8825e294 in /usr/local/lib/python3.12/dist-packages/torch/lib/libtorch_cpu.so)
frame #3: c10d::ProcessGroupNCCL::HeartbeatMonitor::runLoop() + 0x380 (0xfafa6ceddb30 in /usr/local/lib/python3.12/dist-packages/torch/lib/libtorch_cuda.so)
frame #4: <unknown function> + 0xe1ae0 (0xfafb1b0a1ae0 in /usr/lib/aarch64-linux-gnu/libstdc++.so.6)
frame #5: <unknown function> + 0x8595c (0xfafb1bd6595c in /usr/lib/aarch64-linux-gnu/libc.so.6)
frame #6: <unknown function> + 0xebb4c (0xfafb1bdcbb4c in /usr/lib/aarch64-linux-gnu/libc.so.6)

[rank1]:[W522 08:44:13.840183318 ProcessGroupNCCL.cpp:1826] [PG ID 0 PG GUID 0 Rank 1] Failed to check the "should dump" flag on TCPStore, (maybe TCPStore server has shut down too early), with error: Broken pipe
[rank1]:[W522 08:44:14.840321970 TCPStore.cpp:106] [c10d] sendBytes failed on SocketImpl(fd=29, addr=[spark1-ring]:36304, remote=[spark0-ring]:29536): Broken pipe
Exception raised from sendBytes at /pytorch/torch/csrc/distributed/c10d/Utils.hpp:653 (most recent call first):
frame #0: c10::Error::Error(c10::SourceLocation, std::__cxx11::basic_string<char, std::char_traits<char>, std::allocator<char> >) + 0xc8 (0xfafa6bff66e8 in /usr/local/lib/python3.12/dist-packages/torch/lib/libc10.so)
frame #1: <unknown function> + 0x66f513c (0xfafa8825513c in /usr/local/lib/python3.12/dist-packages/torch/lib/libtorch_cpu.so)
frame #2: c10d::TCPStore::check(std::vector<std::__cxx11::basic_string<char, std::char_traits<char>, std::allocator<char> >, std::allocator<std::__cxx11::basic_string<char, std::char_traits<char>, std::allocator<char> > > > const&) + 0x1a4 (0xfafa8825e294 in /usr/local/lib/python3.12/dist-packages/torch/lib/libtorch_cpu.so)
frame #3: c10d::ProcessGroupNCCL::HeartbeatMonitor::runLoop() + 0x380 (0xfafa6ceddb30 in /usr/local/lib/python3.12/dist-packages/torch/lib/libtorch_cuda.so)
frame #4: <unknown function> + 0xe1ae0 (0xfafb1b0a1ae0 in /usr/lib/aarch64-linux-gnu/libstdc++.so.6)
frame #5: <unknown function> + 0x8595c (0xfafb1bd6595c in /usr/lib/aarch64-linux-gnu/libc.so.6)
frame #6: <unknown function> + 0xebb4c (0xfafb1bdcbb4c in /usr/lib/aarch64-linux-gnu/libc.so.6)

[rank1]:[W522 08:44:14.841657028 ProcessGroupNCCL.cpp:1826] [PG ID 0 PG GUID 0 Rank 1] Failed to check the "should dump" flag on TCPStore, (maybe TCPStore server has shut down too early), with error: Broken pipe
[rank1]:[W522 08:44:15.842676640 TCPStore.cpp:106] [c10d] sendBytes failed on SocketImpl(fd=29, addr=[spark1-ring]:36304, remote=[spark0-ring]:29536): Broken pipe
Exception raised from sendBytes at /pytorch/torch/csrc/distributed/c10d/Utils.hpp:653 (most recent call first):
frame #0: c10::Error::Error(c10::SourceLocation, std::__cxx11::basic_string<char, std::char_traits<char>, std::allocator<char> >) + 0xc8 (0xfafa6bff66e8 in /usr/local/lib/python3.12/dist-packages/torch/lib/libc10.so)
frame #1: <unknown function> + 0x66f513c (0xfafa8825513c in /usr/local/lib/python3.12/dist-packages/torch/lib/libtorch_cpu.so)
frame #2: c10d::TCPStore::check(std::vector<std::__cxx11::basic_string<char, std::char_traits<char>, std::allocator<char> >, std::allocator<std::__cxx11::basic_string<char, std::char_traits<char>, std::allocator<char> > > > const&) + 0x1a4 (0xfafa8825e294 in /usr/local/lib/python3.12/dist-packages/torch/lib/libtorch_cpu.so)
frame #3: c10d::ProcessGroupNCCL::HeartbeatMonitor::runLoop() + 0x380 (0xfafa6ceddb30 in /usr/local/lib/python3.12/dist-packages/torch/lib/libtorch_cuda.so)
frame #4: <unknown function> + 0xe1ae0 (0xfafb1b0a1ae0 in /usr/lib/aarch64-linux-gnu/libstdc++.so.6)
frame #5: <unknown function> + 0x8595c (0xfafb1bd6595c in /usr/lib/aarch64-linux-gnu/libc.so.6)
frame #6: <unknown function> + 0xebb4c (0xfafb1bdcbb4c in /usr/lib/aarch64-linux-gnu/libc.so.6)

[rank1]:[W522 08:44:15.843999523 ProcessGroupNCCL.cpp:1826] [PG ID 0 PG GUID 0 Rank 1] Failed to check the "should dump" flag on TCPStore, (maybe TCPStore server has shut down too early), with error: Broken pipe
[rank1]:[W522 08:44:16.844834671 TCPStore.cpp:106] [c10d] sendBytes failed on SocketImpl(fd=29, addr=[spark1-ring]:36304, remote=[spark0-ring]:29536): Broken pipe
Exception raised from sendBytes at /pytorch/torch/csrc/distributed/c10d/Utils.hpp:653 (most recent call first):
frame #0: c10::Error::Error(c10::SourceLocation, std::__cxx11::basic_string<char, std::char_traits<char>, std::allocator<char> >) + 0xc8 (0xfafa6bff66e8 in /usr/local/lib/python3.12/dist-packages/torch/lib/libc10.so)
frame #1: <unknown function> + 0x66f513c (0xfafa8825513c in /usr/local/lib/python3.12/dist-packages/torch/lib/libtorch_cpu.so)
frame #2: c10d::TCPStore::check(std::vector<std::__cxx11::basic_string<char, std::char_traits<char>, std::allocator<char> >, std::allocator<std::__cxx11::basic_string<char, std::char_traits<char>, std::allocator<char> > > > const&) + 0x1a4 (0xfafa8825e294 in /usr/local/lib/python3.12/dist-packages/torch/lib/libtorch_cpu.so)
frame #3: c10d::ProcessGroupNCCL::HeartbeatMonitor::runLoop() + 0x380 (0xfafa6ceddb30 in /usr/local/lib/python3.12/dist-packages/torch/lib/libtorch_cuda.so)
frame #4: <unknown function> + 0xe1ae0 (0xfafb1b0a1ae0 in /usr/lib/aarch64-linux-gnu/libstdc++.so.6)
frame #5: <unknown function> + 0x8595c (0xfafb1bd6595c in /usr/lib/aarch64-linux-gnu/libc.so.6)
frame #6: <unknown function> + 0xebb4c (0xfafb1bdcbb4c in /usr/lib/aarch64-linux-gnu/libc.so.6)

[rank1]:[W522 08:44:16.846259503 ProcessGroupNCCL.cpp:1826] [PG ID 0 PG GUID 0 Rank 1] Failed to check the "should dump" flag on TCPStore, (maybe TCPStore server has shut down too early), with error: Broken pipe
[rank1]:[W522 08:44:17.847149077 TCPStore.cpp:106] [c10d] sendBytes failed on SocketImpl(fd=29, addr=[spark1-ring]:36304, remote=[spark0-ring]:29536): Broken pipe
Exception raised from sendBytes at /pytorch/torch/csrc/distributed/c10d/Utils.hpp:653 (most recent call first):
frame #0: c10::Error::Error(c10::SourceLocation, std::__cxx11::basic_string<char, std::char_traits<char>, std::allocator<char> >) + 0xc8 (0xfafa6bff66e8 in /usr/local/lib/python3.12/dist-packages/torch/lib/libc10.so)
frame #1: <unknown function> + 0x66f513c (0xfafa8825513c in /usr/local/lib/python3.12/dist-packages/torch/lib/libtorch_cpu.so)
frame #2: c10d::TCPStore::check(std::vector<std::__cxx11::basic_string<char, std::char_traits<char>, std::allocator<char> >, std::allocator<std::__cxx11::basic_string<char, std::char_traits<char>, std::allocator<char> > > > const&) + 0x1a4 (0xfafa8825e294 in /usr/local/lib/python3.12/dist-packages/torch/lib/libtorch_cpu.so)
frame #3: c10d::ProcessGroupNCCL::HeartbeatMonitor::runLoop() + 0x380 (0xfafa6ceddb30 in /usr/local/lib/python3.12/dist-packages/torch/lib/libtorch_cuda.so)
frame #4: <unknown function> + 0xe1ae0 (0xfafb1b0a1ae0 in /usr/lib/aarch64-linux-gnu/libstdc++.so.6)
frame #5: <unknown function> + 0x8595c (0xfafb1bd6595c in /usr/lib/aarch64-linux-gnu/libc.so.6)
frame #6: <unknown function> + 0xebb4c (0xfafb1bdcbb4c in /usr/lib/aarch64-linux-gnu/libc.so.6)

[rank1]:[W522 08:44:17.848521542 ProcessGroupNCCL.cpp:1826] [PG ID 0 PG GUID 0 Rank 1] Failed to check the "should dump" flag on TCPStore, (maybe TCPStore server has shut down too early), with error: Broken pipe
[rank1]:[W522 08:44:18.849297358 TCPStore.cpp:106] [c10d] sendBytes failed on SocketImpl(fd=29, addr=[spark1-ring]:36304, remote=[spark0-ring]:29536): Broken pipe
Exception raised from sendBytes at /pytorch/torch/csrc/distributed/c10d/Utils.hpp:653 (most recent call first):
frame #0: c10::Error::Error(c10::SourceLocation, std::__cxx11::basic_string<char, std::char_traits<char>, std::allocator<char> >) + 0xc8 (0xfafa6bff66e8 in /usr/local/lib/python3.12/dist-packages/torch/lib/libc10.so)
frame #1: <unknown function> + 0x66f513c (0xfafa8825513c in /usr/local/lib/python3.12/dist-packages/torch/lib/libtorch_cpu.so)
frame #2: c10d::TCPStore::check(std::vector<std::__cxx11::basic_string<char, std::char_traits<char>, std::allocator<char> >, std::allocator<std::__cxx11::basic_string<char, std::char_traits<char>, std::allocator<char> > > > const&) + 0x1a4 (0xfafa8825e294 in /usr/local/lib/python3.12/dist-packages/torch/lib/libtorch_cpu.so)
frame #3: c10d::ProcessGroupNCCL::HeartbeatMonitor::runLoop() + 0x380 (0xfafa6ceddb30 in /usr/local/lib/python3.12/dist-packages/torch/lib/libtorch_cuda.so)
frame #4: <unknown function> + 0xe1ae0 (0xfafb1b0a1ae0 in /usr/lib/aarch64-linux-gnu/libstdc++.so.6)
frame #5: <unknown function> + 0x8595c (0xfafb1bd6595c in /usr/lib/aarch64-linux-gnu/libc.so.6)
frame #6: <unknown function> + 0xebb4c (0xfafb1bdcbb4c in /usr/lib/aarch64-linux-gnu/libc.so.6)

[rank1]:[W522 08:44:18.850628080 ProcessGroupNCCL.cpp:1826] [PG ID 0 PG GUID 0 Rank 1] Failed to check the "should dump" flag on TCPStore, (maybe TCPStore server has shut down too early), with error: Broken pipe
[rank1]:[W522 08:44:19.851336549 TCPStore.cpp:106] [c10d] sendBytes failed on SocketImpl(fd=29, addr=[spark1-ring]:36304, remote=[spark0-ring]:29536): Broken pipe
Exception raised from sendBytes at /pytorch/torch/csrc/distributed/c10d/Utils.hpp:653 (most recent call first):
frame #0: c10::Error::Error(c10::SourceLocation, std::__cxx11::basic_string<char, std::char_traits<char>, std::allocator<char> >) + 0xc8 (0xfafa6bff66e8 in /usr/local/lib/python3.12/dist-packages/torch/lib/libc10.so)
frame #1: <unknown function> + 0x66f513c (0xfafa8825513c in /usr/local/lib/python3.12/dist-packages/torch/lib/libtorch_cpu.so)
frame #2: c10d::TCPStore::check(std::vector<std::__cxx11::basic_string<char, std::char_traits<char>, std::allocator<char> >, std::allocator<std::__cxx11::basic_string<char, std::char_traits<char>, std::allocator<char> > > > const&) + 0x1a4 (0xfafa8825e294 in /usr/local/lib/python3.12/dist-packages/torch/lib/libtorch_cpu.so)
frame #3: c10d::ProcessGroupNCCL::HeartbeatMonitor::runLoop() + 0x380 (0xfafa6ceddb30 in /usr/local/lib/python3.12/dist-packages/torch/lib/libtorch_cuda.so)
frame #4: <unknown function> + 0xe1ae0 (0xfafb1b0a1ae0 in /usr/lib/aarch64-linux-gnu/libstdc++.so.6)
frame #5: <unknown function> + 0x8595c (0xfafb1bd6595c in /usr/lib/aarch64-linux-gnu/libc.so.6)
frame #6: <unknown function> + 0xebb4c (0xfafb1bdcbb4c in /usr/lib/aarch64-linux-gnu/libc.so.6)

[rank1]:[W522 08:44:19.852732293 ProcessGroupNCCL.cpp:1826] [PG ID 0 PG GUID 0 Rank 1] Failed to check the "should dump" flag on TCPStore, (maybe TCPStore server has shut down too early), with error: Broken pipe
[rank1]:[W522 08:44:20.853588494 TCPStore.cpp:106] [c10d] sendBytes failed on SocketImpl(fd=29, addr=[spark1-ring]:36304, remote=[spark0-ring]:29536): Broken pipe
Exception raised from sendBytes at /pytorch/torch/csrc/distributed/c10d/Utils.hpp:653 (most recent call first):
frame #0: c10::Error::Error(c10::SourceLocation, std::__cxx11::basic_string<char, std::char_traits<char>, std::allocator<char> >) + 0xc8 (0xfafa6bff66e8 in /usr/local/lib/python3.12/dist-packages/torch/lib/libc10.so)
frame #1: <unknown function> + 0x66f513c (0xfafa8825513c in /usr/local/lib/python3.12/dist-packages/torch/lib/libtorch_cpu.so)
frame #2: c10d::TCPStore::check(std::vector<std::__cxx11::basic_string<char, std::char_traits<char>, std::allocator<char> >, std::allocator<std::__cxx11::basic_string<char, std::char_traits<char>, std::allocator<char> > > > const&) + 0x1a4 (0xfafa8825e294 in /usr/local/lib/python3.12/dist-packages/torch/lib/libtorch_cpu.so)
frame #3: c10d::ProcessGroupNCCL::HeartbeatMonitor::runLoop() + 0x380 (0xfafa6ceddb30 in /usr/local/lib/python3.12/dist-packages/torch/lib/libtorch_cuda.so)
frame #4: <unknown function> + 0xe1ae0 (0xfafb1b0a1ae0 in /usr/lib/aarch64-linux-gnu/libstdc++.so.6)
frame #5: <unknown function> + 0x8595c (0xfafb1bd6595c in /usr/lib/aarch64-linux-gnu/libc.so.6)
frame #6: <unknown function> + 0xebb4c (0xfafb1bdcbb4c in /usr/lib/aarch64-linux-gnu/libc.so.6)

[rank1]:[W522 08:44:20.854987631 ProcessGroupNCCL.cpp:1826] [PG ID 0 PG GUID 0 Rank 1] Failed to check the "should dump" flag on TCPStore, (maybe TCPStore server has shut down too early), with error: Broken pipe
[rank1]:[W522 08:44:21.855781559 TCPStore.cpp:106] [c10d] sendBytes failed on SocketImpl(fd=29, addr=[spark1-ring]:36304, remote=[spark0-ring]:29536): Broken pipe
Exception raised from sendBytes at /pytorch/torch/csrc/distributed/c10d/Utils.hpp:653 (most recent call first):
frame #0: c10::Error::Error(c10::SourceLocation, std::__cxx11::basic_string<char, std::char_traits<char>, std::allocator<char> >) + 0xc8 (0xfafa6bff66e8 in /usr/local/lib/python3.12/dist-packages/torch/lib/libc10.so)
frame #1: <unknown function> + 0x66f513c (0xfafa8825513c in /usr/local/lib/python3.12/dist-packages/torch/lib/libtorch_cpu.so)
frame #2: c10d::TCPStore::check(std::vector<std::__cxx11::basic_string<char, std::char_traits<char>, std::allocator<char> >, std::allocator<std::__cxx11::basic_string<char, std::char_traits<char>, std::allocator<char> > > > const&) + 0x1a4 (0xfafa8825e294 in /usr/local/lib/python3.12/dist-packages/torch/lib/libtorch_cpu.so)
frame #3: c10d::ProcessGroupNCCL::HeartbeatMonitor::runLoop() + 0x380 (0xfafa6ceddb30 in /usr/local/lib/python3.12/dist-packages/torch/lib/libtorch_cuda.so)
frame #4: <unknown function> + 0xe1ae0 (0xfafb1b0a1ae0 in /usr/lib/aarch64-linux-gnu/libstdc++.so.6)
frame #5: <unknown function> + 0x8595c (0xfafb1bd6595c in /usr/lib/aarch64-linux-gnu/libc.so.6)
frame #6: <unknown function> + 0xebb4c (0xfafb1bdcbb4c in /usr/lib/aarch64-linux-gnu/libc.so.6)

[rank1]:[W522 08:44:21.857124458 ProcessGroupNCCL.cpp:1826] [PG ID 0 PG GUID 0 Rank 1] Failed to check the "should dump" flag on TCPStore, (maybe TCPStore server has shut down too early), with error: Broken pipe
[rank1]:[W522 08:44:22.858202306 TCPStore.cpp:106] [c10d] sendBytes failed on SocketImpl(fd=29, addr=[spark1-ring]:36304, remote=[spark0-ring]:29536): Broken pipe
Exception raised from sendBytes at /pytorch/torch/csrc/distributed/c10d/Utils.hpp:653 (most recent call first):
frame #0: c10::Error::Error(c10::SourceLocation, std::__cxx11::basic_string<char, std::char_traits<char>, std::allocator<char> >) + 0xc8 (0xfafa6bff66e8 in /usr/local/lib/python3.12/dist-packages/torch/lib/libc10.so)
frame #1: <unknown function> + 0x66f513c (0xfafa8825513c in /usr/local/lib/python3.12/dist-packages/torch/lib/libtorch_cpu.so)
frame #2: c10d::TCPStore::check(std::vector<std::__cxx11::basic_string<char, std::char_traits<char>, std::allocator<char> >, std::allocator<std::__cxx11::basic_string<char, std::char_traits<char>, std::allocator<char> > > > const&) + 0x1a4 (0xfafa8825e294 in /usr/local/lib/python3.12/dist-packages/torch/lib/libtorch_cpu.so)
frame #3: c10d::ProcessGroupNCCL::HeartbeatMonitor::runLoop() + 0x380 (0xfafa6ceddb30 in /usr/local/lib/python3.12/dist-packages/torch/lib/libtorch_cuda.so)
frame #4: <unknown function> + 0xe1ae0 (0xfafb1b0a1ae0 in /usr/lib/aarch64-linux-gnu/libstdc++.so.6)
frame #5: <unknown function> + 0x8595c (0xfafb1bd6595c in /usr/lib/aarch64-linux-gnu/libc.so.6)
frame #6: <unknown function> + 0xebb4c (0xfafb1bdcbb4c in /usr/lib/aarch64-linux-gnu/libc.so.6)

[rank1]:[W522 08:44:22.859600626 ProcessGroupNCCL.cpp:1826] [PG ID 0 PG GUID 0 Rank 1] Failed to check the "should dump" flag on TCPStore, (maybe TCPStore server has shut down too early), with error: Broken pipe
[rank1]:[W522 08:44:23.860433231 TCPStore.cpp:106] [c10d] sendBytes failed on SocketImpl(fd=29, addr=[spark1-ring]:36304, remote=[spark0-ring]:29536): Broken pipe
Exception raised from sendBytes at /pytorch/torch/csrc/distributed/c10d/Utils.hpp:653 (most recent call first):
frame #0: c10::Error::Error(c10::SourceLocation, std::__cxx11::basic_string<char, std::char_traits<char>, std::allocator<char> >) + 0xc8 (0xfafa6bff66e8 in /usr/local/lib/python3.12/dist-packages/torch/lib/libc10.so)
frame #1: <unknown function> + 0x66f513c (0xfafa8825513c in /usr/local/lib/python3.12/dist-packages/torch/lib/libtorch_cpu.so)
frame #2: c10d::TCPStore::check(std::vector<std::__cxx11::basic_string<char, std::char_traits<char>, std::allocator<char> >, std::allocator<std::__cxx11::basic_string<char, std::char_traits<char>, std::allocator<char> > > > const&) + 0x1a4 (0xfafa8825e294 in /usr/local/lib/python3.12/dist-packages/torch/lib/libtorch_cpu.so)
frame #3: c10d::ProcessGroupNCCL::HeartbeatMonitor::runLoop() + 0x380 (0xfafa6ceddb30 in /usr/local/lib/python3.12/dist-packages/torch/lib/libtorch_cuda.so)
frame #4: <unknown function> + 0xe1ae0 (0xfafb1b0a1ae0 in /usr/lib/aarch64-linux-gnu/libstdc++.so.6)
frame #5: <unknown function> + 0x8595c (0xfafb1bd6595c in /usr/lib/aarch64-linux-gnu/libc.so.6)
frame #6: <unknown function> + 0xebb4c (0xfafb1bdcbb4c in /usr/lib/aarch64-linux-gnu/libc.so.6)

[rank1]:[W522 08:44:23.861756963 ProcessGroupNCCL.cpp:1826] [PG ID 0 PG GUID 0 Rank 1] Failed to check the "should dump" flag on TCPStore, (maybe TCPStore server has shut down too early), with error: Broken pipe
[rank1]:[W522 08:44:24.862601659 TCPStore.cpp:106] [c10d] sendBytes failed on SocketImpl(fd=29, addr=[spark1-ring]:36304, remote=[spark0-ring]:29536): Broken pipe
Exception raised from sendBytes at /pytorch/torch/csrc/distributed/c10d/Utils.hpp:653 (most recent call first):
frame #0: c10::Error::Error(c10::SourceLocation, std::__cxx11::basic_string<char, std::char_traits<char>, std::allocator<char> >) + 0xc8 (0xfafa6bff66e8 in /usr/local/lib/python3.12/dist-packages/torch/lib/libc10.so)
frame #1: <unknown function> + 0x66f513c (0xfafa8825513c in /usr/local/lib/python3.12/dist-packages/torch/lib/libtorch_cpu.so)
frame #2: c10d::TCPStore::check(std::vector<std::__cxx11::basic_string<char, std::char_traits<char>, std::allocator<char> >, std::allocator<std::__cxx11::basic_string<char, std::char_traits<char>, std::allocator<char> > > > const&) + 0x1a4 (0xfafa8825e294 in /usr/local/lib/python3.12/dist-packages/torch/lib/libtorch_cpu.so)
frame #3: c10d::ProcessGroupNCCL::HeartbeatMonitor::runLoop() + 0x380 (0xfafa6ceddb30 in /usr/local/lib/python3.12/dist-packages/torch/lib/libtorch_cuda.so)
frame #4: <unknown function> + 0xe1ae0 (0xfafb1b0a1ae0 in /usr/lib/aarch64-linux-gnu/libstdc++.so.6)
frame #5: <unknown function> + 0x8595c (0xfafb1bd6595c in /usr/lib/aarch64-linux-gnu/libc.so.6)
frame #6: <unknown function> + 0xebb4c (0xfafb1bdcbb4c in /usr/lib/aarch64-linux-gnu/libc.so.6)

[rank1]:[W522 08:44:24.864044410 ProcessGroupNCCL.cpp:1826] [PG ID 0 PG GUID 0 Rank 1] Failed to check the "should dump" flag on TCPStore, (maybe TCPStore server has shut down too early), with error: Broken pipe
[rank1]:[W522 08:44:25.864514359 TCPStore.cpp:106] [c10d] sendBytes failed on SocketImpl(fd=29, addr=[spark1-ring]:36304, remote=[spark0-ring]:29536): Broken pipe
Exception raised from sendBytes at /pytorch/torch/csrc/distributed/c10d/Utils.hpp:653 (most recent call first):
frame #0: c10::Error::Error(c10::SourceLocation, std::__cxx11::basic_string<char, std::char_traits<char>, std::allocator<char> >) + 0xc8 (0xfafa6bff66e8 in /usr/local/lib/python3.12/dist-packages/torch/lib/libc10.so)
frame #1: <unknown function> + 0x66f513c (0xfafa8825513c in /usr/local/lib/python3.12/dist-packages/torch/lib/libtorch_cpu.so)
frame #2: c10d::TCPStore::check(std::vector<std::__cxx11::basic_string<char, std::char_traits<char>, std::allocator<char> >, std::allocator<std::__cxx11::basic_string<char, std::char_traits<char>, std::allocator<char> > > > const&) + 0x1a4 (0xfafa8825e294 in /usr/local/lib/python3.12/dist-packages/torch/lib/libtorch_cpu.so)
frame #3: c10d::ProcessGroupNCCL::HeartbeatMonitor::runLoop() + 0x380 (0xfafa6ceddb30 in /usr/local/lib/python3.12/dist-packages/torch/lib/libtorch_cuda.so)
frame #4: <unknown function> + 0xe1ae0 (0xfafb1b0a1ae0 in /usr/lib/aarch64-linux-gnu/libstdc++.so.6)
frame #5: <unknown function> + 0x8595c (0xfafb1bd6595c in /usr/lib/aarch64-linux-gnu/libc.so.6)
frame #6: <unknown function> + 0xebb4c (0xfafb1bdcbb4c in /usr/lib/aarch64-linux-gnu/libc.so.6)

[rank1]:[W522 08:44:25.865837403 ProcessGroupNCCL.cpp:1826] [PG ID 0 PG GUID 0 Rank 1] Failed to check the "should dump" flag on TCPStore, (maybe TCPStore server has shut down too early), with error: Broken pipe
[rank1]:[W522 08:44:26.866512268 TCPStore.cpp:106] [c10d] sendBytes failed on SocketImpl(fd=29, addr=[spark1-ring]:36304, remote=[spark0-ring]:29536): Broken pipe
Exception raised from sendBytes at /pytorch/torch/csrc/distributed/c10d/Utils.hpp:653 (most recent call first):
frame #0: c10::Error::Error(c10::SourceLocation, std::__cxx11::basic_string<char, std::char_traits<char>, std::allocator<char> >) + 0xc8 (0xfafa6bff66e8 in /usr/local/lib/python3.12/dist-packages/torch/lib/libc10.so)
frame #1: <unknown function> + 0x66f513c (0xfafa8825513c in /usr/local/lib/python3.12/dist-packages/torch/lib/libtorch_cpu.so)
frame #2: c10d::TCPStore::check(std::vector<std::__cxx11::basic_string<char, std::char_traits<char>, std::allocator<char> >, std::allocator<std::__cxx11::basic_string<char, std::char_traits<char>, std::allocator<char> > > > const&) + 0x1a4 (0xfafa8825e294 in /usr/local/lib/python3.12/dist-packages/torch/lib/libtorch_cpu.so)
frame #3: c10d::ProcessGroupNCCL::HeartbeatMonitor::runLoop() + 0x380 (0xfafa6ceddb30 in /usr/local/lib/python3.12/dist-packages/torch/lib/libtorch_cuda.so)
frame #4: <unknown function> + 0xe1ae0 (0xfafb1b0a1ae0 in /usr/lib/aarch64-linux-gnu/libstdc++.so.6)
frame #5: <unknown function> + 0x8595c (0xfafb1bd6595c in /usr/lib/aarch64-linux-gnu/libc.so.6)
frame #6: <unknown function> + 0xebb4c (0xfafb1bdcbb4c in /usr/lib/aarch64-linux-gnu/libc.so.6)

[rank1]:[W522 08:44:26.867856111 ProcessGroupNCCL.cpp:1826] [PG ID 0 PG GUID 0 Rank 1] Failed to check the "should dump" flag on TCPStore, (maybe TCPStore server has shut down too early), with error: Broken pipe
[rank1]:[W522 08:44:27.868402352 TCPStore.cpp:106] [c10d] sendBytes failed on SocketImpl(fd=29, addr=[spark1-ring]:36304, remote=[spark0-ring]:29536): Broken pipe
Exception raised from sendBytes at /pytorch/torch/csrc/distributed/c10d/Utils.hpp:653 (most recent call first):
frame #0: c10::Error::Error(c10::SourceLocation, std::__cxx11::basic_string<char, std::char_traits<char>, std::allocator<char> >) + 0xc8 (0xfafa6bff66e8 in /usr/local/lib/python3.12/dist-packages/torch/lib/libc10.so)
frame #1: <unknown function> + 0x66f513c (0xfafa8825513c in /usr/local/lib/python3.12/dist-packages/torch/lib/libtorch_cpu.so)
frame #2: c10d::TCPStore::check(std::vector<std::__cxx11::basic_string<char, std::char_traits<char>, std::allocator<char> >, std::allocator<std::__cxx11::basic_string<char, std::char_traits<char>, std::allocator<char> > > > const&) + 0x1a4 (0xfafa8825e294 in /usr/local/lib/python3.12/dist-packages/torch/lib/libtorch_cpu.so)
frame #3: c10d::ProcessGroupNCCL::HeartbeatMonitor::runLoop() + 0x380 (0xfafa6ceddb30 in /usr/local/lib/python3.12/dist-packages/torch/lib/libtorch_cuda.so)
frame #4: <unknown function> + 0xe1ae0 (0xfafb1b0a1ae0 in /usr/lib/aarch64-linux-gnu/libstdc++.so.6)
frame #5: <unknown function> + 0x8595c (0xfafb1bd6595c in /usr/lib/aarch64-linux-gnu/libc.so.6)
frame #6: <unknown function> + 0xebb4c (0xfafb1bdcbb4c in /usr/lib/aarch64-linux-gnu/libc.so.6)

[rank1]:[W522 08:44:27.869802689 ProcessGroupNCCL.cpp:1826] [PG ID 0 PG GUID 0 Rank 1] Failed to check the "should dump" flag on TCPStore, (maybe TCPStore server has shut down too early), with error: Broken pipe
[rank1]:[W522 08:44:28.870648369 TCPStore.cpp:106] [c10d] sendBytes failed on SocketImpl(fd=29, addr=[spark1-ring]:36304, remote=[spark0-ring]:29536): Broken pipe
Exception raised from sendBytes at /pytorch/torch/csrc/distributed/c10d/Utils.hpp:653 (most recent call first):
frame #0: c10::Error::Error(c10::SourceLocation, std::__cxx11::basic_string<char, std::char_traits<char>, std::allocator<char> >) + 0xc8 (0xfafa6bff66e8 in /usr/local/lib/python3.12/dist-packages/torch/lib/libc10.so)
frame #1: <unknown function> + 0x66f513c (0xfafa8825513c in /usr/local/lib/python3.12/dist-packages/torch/lib/libtorch_cpu.so)
frame #2: c10d::TCPStore::check(std::vector<std::__cxx11::basic_string<char, std::char_traits<char>, std::allocator<char> >, std::allocator<std::__cxx11::basic_string<char, std::char_traits<char>, std::allocator<char> > > > const&) + 0x1a4 (0xfafa8825e294 in /usr/local/lib/python3.12/dist-packages/torch/lib/libtorch_cpu.so)
frame #3: c10d::ProcessGroupNCCL::HeartbeatMonitor::runLoop() + 0x380 (0xfafa6ceddb30 in /usr/local/lib/python3.12/dist-packages/torch/lib/libtorch_cuda.so)
frame #4: <unknown function> + 0xe1ae0 (0xfafb1b0a1ae0 in /usr/lib/aarch64-linux-gnu/libstdc++.so.6)
frame #5: <unknown function> + 0x8595c (0xfafb1bd6595c in /usr/lib/aarch64-linux-gnu/libc.so.6)
frame #6: <unknown function> + 0xebb4c (0xfafb1bdcbb4c in /usr/lib/aarch64-linux-gnu/libc.so.6)

[rank1]:[W522 08:44:28.871991700 ProcessGroupNCCL.cpp:1826] [PG ID 0 PG GUID 0 Rank 1] Failed to check the "should dump" flag on TCPStore, (maybe TCPStore server has shut down too early), with error: Broken pipe
[rank1]:[W522 08:44:29.872204789 TCPStore.cpp:106] [c10d] sendBytes failed on SocketImpl(fd=29, addr=[spark1-ring]:36304, remote=[spark0-ring]:29536): Broken pipe
Exception raised from sendBytes at /pytorch/torch/csrc/distributed/c10d/Utils.hpp:653 (most recent call first):
frame #0: c10::Error::Error(c10::SourceLocation, std::__cxx11::basic_string<char, std::char_traits<char>, std::allocator<char> >) + 0xc8 (0xfafa6bff66e8 in /usr/local/lib/python3.12/dist-packages/torch/lib/libc10.so)
frame #1: <unknown function> + 0x66f513c (0xfafa8825513c in /usr/local/lib/python3.12/dist-packages/torch/lib/libtorch_cpu.so)
frame #2: c10d::TCPStore::check(std::vector<std::__cxx11::basic_string<char, std::char_traits<char>, std::allocator<char> >, std::allocator<std::__cxx11::basic_string<char, std::char_traits<char>, std::allocator<char> > > > const&) + 0x1a4 (0xfafa8825e294 in /usr/local/lib/python3.12/dist-packages/torch/lib/libtorch_cpu.so)
frame #3: c10d::ProcessGroupNCCL::HeartbeatMonitor::runLoop() + 0x380 (0xfafa6ceddb30 in /usr/local/lib/python3.12/dist-packages/torch/lib/libtorch_cuda.so)
frame #4: <unknown function> + 0xe1ae0 (0xfafb1b0a1ae0 in /usr/lib/aarch64-linux-gnu/libstdc++.so.6)
frame #5: <unknown function> + 0x8595c (0xfafb1bd6595c in /usr/lib/aarch64-linux-gnu/libc.so.6)
frame #6: <unknown function> + 0xebb4c (0xfafb1bdcbb4c in /usr/lib/aarch64-linux-gnu/libc.so.6)

[rank1]:[W522 08:44:29.873601174 ProcessGroupNCCL.cpp:1826] [PG ID 0 PG GUID 0 Rank 1] Failed to check the "should dump" flag on TCPStore, (maybe TCPStore server has shut down too early), with error: Broken pipe
[rank1]:[W522 08:44:30.874498584 TCPStore.cpp:106] [c10d] sendBytes failed on SocketImpl(fd=29, addr=[spark1-ring]:36304, remote=[spark0-ring]:29536): Broken pipe
Exception raised from sendBytes at /pytorch/torch/csrc/distributed/c10d/Utils.hpp:653 (most recent call first):
frame #0: c10::Error::Error(c10::SourceLocation, std::__cxx11::basic_string<char, std::char_traits<char>, std::allocator<char> >) + 0xc8 (0xfafa6bff66e8 in /usr/local/lib/python3.12/dist-packages/torch/lib/libc10.so)
frame #1: <unknown function> + 0x66f513c (0xfafa8825513c in /usr/local/lib/python3.12/dist-packages/torch/lib/libtorch_cpu.so)
frame #2: c10d::TCPStore::check(std::vector<std::__cxx11::basic_string<char, std::char_traits<char>, std::allocator<char> >, std::allocator<std::__cxx11::basic_string<char, std::char_traits<char>, std::allocator<char> > > > const&) + 0x1a4 (0xfafa8825e294 in /usr/local/lib/python3.12/dist-packages/torch/lib/libtorch_cpu.so)
frame #3: c10d::ProcessGroupNCCL::HeartbeatMonitor::runLoop() + 0x380 (0xfafa6ceddb30 in /usr/local/lib/python3.12/dist-packages/torch/lib/libtorch_cuda.so)
frame #4: <unknown function> + 0xe1ae0 (0xfafb1b0a1ae0 in /usr/lib/aarch64-linux-gnu/libstdc++.so.6)
frame #5: <unknown function> + 0x8595c (0xfafb1bd6595c in /usr/lib/aarch64-linux-gnu/libc.so.6)
frame #6: <unknown function> + 0xebb4c (0xfafb1bdcbb4c in /usr/lib/aarch64-linux-gnu/libc.so.6)

[rank1]:[W522 08:44:30.875852875 ProcessGroupNCCL.cpp:1826] [PG ID 0 PG GUID 0 Rank 1] Failed to check the "should dump" flag on TCPStore, (maybe TCPStore server has shut down too early), with error: Broken pipe
[rank1]:[W522 08:44:31.876718487 TCPStore.cpp:106] [c10d] sendBytes failed on SocketImpl(fd=29, addr=[spark1-ring]:36304, remote=[spark0-ring]:29536): Broken pipe
Exception raised from sendBytes at /pytorch/torch/csrc/distributed/c10d/Utils.hpp:653 (most recent call first):
frame #0: c10::Error::Error(c10::SourceLocation, std::__cxx11::basic_string<char, std::char_traits<char>, std::allocator<char> >) + 0xc8 (0xfafa6bff66e8 in /usr/local/lib/python3.12/dist-packages/torch/lib/libc10.so)
frame #1: <unknown function> + 0x66f513c (0xfafa8825513c in /usr/local/lib/python3.12/dist-packages/torch/lib/libtorch_cpu.so)
frame #2: c10d::TCPStore::check(std::vector<std::__cxx11::basic_string<char, std::char_traits<char>, std::allocator<char> >, std::allocator<std::__cxx11::basic_string<char, std::char_traits<char>, std::allocator<char> > > > const&) + 0x1a4 (0xfafa8825e294 in /usr/local/lib/python3.12/dist-packages/torch/lib/libtorch_cpu.so)
frame #3: c10d::ProcessGroupNCCL::HeartbeatMonitor::runLoop() + 0x380 (0xfafa6ceddb30 in /usr/local/lib/python3.12/dist-packages/torch/lib/libtorch_cuda.so)
frame #4: <unknown function> + 0xe1ae0 (0xfafb1b0a1ae0 in /usr/lib/aarch64-linux-gnu/libstdc++.so.6)
frame #5: <unknown function> + 0x8595c (0xfafb1bd6595c in /usr/lib/aarch64-linux-gnu/libc.so.6)
frame #6: <unknown function> + 0xebb4c (0xfafb1bdcbb4c in /usr/lib/aarch64-linux-gnu/libc.so.6)

[rank1]:[W522 08:44:31.878158279 ProcessGroupNCCL.cpp:1826] [PG ID 0 PG GUID 0 Rank 1] Failed to check the "should dump" flag on TCPStore, (maybe TCPStore server has shut down too early), with error: Broken pipe
[rank1]:[W522 08:44:32.878989505 TCPStore.cpp:106] [c10d] sendBytes failed on SocketImpl(fd=29, addr=[spark1-ring]:36304, remote=[spark0-ring]:29536): Broken pipe
Exception raised from sendBytes at /pytorch/torch/csrc/distributed/c10d/Utils.hpp:653 (most recent call first):
frame #0: c10::Error::Error(c10::SourceLocation, std::__cxx11::basic_string<char, std::char_traits<char>, std::allocator<char> >) + 0xc8 (0xfafa6bff66e8 in /usr/local/lib/python3.12/dist-packages/torch/lib/libc10.so)
frame #1: <unknown function> + 0x66f513c (0xfafa8825513c in /usr/local/lib/python3.12/dist-packages/torch/lib/libtorch_cpu.so)
frame #2: c10d::TCPStore::check(std::vector<std::__cxx11::basic_string<char, std::char_traits<char>, std::allocator<char> >, std::allocator<std::__cxx11::basic_string<char, std::char_traits<char>, std::allocator<char> > > > const&) + 0x1a4 (0xfafa8825e294 in /usr/local/lib/python3.12/dist-packages/torch/lib/libtorch_cpu.so)
frame #3: c10d::ProcessGroupNCCL::HeartbeatMonitor::runLoop() + 0x380 (0xfafa6ceddb30 in /usr/local/lib/python3.12/dist-packages/torch/lib/libtorch_cuda.so)
frame #4: <unknown function> + 0xe1ae0 (0xfafb1b0a1ae0 in /usr/lib/aarch64-linux-gnu/libstdc++.so.6)
frame #5: <unknown function> + 0x8595c (0xfafb1bd6595c in /usr/lib/aarch64-linux-gnu/libc.so.6)
frame #6: <unknown function> + 0xebb4c (0xfafb1bdcbb4c in /usr/lib/aarch64-linux-gnu/libc.so.6)

[rank1]:[W522 08:44:32.880333460 ProcessGroupNCCL.cpp:1826] [PG ID 0 PG GUID 0 Rank 1] Failed to check the "should dump" flag on TCPStore, (maybe TCPStore server has shut down too early), with error: Broken pipe
[rank1]:[W522 08:44:33.881175955 TCPStore.cpp:106] [c10d] sendBytes failed on SocketImpl(fd=29, addr=[spark1-ring]:36304, remote=[spark0-ring]:29536): Broken pipe
Exception raised from sendBytes at /pytorch/torch/csrc/distributed/c10d/Utils.hpp:653 (most recent call first):
frame #0: c10::Error::Error(c10::SourceLocation, std::__cxx11::basic_string<char, std::char_traits<char>, std::allocator<char> >) + 0xc8 (0xfafa6bff66e8 in /usr/local/lib/python3.12/dist-packages/torch/lib/libc10.so)
frame #1: <unknown function> + 0x66f513c (0xfafa8825513c in /usr/local/lib/python3.12/dist-packages/torch/lib/libtorch_cpu.so)
frame #2: c10d::TCPStore::check(std::vector<std::__cxx11::basic_string<char, std::char_traits<char>, std::allocator<char> >, std::allocator<std::__cxx11::basic_string<char, std::char_traits<char>, std::allocator<char> > > > const&) + 0x1a4 (0xfafa8825e294 in /usr/local/lib/python3.12/dist-packages/torch/lib/libtorch_cpu.so)
frame #3: c10d::ProcessGroupNCCL::HeartbeatMonitor::runLoop() + 0x380 (0xfafa6ceddb30 in /usr/local/lib/python3.12/dist-packages/torch/lib/libtorch_cuda.so)
frame #4: <unknown function> + 0xe1ae0 (0xfafb1b0a1ae0 in /usr/lib/aarch64-linux-gnu/libstdc++.so.6)
frame #5: <unknown function> + 0x8595c (0xfafb1bd6595c in /usr/lib/aarch64-linux-gnu/libc.so.6)
frame #6: <unknown function> + 0xebb4c (0xfafb1bdcbb4c in /usr/lib/aarch64-linux-gnu/libc.so.6)

[rank1]:[W522 08:44:33.882580949 ProcessGroupNCCL.cpp:1826] [PG ID 0 PG GUID 0 Rank 1] Failed to check the "should dump" flag on TCPStore, (maybe TCPStore server has shut down too early), with error: Broken pipe
[rank1]:[W522 08:44:34.883437296 TCPStore.cpp:106] [c10d] sendBytes failed on SocketImpl(fd=29, addr=[spark1-ring]:36304, remote=[spark0-ring]:29536): Broken pipe
Exception raised from sendBytes at /pytorch/torch/csrc/distributed/c10d/Utils.hpp:653 (most recent call first):
frame #0: c10::Error::Error(c10::SourceLocation, std::__cxx11::basic_string<char, std::char_traits<char>, std::allocator<char> >) + 0xc8 (0xfafa6bff66e8 in /usr/local/lib/python3.12/dist-packages/torch/lib/libc10.so)
frame #1: <unknown function> + 0x66f513c (0xfafa8825513c in /usr/local/lib/python3.12/dist-packages/torch/lib/libtorch_cpu.so)
frame #2: c10d::TCPStore::check(std::vector<std::__cxx11::basic_string<char, std::char_traits<char>, std::allocator<char> >, std::allocator<std::__cxx11::basic_string<char, std::char_traits<char>, std::allocator<char> > > > const&) + 0x1a4 (0xfafa8825e294 in /usr/local/lib/python3.12/dist-packages/torch/lib/libtorch_cpu.so)
frame #3: c10d::ProcessGroupNCCL::HeartbeatMonitor::runLoop() + 0x380 (0xfafa6ceddb30 in /usr/local/lib/python3.12/dist-packages/torch/lib/libtorch_cuda.so)
frame #4: <unknown function> + 0xe1ae0 (0xfafb1b0a1ae0 in /usr/lib/aarch64-linux-gnu/libstdc++.so.6)
frame #5: <unknown function> + 0x8595c (0xfafb1bd6595c in /usr/lib/aarch64-linux-gnu/libc.so.6)
frame #6: <unknown function> + 0xebb4c (0xfafb1bdcbb4c in /usr/lib/aarch64-linux-gnu/libc.so.6)

[rank1]:[W522 08:44:34.884857521 ProcessGroupNCCL.cpp:1826] [PG ID 0 PG GUID 0 Rank 1] Failed to check the "should dump" flag on TCPStore, (maybe TCPStore server has shut down too early), with error: Broken pipe
[rank1]:[W522 08:44:35.885666869 TCPStore.cpp:106] [c10d] sendBytes failed on SocketImpl(fd=29, addr=[spark1-ring]:36304, remote=[spark0-ring]:29536): Broken pipe
Exception raised from sendBytes at /pytorch/torch/csrc/distributed/c10d/Utils.hpp:653 (most recent call first):
frame #0: c10::Error::Error(c10::SourceLocation, std::__cxx11::basic_string<char, std::char_traits<char>, std::allocator<char> >) + 0xc8 (0xfafa6bff66e8 in /usr/local/lib/python3.12/dist-packages/torch/lib/libc10.so)
frame #1: <unknown function> + 0x66f513c (0xfafa8825513c in /usr/local/lib/python3.12/dist-packages/torch/lib/libtorch_cpu.so)
frame #2: c10d::TCPStore::check(std::vector<std::__cxx11::basic_string<char, std::char_traits<char>, std::allocator<char> >, std::allocator<std::__cxx11::basic_string<char, std::char_traits<char>, std::allocator<char> > > > const&) + 0x1a4 (0xfafa8825e294 in /usr/local/lib/python3.12/dist-packages/torch/lib/libtorch_cpu.so)
frame #3: c10d::ProcessGroupNCCL::HeartbeatMonitor::runLoop() + 0x380 (0xfafa6ceddb30 in /usr/local/lib/python3.12/dist-packages/torch/lib/libtorch_cuda.so)
frame #4: <unknown function> + 0xe1ae0 (0xfafb1b0a1ae0 in /usr/lib/aarch64-linux-gnu/libstdc++.so.6)
frame #5: <unknown function> + 0x8595c (0xfafb1bd6595c in /usr/lib/aarch64-linux-gnu/libc.so.6)
frame #6: <unknown function> + 0xebb4c (0xfafb1bdcbb4c in /usr/lib/aarch64-linux-gnu/libc.so.6)

[rank1]:[W522 08:44:35.887159460 ProcessGroupNCCL.cpp:1826] [PG ID 0 PG GUID 0 Rank 1] Failed to check the "should dump" flag on TCPStore, (maybe TCPStore server has shut down too early), with error: Broken pipe
[rank1]:[W522 08:44:36.887875972 TCPStore.cpp:106] [c10d] sendBytes failed on SocketImpl(fd=29, addr=[spark1-ring]:36304, remote=[spark0-ring]:29536): Broken pipe
Exception raised from sendBytes at /pytorch/torch/csrc/distributed/c10d/Utils.hpp:653 (most recent call first):
frame #0: c10::Error::Error(c10::SourceLocation, std::__cxx11::basic_string<char, std::char_traits<char>, std::allocator<char> >) + 0xc8 (0xfafa6bff66e8 in /usr/local/lib/python3.12/dist-packages/torch/lib/libc10.so)
frame #1: <unknown function> + 0x66f513c (0xfafa8825513c in /usr/local/lib/python3.12/dist-packages/torch/lib/libtorch_cpu.so)
frame #2: c10d::TCPStore::check(std::vector<std::__cxx11::basic_string<char, std::char_traits<char>, std::allocator<char> >, std::allocator<std::__cxx11::basic_string<char, std::char_traits<char>, std::allocator<char> > > > const&) + 0x1a4 (0xfafa8825e294 in /usr/local/lib/python3.12/dist-packages/torch/lib/libtorch_cpu.so)
frame #3: c10d::ProcessGroupNCCL::HeartbeatMonitor::runLoop() + 0x380 (0xfafa6ceddb30 in /usr/local/lib/python3.12/dist-packages/torch/lib/libtorch_cuda.so)
frame #4: <unknown function> + 0xe1ae0 (0xfafb1b0a1ae0 in /usr/lib/aarch64-linux-gnu/libstdc++.so.6)
frame #5: <unknown function> + 0x8595c (0xfafb1bd6595c in /usr/lib/aarch64-linux-gnu/libc.so.6)
frame #6: <unknown function> + 0xebb4c (0xfafb1bdcbb4c in /usr/lib/aarch64-linux-gnu/libc.so.6)

[rank1]:[W522 08:44:36.889318965 ProcessGroupNCCL.cpp:1826] [PG ID 0 PG GUID 0 Rank 1] Failed to check the "should dump" flag on TCPStore, (maybe TCPStore server has shut down too early), with error: Broken pipe
[rank1]:[W522 08:44:37.890222967 TCPStore.cpp:106] [c10d] sendBytes failed on SocketImpl(fd=29, addr=[spark1-ring]:36304, remote=[spark0-ring]:29536): Broken pipe
Exception raised from sendBytes at /pytorch/torch/csrc/distributed/c10d/Utils.hpp:653 (most recent call first):
frame #0: c10::Error::Error(c10::SourceLocation, std::__cxx11::basic_string<char, std::char_traits<char>, std::allocator<char> >) + 0xc8 (0xfafa6bff66e8 in /usr/local/lib/python3.12/dist-packages/torch/lib/libc10.so)
frame #1: <unknown function> + 0x66f513c (0xfafa8825513c in /usr/local/lib/python3.12/dist-packages/torch/lib/libtorch_cpu.so)
frame #2: c10d::TCPStore::check(std::vector<std::__cxx11::basic_string<char, std::char_traits<char>, std::allocator<char> >, std::allocator<std::__cxx11::basic_string<char, std::char_traits<char>, std::allocator<char> > > > const&) + 0x1a4 (0xfafa8825e294 in /usr/local/lib/python3.12/dist-packages/torch/lib/libtorch_cpu.so)
frame #3: c10d::ProcessGroupNCCL::HeartbeatMonitor::runLoop() + 0x380 (0xfafa6ceddb30 in /usr/local/lib/python3.12/dist-packages/torch/lib/libtorch_cuda.so)
frame #4: <unknown function> + 0xe1ae0 (0xfafb1b0a1ae0 in /usr/lib/aarch64-linux-gnu/libstdc++.so.6)
frame #5: <unknown function> + 0x8595c (0xfafb1bd6595c in /usr/lib/aarch64-linux-gnu/libc.so.6)
frame #6: <unknown function> + 0xebb4c (0xfafb1bdcbb4c in /usr/lib/aarch64-linux-gnu/libc.so.6)

[rank1]:[W522 08:44:37.891547260 ProcessGroupNCCL.cpp:1826] [PG ID 0 PG GUID 0 Rank 1] Failed to check the "should dump" flag on TCPStore, (maybe TCPStore server has shut down too early), with error: Broken pipe
[rank1]:[W522 08:44:38.892387593 TCPStore.cpp:106] [c10d] sendBytes failed on SocketImpl(fd=29, addr=[spark1-ring]:36304, remote=[spark0-ring]:29536): Broken pipe
Exception raised from sendBytes at /pytorch/torch/csrc/distributed/c10d/Utils.hpp:653 (most recent call first):
frame #0: c10::Error::Error(c10::SourceLocation, std::__cxx11::basic_string<char, std::char_traits<char>, std::allocator<char> >) + 0xc8 (0xfafa6bff66e8 in /usr/local/lib/python3.12/dist-packages/torch/lib/libc10.so)
frame #1: <unknown function> + 0x66f513c (0xfafa8825513c in /usr/local/lib/python3.12/dist-packages/torch/lib/libtorch_cpu.so)
frame #2: c10d::TCPStore::check(std::vector<std::__cxx11::basic_string<char, std::char_traits<char>, std::allocator<char> >, std::allocator<std::__cxx11::basic_string<char, std::char_traits<char>, std::allocator<char> > > > const&) + 0x1a4 (0xfafa8825e294 in /usr/local/lib/python3.12/dist-packages/torch/lib/libtorch_cpu.so)
frame #3: c10d::ProcessGroupNCCL::HeartbeatMonitor::runLoop() + 0x380 (0xfafa6ceddb30 in /usr/local/lib/python3.12/dist-packages/torch/lib/libtorch_cuda.so)
frame #4: <unknown function> + 0xe1ae0 (0xfafb1b0a1ae0 in /usr/lib/aarch64-linux-gnu/libstdc++.so.6)
frame #5: <unknown function> + 0x8595c (0xfafb1bd6595c in /usr/lib/aarch64-linux-gnu/libc.so.6)
frame #6: <unknown function> + 0xebb4c (0xfafb1bdcbb4c in /usr/lib/aarch64-linux-gnu/libc.so.6)

[rank1]:[W522 08:44:38.893789723 ProcessGroupNCCL.cpp:1826] [PG ID 0 PG GUID 0 Rank 1] Failed to check the "should dump" flag on TCPStore, (maybe TCPStore server has shut down too early), with error: Broken pipe
[rank1]:[W522 08:44:39.894642450 TCPStore.cpp:106] [c10d] sendBytes failed on SocketImpl(fd=29, addr=[spark1-ring]:36304, remote=[spark0-ring]:29536): Broken pipe
Exception raised from sendBytes at /pytorch/torch/csrc/distributed/c10d/Utils.hpp:653 (most recent call first):
frame #0: c10::Error::Error(c10::SourceLocation, std::__cxx11::basic_string<char, std::char_traits<char>, std::allocator<char> >) + 0xc8 (0xfafa6bff66e8 in /usr/local/lib/python3.12/dist-packages/torch/lib/libc10.so)
frame #1: <unknown function> + 0x66f513c (0xfafa8825513c in /usr/local/lib/python3.12/dist-packages/torch/lib/libtorch_cpu.so)
frame #2: c10d::TCPStore::check(std::vector<std::__cxx11::basic_string<char, std::char_traits<char>, std::allocator<char> >, std::allocator<std::__cxx11::basic_string<char, std::char_traits<char>, std::allocator<char> > > > const&) + 0x1a4 (0xfafa8825e294 in /usr/local/lib/python3.12/dist-packages/torch/lib/libtorch_cpu.so)
frame #3: c10d::ProcessGroupNCCL::HeartbeatMonitor::runLoop() + 0x380 (0xfafa6ceddb30 in /usr/local/lib/python3.12/dist-packages/torch/lib/libtorch_cuda.so)
frame #4: <unknown function> + 0xe1ae0 (0xfafb1b0a1ae0 in /usr/lib/aarch64-linux-gnu/libstdc++.so.6)
frame #5: <unknown function> + 0x8595c (0xfafb1bd6595c in /usr/lib/aarch64-linux-gnu/libc.so.6)
frame #6: <unknown function> + 0xebb4c (0xfafb1bdcbb4c in /usr/lib/aarch64-linux-gnu/libc.so.6)

[rank1]:[W522 08:44:39.896057331 ProcessGroupNCCL.cpp:1826] [PG ID 0 PG GUID 0 Rank 1] Failed to check the "should dump" flag on TCPStore, (maybe TCPStore server has shut down too early), with error: Broken pipe
[rank1]:[W522 08:44:40.896884803 TCPStore.cpp:106] [c10d] sendBytes failed on SocketImpl(fd=29, addr=[spark1-ring]:36304, remote=[spark0-ring]:29536): Broken pipe
Exception raised from sendBytes at /pytorch/torch/csrc/distributed/c10d/Utils.hpp:653 (most recent call first):
frame #0: c10::Error::Error(c10::SourceLocation, std::__cxx11::basic_string<char, std::char_traits<char>, std::allocator<char> >) + 0xc8 (0xfafa6bff66e8 in /usr/local/lib/python3.12/dist-packages/torch/lib/libc10.so)
frame #1: <unknown function> + 0x66f513c (0xfafa8825513c in /usr/local/lib/python3.12/dist-packages/torch/lib/libtorch_cpu.so)
frame #2: c10d::TCPStore::check(std::vector<std::__cxx11::basic_string<char, std::char_traits<char>, std::allocator<char> >, std::allocator<std::__cxx11::basic_string<char, std::char_traits<char>, std::allocator<char> > > > const&) + 0x1a4 (0xfafa8825e294 in /usr/local/lib/python3.12/dist-packages/torch/lib/libtorch_cpu.so)
frame #3: c10d::ProcessGroupNCCL::HeartbeatMonitor::runLoop() + 0x380 (0xfafa6ceddb30 in /usr/local/lib/python3.12/dist-packages/torch/lib/libtorch_cuda.so)
frame #4: <unknown function> + 0xe1ae0 (0xfafb1b0a1ae0 in /usr/lib/aarch64-linux-gnu/libstdc++.so.6)
frame #5: <unknown function> + 0x8595c (0xfafb1bd6595c in /usr/lib/aarch64-linux-gnu/libc.so.6)
frame #6: <unknown function> + 0xebb4c (0xfafb1bdcbb4c in /usr/lib/aarch64-linux-gnu/libc.so.6)

[rank1]:[W522 08:44:40.898216215 ProcessGroupNCCL.cpp:1826] [PG ID 0 PG GUID 0 Rank 1] Failed to check the "should dump" flag on TCPStore, (maybe TCPStore server has shut down too early), with error: Broken pipe
[rank1]:[W522 08:44:41.899101949 TCPStore.cpp:106] [c10d] sendBytes failed on SocketImpl(fd=29, addr=[spark1-ring]:36304, remote=[spark0-ring]:29536): Broken pipe
Exception raised from sendBytes at /pytorch/torch/csrc/distributed/c10d/Utils.hpp:653 (most recent call first):
frame #0: c10::Error::Error(c10::SourceLocation, std::__cxx11::basic_string<char, std::char_traits<char>, std::allocator<char> >) + 0xc8 (0xfafa6bff66e8 in /usr/local/lib/python3.12/dist-packages/torch/lib/libc10.so)
frame #1: <unknown function> + 0x66f513c (0xfafa8825513c in /usr/local/lib/python3.12/dist-packages/torch/lib/libtorch_cpu.so)
frame #2: c10d::TCPStore::check(std::vector<std::__cxx11::basic_string<char, std::char_traits<char>, std::allocator<char> >, std::allocator<std::__cxx11::basic_string<char, std::char_traits<char>, std::allocator<char> > > > const&) + 0x1a4 (0xfafa8825e294 in /usr/local/lib/python3.12/dist-packages/torch/lib/libtorch_cpu.so)
frame #3: c10d::ProcessGroupNCCL::HeartbeatMonitor::runLoop() + 0x380 (0xfafa6ceddb30 in /usr/local/lib/python3.12/dist-packages/torch/lib/libtorch_cuda.so)
frame #4: <unknown function> + 0xe1ae0 (0xfafb1b0a1ae0 in /usr/lib/aarch64-linux-gnu/libstdc++.so.6)
frame #5: <unknown function> + 0x8595c (0xfafb1bd6595c in /usr/lib/aarch64-linux-gnu/libc.so.6)
frame #6: <unknown function> + 0xebb4c (0xfafb1bdcbb4c in /usr/lib/aarch64-linux-gnu/libc.so.6)

[rank1]:[W522 08:44:41.900491136 ProcessGroupNCCL.cpp:1826] [PG ID 0 PG GUID 0 Rank 1] Failed to check the "should dump" flag on TCPStore, (maybe TCPStore server has shut down too early), with error: Broken pipe
[rank1]:[W522 08:44:42.900971611 TCPStore.cpp:106] [c10d] sendBytes failed on SocketImpl(fd=29, addr=[spark1-ring]:36304, remote=[spark0-ring]:29536): Broken pipe
Exception raised from sendBytes at /pytorch/torch/csrc/distributed/c10d/Utils.hpp:653 (most recent call first):
frame #0: c10::Error::Error(c10::SourceLocation, std::__cxx11::basic_string<char, std::char_traits<char>, std::allocator<char> >) + 0xc8 (0xfafa6bff66e8 in /usr/local/lib/python3.12/dist-packages/torch/lib/libc10.so)
frame #1: <unknown function> + 0x66f513c (0xfafa8825513c in /usr/local/lib/python3.12/dist-packages/torch/lib/libtorch_cpu.so)
frame #2: c10d::TCPStore::check(std::vector<std::__cxx11::basic_string<char, std::char_traits<char>, std::allocator<char> >, std::allocator<std::__cxx11::basic_string<char, std::char_traits<char>, std::allocator<char> > > > const&) + 0x1a4 (0xfafa8825e294 in /usr/local/lib/python3.12/dist-packages/torch/lib/libtorch_cpu.so)
frame #3: c10d::ProcessGroupNCCL::HeartbeatMonitor::runLoop() + 0x380 (0xfafa6ceddb30 in /usr/local/lib/python3.12/dist-packages/torch/lib/libtorch_cuda.so)
frame #4: <unknown function> + 0xe1ae0 (0xfafb1b0a1ae0 in /usr/lib/aarch64-linux-gnu/libstdc++.so.6)
frame #5: <unknown function> + 0x8595c (0xfafb1bd6595c in /usr/lib/aarch64-linux-gnu/libc.so.6)
frame #6: <unknown function> + 0xebb4c (0xfafb1bdcbb4c in /usr/lib/aarch64-linux-gnu/libc.so.6)

[rank1]:[W522 08:44:42.902390653 ProcessGroupNCCL.cpp:1826] [PG ID 0 PG GUID 0 Rank 1] Failed to check the "should dump" flag on TCPStore, (maybe TCPStore server has shut down too early), with error: Broken pipe
[rank1]:[W522 08:44:43.902848081 TCPStore.cpp:106] [c10d] sendBytes failed on SocketImpl(fd=29, addr=[spark1-ring]:36304, remote=[spark0-ring]:29536): Broken pipe
Exception raised from sendBytes at /pytorch/torch/csrc/distributed/c10d/Utils.hpp:653 (most recent call first):
frame #0: c10::Error::Error(c10::SourceLocation, std::__cxx11::basic_string<char, std::char_traits<char>, std::allocator<char> >) + 0xc8 (0xfafa6bff66e8 in /usr/local/lib/python3.12/dist-packages/torch/lib/libc10.so)
frame #1: <unknown function> + 0x66f513c (0xfafa8825513c in /usr/local/lib/python3.12/dist-packages/torch/lib/libtorch_cpu.so)
frame #2: c10d::TCPStore::check(std::vector<std::__cxx11::basic_string<char, std::char_traits<char>, std::allocator<char> >, std::allocator<std::__cxx11::basic_string<char, std::char_traits<char>, std::allocator<char> > > > const&) + 0x1a4 (0xfafa8825e294 in /usr/local/lib/python3.12/dist-packages/torch/lib/libtorch_cpu.so)
frame #3: c10d::ProcessGroupNCCL::HeartbeatMonitor::runLoop() + 0x380 (0xfafa6ceddb30 in /usr/local/lib/python3.12/dist-packages/torch/lib/libtorch_cuda.so)
frame #4: <unknown function> + 0xe1ae0 (0xfafb1b0a1ae0 in /usr/lib/aarch64-linux-gnu/libstdc++.so.6)
frame #5: <unknown function> + 0x8595c (0xfafb1bd6595c in /usr/lib/aarch64-linux-gnu/libc.so.6)
frame #6: <unknown function> + 0xebb4c (0xfafb1bdcbb4c in /usr/lib/aarch64-linux-gnu/libc.so.6)

[rank1]:[W522 08:44:43.904301682 ProcessGroupNCCL.cpp:1826] [PG ID 0 PG GUID 0 Rank 1] Failed to check the "should dump" flag on TCPStore, (maybe TCPStore server has shut down too early), with error: Broken pipe
[rank1]:[W522 08:44:44.904770046 TCPStore.cpp:106] [c10d] sendBytes failed on SocketImpl(fd=29, addr=[spark1-ring]:36304, remote=[spark0-ring]:29536): Broken pipe
Exception raised from sendBytes at /pytorch/torch/csrc/distributed/c10d/Utils.hpp:653 (most recent call first):
frame #0: c10::Error::Error(c10::SourceLocation, std::__cxx11::basic_string<char, std::char_traits<char>, std::allocator<char> >) + 0xc8 (0xfafa6bff66e8 in /usr/local/lib/python3.12/dist-packages/torch/lib/libc10.so)
frame #1: <unknown function> + 0x66f513c (0xfafa8825513c in /usr/local/lib/python3.12/dist-packages/torch/lib/libtorch_cpu.so)
frame #2: c10d::TCPStore::check(std::vector<std::__cxx11::basic_string<char, std::char_traits<char>, std::allocator<char> >, std::allocator<std::__cxx11::basic_string<char, std::char_traits<char>, std::allocator<char> > > > const&) + 0x1a4 (0xfafa8825e294 in /usr/local/lib/python3.12/dist-packages/torch/lib/libtorch_cpu.so)
frame #3: c10d::ProcessGroupNCCL::HeartbeatMonitor::runLoop() + 0x380 (0xfafa6ceddb30 in /usr/local/lib/python3.12/dist-packages/torch/lib/libtorch_cuda.so)
frame #4: <unknown function> + 0xe1ae0 (0xfafb1b0a1ae0 in /usr/lib/aarch64-linux-gnu/libstdc++.so.6)
frame #5: <unknown function> + 0x8595c (0xfafb1bd6595c in /usr/lib/aarch64-linux-gnu/libc.so.6)
frame #6: <unknown function> + 0xebb4c (0xfafb1bdcbb4c in /usr/lib/aarch64-linux-gnu/libc.so.6)

[rank1]:[W522 08:44:44.906212256 ProcessGroupNCCL.cpp:1826] [PG ID 0 PG GUID 0 Rank 1] Failed to check the "should dump" flag on TCPStore, (maybe TCPStore server has shut down too early), with error: Broken pipe
[rank1]:[W522 08:44:45.907388395 TCPStore.cpp:106] [c10d] sendBytes failed on SocketImpl(fd=29, addr=[spark1-ring]:36304, remote=[spark0-ring]:29536): Broken pipe
Exception raised from sendBytes at /pytorch/torch/csrc/distributed/c10d/Utils.hpp:653 (most recent call first):
frame #0: c10::Error::Error(c10::SourceLocation, std::__cxx11::basic_string<char, std::char_traits<char>, std::allocator<char> >) + 0xc8 (0xfafa6bff66e8 in /usr/local/lib/python3.12/dist-packages/torch/lib/libc10.so)
frame #1: <unknown function> + 0x66f513c (0xfafa8825513c in /usr/local/lib/python3.12/dist-packages/torch/lib/libtorch_cpu.so)
frame #2: c10d::TCPStore::check(std::vector<std::__cxx11::basic_string<char, std::char_traits<char>, std::allocator<char> >, std::allocator<std::__cxx11::basic_string<char, std::char_traits<char>, std::allocator<char> > > > const&) + 0x1a4 (0xfafa8825e294 in /usr/local/lib/python3.12/dist-packages/torch/lib/libtorch_cpu.so)
frame #3: c10d::ProcessGroupNCCL::HeartbeatMonitor::runLoop() + 0x380 (0xfafa6ceddb30 in /usr/local/lib/python3.12/dist-packages/torch/lib/libtorch_cuda.so)
frame #4: <unknown function> + 0xe1ae0 (0xfafb1b0a1ae0 in /usr/lib/aarch64-linux-gnu/libstdc++.so.6)
frame #5: <unknown function> + 0x8595c (0xfafb1bd6595c in /usr/lib/aarch64-linux-gnu/libc.so.6)
frame #6: <unknown function> + 0xebb4c (0xfafb1bdcbb4c in /usr/lib/aarch64-linux-gnu/libc.so.6)

[rank1]:[W522 08:44:45.908801022 ProcessGroupNCCL.cpp:1826] [PG ID 0 PG GUID 0 Rank 1] Failed to check the "should dump" flag on TCPStore, (maybe TCPStore server has shut down too early), with error: Broken pipe
[rank1]:[W522 08:44:46.909701916 TCPStore.cpp:106] [c10d] sendBytes failed on SocketImpl(fd=29, addr=[spark1-ring]:36304, remote=[spark0-ring]:29536): Broken pipe
Exception raised from sendBytes at /pytorch/torch/csrc/distributed/c10d/Utils.hpp:653 (most recent call first):
frame #0: c10::Error::Error(c10::SourceLocation, std::__cxx11::basic_string<char, std::char_traits<char>, std::allocator<char> >) + 0xc8 (0xfafa6bff66e8 in /usr/local/lib/python3.12/dist-packages/torch/lib/libc10.so)
frame #1: <unknown function> + 0x66f513c (0xfafa8825513c in /usr/local/lib/python3.12/dist-packages/torch/lib/libtorch_cpu.so)
frame #2: c10d::TCPStore::check(std::vector<std::__cxx11::basic_string<char, std::char_traits<char>, std::allocator<char> >, std::allocator<std::__cxx11::basic_string<char, std::char_traits<char>, std::allocator<char> > > > const&) + 0x1a4 (0xfafa8825e294 in /usr/local/lib/python3.12/dist-packages/torch/lib/libtorch_cpu.so)
frame #3: c10d::ProcessGroupNCCL::HeartbeatMonitor::runLoop() + 0x380 (0xfafa6ceddb30 in /usr/local/lib/python3.12/dist-packages/torch/lib/libtorch_cuda.so)
frame #4: <unknown function> + 0xe1ae0 (0xfafb1b0a1ae0 in /usr/lib/aarch64-linux-gnu/libstdc++.so.6)
frame #5: <unknown function> + 0x8595c (0xfafb1bd6595c in /usr/lib/aarch64-linux-gnu/libc.so.6)
frame #6: <unknown function> + 0xebb4c (0xfafb1bdcbb4c in /usr/lib/aarch64-linux-gnu/libc.so.6)

[rank1]:[W522 08:44:46.911058208 ProcessGroupNCCL.cpp:1826] [PG ID 0 PG GUID 0 Rank 1] Failed to check the "should dump" flag on TCPStore, (maybe TCPStore server has shut down too early), with error: Broken pipe
[rank1]:[W522 08:44:47.911866470 TCPStore.cpp:106] [c10d] sendBytes failed on SocketImpl(fd=29, addr=[spark1-ring]:36304, remote=[spark0-ring]:29536): Broken pipe
Exception raised from sendBytes at /pytorch/torch/csrc/distributed/c10d/Utils.hpp:653 (most recent call first):
frame #0: c10::Error::Error(c10::SourceLocation, std::__cxx11::basic_string<char, std::char_traits<char>, std::allocator<char> >) + 0xc8 (0xfafa6bff66e8 in /usr/local/lib/python3.12/dist-packages/torch/lib/libc10.so)
frame #1: <unknown function> + 0x66f513c (0xfafa8825513c in /usr/local/lib/python3.12/dist-packages/torch/lib/libtorch_cpu.so)
frame #2: c10d::TCPStore::check(std::vector<std::__cxx11::basic_string<char, std::char_traits<char>, std::allocator<char> >, std::allocator<std::__cxx11::basic_string<char, std::char_traits<char>, std::allocator<char> > > > const&) + 0x1a4 (0xfafa8825e294 in /usr/local/lib/python3.12/dist-packages/torch/lib/libtorch_cpu.so)
frame #3: c10d::ProcessGroupNCCL::HeartbeatMonitor::runLoop() + 0x380 (0xfafa6ceddb30 in /usr/local/lib/python3.12/dist-packages/torch/lib/libtorch_cuda.so)
frame #4: <unknown function> + 0xe1ae0 (0xfafb1b0a1ae0 in /usr/lib/aarch64-linux-gnu/libstdc++.so.6)
frame #5: <unknown function> + 0x8595c (0xfafb1bd6595c in /usr/lib/aarch64-linux-gnu/libc.so.6)
frame #6: <unknown function> + 0xebb4c (0xfafb1bdcbb4c in /usr/lib/aarch64-linux-gnu/libc.so.6)

[rank1]:[W522 08:44:47.913196700 ProcessGroupNCCL.cpp:1826] [PG ID 0 PG GUID 0 Rank 1] Failed to check the "should dump" flag on TCPStore, (maybe TCPStore server has shut down too early), with error: Broken pipe
[rank1]:[W522 08:44:48.914084920 TCPStore.cpp:106] [c10d] sendBytes failed on SocketImpl(fd=29, addr=[spark1-ring]:36304, remote=[spark0-ring]:29536): Broken pipe
Exception raised from sendBytes at /pytorch/torch/csrc/distributed/c10d/Utils.hpp:653 (most recent call first):
frame #0: c10::Error::Error(c10::SourceLocation, std::__cxx11::basic_string<char, std::char_traits<char>, std::allocator<char> >) + 0xc8 (0xfafa6bff66e8 in /usr/local/lib/python3.12/dist-packages/torch/lib/libc10.so)
frame #1: <unknown function> + 0x66f513c (0xfafa8825513c in /usr/local/lib/python3.12/dist-packages/torch/lib/libtorch_cpu.so)
frame #2: c10d::TCPStore::check(std::vector<std::__cxx11::basic_string<char, std::char_traits<char>, std::allocator<char> >, std::allocator<std::__cxx11::basic_string<char, std::char_traits<char>, std::allocator<char> > > > const&) + 0x1a4 (0xfafa8825e294 in /usr/local/lib/python3.12/dist-packages/torch/lib/libtorch_cpu.so)
frame #3: c10d::ProcessGroupNCCL::HeartbeatMonitor::runLoop() + 0x380 (0xfafa6ceddb30 in /usr/local/lib/python3.12/dist-packages/torch/lib/libtorch_cuda.so)
frame #4: <unknown function> + 0xe1ae0 (0xfafb1b0a1ae0 in /usr/lib/aarch64-linux-gnu/libstdc++.so.6)
frame #5: <unknown function> + 0x8595c (0xfafb1bd6595c in /usr/lib/aarch64-linux-gnu/libc.so.6)
frame #6: <unknown function> + 0xebb4c (0xfafb1bdcbb4c in /usr/lib/aarch64-linux-gnu/libc.so.6)

[rank1]:[W522 08:44:48.915471659 ProcessGroupNCCL.cpp:1826] [PG ID 0 PG GUID 0 Rank 1] Failed to check the "should dump" flag on TCPStore, (maybe TCPStore server has shut down too early), with error: Broken pipe
[rank1]:[W522 08:44:49.916269251 TCPStore.cpp:106] [c10d] sendBytes failed on SocketImpl(fd=29, addr=[spark1-ring]:36304, remote=[spark0-ring]:29536): Broken pipe
Exception raised from sendBytes at /pytorch/torch/csrc/distributed/c10d/Utils.hpp:653 (most recent call first):
frame #0: c10::Error::Error(c10::SourceLocation, std::__cxx11::basic_string<char, std::char_traits<char>, std::allocator<char> >) + 0xc8 (0xfafa6bff66e8 in /usr/local/lib/python3.12/dist-packages/torch/lib/libc10.so)
frame #1: <unknown function> + 0x66f513c (0xfafa8825513c in /usr/local/lib/python3.12/dist-packages/torch/lib/libtorch_cpu.so)
frame #2: c10d::TCPStore::check(std::vector<std::__cxx11::basic_string<char, std::char_traits<char>, std::allocator<char> >, std::allocator<std::__cxx11::basic_string<char, std::char_traits<char>, std::allocator<char> > > > const&) + 0x1a4 (0xfafa8825e294 in /usr/local/lib/python3.12/dist-packages/torch/lib/libtorch_cpu.so)
frame #3: c10d::ProcessGroupNCCL::HeartbeatMonitor::runLoop() + 0x380 (0xfafa6ceddb30 in /usr/local/lib/python3.12/dist-packages/torch/lib/libtorch_cuda.so)
frame #4: <unknown function> + 0xe1ae0 (0xfafb1b0a1ae0 in /usr/lib/aarch64-linux-gnu/libstdc++.so.6)
frame #5: <unknown function> + 0x8595c (0xfafb1bd6595c in /usr/lib/aarch64-linux-gnu/libc.so.6)
frame #6: <unknown function> + 0xebb4c (0xfafb1bdcbb4c in /usr/lib/aarch64-linux-gnu/libc.so.6)

[rank1]:[W522 08:44:49.917676182 ProcessGroupNCCL.cpp:1826] [PG ID 0 PG GUID 0 Rank 1] Failed to check the "should dump" flag on TCPStore, (maybe TCPStore server has shut down too early), with error: Broken pipe
[rank1]:[W522 08:44:51.918515778 TCPStore.cpp:106] [c10d] sendBytes failed on SocketImpl(fd=29, addr=[spark1-ring]:36304, remote=[spark0-ring]:29536): Broken pipe
Exception raised from sendBytes at /pytorch/torch/csrc/distributed/c10d/Utils.hpp:653 (most recent call first):
frame #0: c10::Error::Error(c10::SourceLocation, std::__cxx11::basic_string<char, std::char_traits<char>, std::allocator<char> >) + 0xc8 (0xfafa6bff66e8 in /usr/local/lib/python3.12/dist-packages/torch/lib/libc10.so)
frame #1: <unknown function> + 0x66f513c (0xfafa8825513c in /usr/local/lib/python3.12/dist-packages/torch/lib/libtorch_cpu.so)
frame #2: c10d::TCPStore::check(std::vector<std::__cxx11::basic_string<char, std::char_traits<char>, std::allocator<char> >, std::allocator<std::__cxx11::basic_string<char, std::char_traits<char>, std::allocator<char> > > > const&) + 0x1a4 (0xfafa8825e294 in /usr/local/lib/python3.12/dist-packages/torch/lib/libtorch_cpu.so)
frame #3: c10d::ProcessGroupNCCL::HeartbeatMonitor::runLoop() + 0x380 (0xfafa6ceddb30 in /usr/local/lib/python3.12/dist-packages/torch/lib/libtorch_cuda.so)
frame #4: <unknown function> + 0xe1ae0 (0xfafb1b0a1ae0 in /usr/lib/aarch64-linux-gnu/libstdc++.so.6)
frame #5: <unknown function> + 0x8595c (0xfafb1bd6595c in /usr/lib/aarch64-linux-gnu/libc.so.6)
frame #6: <unknown function> + 0xebb4c (0xfafb1bdcbb4c in /usr/lib/aarch64-linux-gnu/libc.so.6)

[rank1]:[W522 08:44:51.919949140 ProcessGroupNCCL.cpp:1826] [PG ID 0 PG GUID 0 Rank 1] Failed to check the "should dump" flag on TCPStore, (maybe TCPStore server has shut down too early), with error: Broken pipe
[rank1]:[W522 08:44:52.920808071 TCPStore.cpp:106] [c10d] sendBytes failed on SocketImpl(fd=29, addr=[spark1-ring]:36304, remote=[spark0-ring]:29536): Broken pipe
Exception raised from sendBytes at /pytorch/torch/csrc/distributed/c10d/Utils.hpp:653 (most recent call first):
frame #0: c10::Error::Error(c10::SourceLocation, std::__cxx11::basic_string<char, std::char_traits<char>, std::allocator<char> >) + 0xc8 (0xfafa6bff66e8 in /usr/local/lib/python3.12/dist-packages/torch/lib/libc10.so)
frame #1: <unknown function> + 0x66f513c (0xfafa8825513c in /usr/local/lib/python3.12/dist-packages/torch/lib/libtorch_cpu.so)
frame #2: c10d::TCPStore::check(std::vector<std::__cxx11::basic_string<char, std::char_traits<char>, std::allocator<char> >, std::allocator<std::__cxx11::basic_string<char, std::char_traits<char>, std::allocator<char> > > > const&) + 0x1a4 (0xfafa8825e294 in /usr/local/lib/python3.12/dist-packages/torch/lib/libtorch_cpu.so)
frame #3: c10d::ProcessGroupNCCL::HeartbeatMonitor::runLoop() + 0x380 (0xfafa6ceddb30 in /usr/local/lib/python3.12/dist-packages/torch/lib/libtorch_cuda.so)
frame #4: <unknown function> + 0xe1ae0 (0xfafb1b0a1ae0 in /usr/lib/aarch64-linux-gnu/libstdc++.so.6)
frame #5: <unknown function> + 0x8595c (0xfafb1bd6595c in /usr/lib/aarch64-linux-gnu/libc.so.6)
frame #6: <unknown function> + 0xebb4c (0xfafb1bdcbb4c in /usr/lib/aarch64-linux-gnu/libc.so.6)

[rank1]:[W522 08:44:52.922210762 ProcessGroupNCCL.cpp:1826] [PG ID 0 PG GUID 0 Rank 1] Failed to check the "should dump" flag on TCPStore, (maybe TCPStore server has shut down too early), with error: Broken pipe
[rank1]:[W522 08:44:53.922999253 TCPStore.cpp:106] [c10d] sendBytes failed on SocketImpl(fd=29, addr=[spark1-ring]:36304, remote=[spark0-ring]:29536): Broken pipe
Exception raised from sendBytes at /pytorch/torch/csrc/distributed/c10d/Utils.hpp:653 (most recent call first):
frame #0: c10::Error::Error(c10::SourceLocation, std::__cxx11::basic_string<char, std::char_traits<char>, std::allocator<char> >) + 0xc8 (0xfafa6bff66e8 in /usr/local/lib/python3.12/dist-packages/torch/lib/libc10.so)
frame #1: <unknown function> + 0x66f513c (0xfafa8825513c in /usr/local/lib/python3.12/dist-packages/torch/lib/libtorch_cpu.so)
frame #2: c10d::TCPStore::check(std::vector<std::__cxx11::basic_string<char, std::char_traits<char>, std::allocator<char> >, std::allocator<std::__cxx11::basic_string<char, std::char_traits<char>, std::allocator<char> > > > const&) + 0x1a4 (0xfafa8825e294 in /usr/local/lib/python3.12/dist-packages/torch/lib/libtorch_cpu.so)
frame #3: c10d::ProcessGroupNCCL::HeartbeatMonitor::runLoop() + 0x380 (0xfafa6ceddb30 in /usr/local/lib/python3.12/dist-packages/torch/lib/libtorch_cuda.so)
frame #4: <unknown function> + 0xe1ae0 (0xfafb1b0a1ae0 in /usr/lib/aarch64-linux-gnu/libstdc++.so.6)
frame #5: <unknown function> + 0x8595c (0xfafb1bd6595c in /usr/lib/aarch64-linux-gnu/libc.so.6)
frame #6: <unknown function> + 0xebb4c (0xfafb1bdcbb4c in /usr/lib/aarch64-linux-gnu/libc.so.6)

[rank1]:[W522 08:44:53.924351018 ProcessGroupNCCL.cpp:1826] [PG ID 0 PG GUID 0 Rank 1] Failed to check the "should dump" flag on TCPStore, (maybe TCPStore server has shut down too early), with error: Broken pipe
[rank1]:[W522 08:44:54.925185340 TCPStore.cpp:106] [c10d] sendBytes failed on SocketImpl(fd=29, addr=[spark1-ring]:36304, remote=[spark0-ring]:29536): Broken pipe
Exception raised from sendBytes at /pytorch/torch/csrc/distributed/c10d/Utils.hpp:653 (most recent call first):
frame #0: c10::Error::Error(c10::SourceLocation, std::__cxx11::basic_string<char, std::char_traits<char>, std::allocator<char> >) + 0xc8 (0xfafa6bff66e8 in /usr/local/lib/python3.12/dist-packages/torch/lib/libc10.so)
frame #1: <unknown function> + 0x66f513c (0xfafa8825513c in /usr/local/lib/python3.12/dist-packages/torch/lib/libtorch_cpu.so)
frame #2: c10d::TCPStore::check(std::vector<std::__cxx11::basic_string<char, std::char_traits<char>, std::allocator<char> >, std::allocator<std::__cxx11::basic_string<char, std::char_traits<char>, std::allocator<char> > > > const&) + 0x1a4 (0xfafa8825e294 in /usr/local/lib/python3.12/dist-packages/torch/lib/libtorch_cpu.so)
frame #3: c10d::ProcessGroupNCCL::HeartbeatMonitor::runLoop() + 0x380 (0xfafa6ceddb30 in /usr/local/lib/python3.12/dist-packages/torch/lib/libtorch_cuda.so)
frame #4: <unknown function> + 0xe1ae0 (0xfafb1b0a1ae0 in /usr/lib/aarch64-linux-gnu/libstdc++.so.6)
frame #5: <unknown function> + 0x8595c (0xfafb1bd6595c in /usr/lib/aarch64-linux-gnu/libc.so.6)
frame #6: <unknown function> + 0xebb4c (0xfafb1bdcbb4c in /usr/lib/aarch64-linux-gnu/libc.so.6)

[rank1]:[W522 08:44:54.926583008 ProcessGroupNCCL.cpp:1826] [PG ID 0 PG GUID 0 Rank 1] Failed to check the "should dump" flag on TCPStore, (maybe TCPStore server has shut down too early), with error: Broken pipe
[rank1]:[W522 08:44:55.927434118 TCPStore.cpp:106] [c10d] sendBytes failed on SocketImpl(fd=29, addr=[spark1-ring]:36304, remote=[spark0-ring]:29536): Broken pipe
Exception raised from sendBytes at /pytorch/torch/csrc/distributed/c10d/Utils.hpp:653 (most recent call first):
frame #0: c10::Error::Error(c10::SourceLocation, std::__cxx11::basic_string<char, std::char_traits<char>, std::allocator<char> >) + 0xc8 (0xfafa6bff66e8 in /usr/local/lib/python3.12/dist-packages/torch/lib/libc10.so)
frame #1: <unknown function> + 0x66f513c (0xfafa8825513c in /usr/local/lib/python3.12/dist-packages/torch/lib/libtorch_cpu.so)
frame #2: c10d::TCPStore::check(std::vector<std::__cxx11::basic_string<char, std::char_traits<char>, std::allocator<char> >, std::allocator<std::__cxx11::basic_string<char, std::char_traits<char>, std::allocator<char> > > > const&) + 0x1a4 (0xfafa8825e294 in /usr/local/lib/python3.12/dist-packages/torch/lib/libtorch_cpu.so)
frame #3: c10d::ProcessGroupNCCL::HeartbeatMonitor::runLoop() + 0x380 (0xfafa6ceddb30 in /usr/local/lib/python3.12/dist-packages/torch/lib/libtorch_cuda.so)
frame #4: <unknown function> + 0xe1ae0 (0xfafb1b0a1ae0 in /usr/lib/aarch64-linux-gnu/libstdc++.so.6)
frame #5: <unknown function> + 0x8595c (0xfafb1bd6595c in /usr/lib/aarch64-linux-gnu/libc.so.6)
frame #6: <unknown function> + 0xebb4c (0xfafb1bdcbb4c in /usr/lib/aarch64-linux-gnu/libc.so.6)

[rank1]:[W522 08:44:55.928830250 ProcessGroupNCCL.cpp:1826] [PG ID 0 PG GUID 0 Rank 1] Failed to check the "should dump" flag on TCPStore, (maybe TCPStore server has shut down too early), with error: Broken pipe
[rank1]:[W522 08:44:56.929567738 TCPStore.cpp:106] [c10d] sendBytes failed on SocketImpl(fd=29, addr=[spark1-ring]:36304, remote=[spark0-ring]:29536): Broken pipe
Exception raised from sendBytes at /pytorch/torch/csrc/distributed/c10d/Utils.hpp:653 (most recent call first):
frame #0: c10::Error::Error(c10::SourceLocation, std::__cxx11::basic_string<char, std::char_traits<char>, std::allocator<char> >) + 0xc8 (0xfafa6bff66e8 in /usr/local/lib/python3.12/dist-packages/torch/lib/libc10.so)
frame #1: <unknown function> + 0x66f513c (0xfafa8825513c in /usr/local/lib/python3.12/dist-packages/torch/lib/libtorch_cpu.so)
frame #2: c10d::TCPStore::check(std::vector<std::__cxx11::basic_string<char, std::char_traits<char>, std::allocator<char> >, std::allocator<std::__cxx11::basic_string<char, std::char_traits<char>, std::allocator<char> > > > const&) + 0x1a4 (0xfafa8825e294 in /usr/local/lib/python3.12/dist-packages/torch/lib/libtorch_cpu.so)
frame #3: c10d::ProcessGroupNCCL::HeartbeatMonitor::runLoop() + 0x380 (0xfafa6ceddb30 in /usr/local/lib/python3.12/dist-packages/torch/lib/libtorch_cuda.so)
frame #4: <unknown function> + 0xe1ae0 (0xfafb1b0a1ae0 in /usr/lib/aarch64-linux-gnu/libstdc++.so.6)
frame #5: <unknown function> + 0x8595c (0xfafb1bd6595c in /usr/lib/aarch64-linux-gnu/libc.so.6)
frame #6: <unknown function> + 0xebb4c (0xfafb1bdcbb4c in /usr/lib/aarch64-linux-gnu/libc.so.6)

[rank1]:[W522 08:44:56.930902080 ProcessGroupNCCL.cpp:1826] [PG ID 0 PG GUID 0 Rank 1] Failed to check the "should dump" flag on TCPStore, (maybe TCPStore server has shut down too early), with error: Broken pipe
[rank1]:[W522 08:44:57.931746307 TCPStore.cpp:106] [c10d] sendBytes failed on SocketImpl(fd=29, addr=[spark1-ring]:36304, remote=[spark0-ring]:29536): Broken pipe
Exception raised from sendBytes at /pytorch/torch/csrc/distributed/c10d/Utils.hpp:653 (most recent call first):
frame #0: c10::Error::Error(c10::SourceLocation, std::__cxx11::basic_string<char, std::char_traits<char>, std::allocator<char> >) + 0xc8 (0xfafa6bff66e8 in /usr/local/lib/python3.12/dist-packages/torch/lib/libc10.so)
frame #1: <unknown function> + 0x66f513c (0xfafa8825513c in /usr/local/lib/python3.12/dist-packages/torch/lib/libtorch_cpu.so)
frame #2: c10d::TCPStore::check(std::vector<std::__cxx11::basic_string<char, std::char_traits<char>, std::allocator<char> >, std::allocator<std::__cxx11::basic_string<char, std::char_traits<char>, std::allocator<char> > > > const&) + 0x1a4 (0xfafa8825e294 in /usr/local/lib/python3.12/dist-packages/torch/lib/libtorch_cpu.so)
frame #3: c10d::ProcessGroupNCCL::HeartbeatMonitor::runLoop() + 0x380 (0xfafa6ceddb30 in /usr/local/lib/python3.12/dist-packages/torch/lib/libtorch_cuda.so)
frame #4: <unknown function> + 0xe1ae0 (0xfafb1b0a1ae0 in /usr/lib/aarch64-linux-gnu/libstdc++.so.6)
frame #5: <unknown function> + 0x8595c (0xfafb1bd6595c in /usr/lib/aarch64-linux-gnu/libc.so.6)
frame #6: <unknown function> + 0xebb4c (0xfafb1bdcbb4c in /usr/lib/aarch64-linux-gnu/libc.so.6)

[rank1]:[W522 08:44:57.933161895 ProcessGroupNCCL.cpp:1826] [PG ID 0 PG GUID 0 Rank 1] Failed to check the "should dump" flag on TCPStore, (maybe TCPStore server has shut down too early), with error: Broken pipe
[rank1]:[W522 08:44:58.934056541 TCPStore.cpp:106] [c10d] sendBytes failed on SocketImpl(fd=29, addr=[spark1-ring]:36304, remote=[spark0-ring]:29536): Broken pipe
Exception raised from sendBytes at /pytorch/torch/csrc/distributed/c10d/Utils.hpp:653 (most recent call first):
frame #0: c10::Error::Error(c10::SourceLocation, std::__cxx11::basic_string<char, std::char_traits<char>, std::allocator<char> >) + 0xc8 (0xfafa6bff66e8 in /usr/local/lib/python3.12/dist-packages/torch/lib/libc10.so)
frame #1: <unknown function> + 0x66f513c (0xfafa8825513c in /usr/local/lib/python3.12/dist-packages/torch/lib/libtorch_cpu.so)
frame #2: c10d::TCPStore::check(std::vector<std::__cxx11::basic_string<char, std::char_traits<char>, std::allocator<char> >, std::allocator<std::__cxx11::basic_string<char, std::char_traits<char>, std::allocator<char> > > > const&) + 0x1a4 (0xfafa8825e294 in /usr/local/lib/python3.12/dist-packages/torch/lib/libtorch_cpu.so)
frame #3: c10d::ProcessGroupNCCL::HeartbeatMonitor::runLoop() + 0x380 (0xfafa6ceddb30 in /usr/local/lib/python3.12/dist-packages/torch/lib/libtorch_cuda.so)
frame #4: <unknown function> + 0xe1ae0 (0xfafb1b0a1ae0 in /usr/lib/aarch64-linux-gnu/libstdc++.so.6)
frame #5: <unknown function> + 0x8595c (0xfafb1bd6595c in /usr/lib/aarch64-linux-gnu/libc.so.6)
frame #6: <unknown function> + 0xebb4c (0xfafb1bdcbb4c in /usr/lib/aarch64-linux-gnu/libc.so.6)

[rank1]:[W522 08:44:58.935423059 ProcessGroupNCCL.cpp:1826] [PG ID 0 PG GUID 0 Rank 1] Failed to check the "should dump" flag on TCPStore, (maybe TCPStore server has shut down too early), with error: Broken pipe
[rank1]:[W522 08:44:59.936263875 TCPStore.cpp:106] [c10d] sendBytes failed on SocketImpl(fd=29, addr=[spark1-ring]:36304, remote=[spark0-ring]:29536): Broken pipe
Exception raised from sendBytes at /pytorch/torch/csrc/distributed/c10d/Utils.hpp:653 (most recent call first):
frame #0: c10::Error::Error(c10::SourceLocation, std::__cxx11::basic_string<char, std::char_traits<char>, std::allocator<char> >) + 0xc8 (0xfafa6bff66e8 in /usr/local/lib/python3.12/dist-packages/torch/lib/libc10.so)
frame #1: <unknown function> + 0x66f513c (0xfafa8825513c in /usr/local/lib/python3.12/dist-packages/torch/lib/libtorch_cpu.so)
frame #2: c10d::TCPStore::check(std::vector<std::__cxx11::basic_string<char, std::char_traits<char>, std::allocator<char> >, std::allocator<std::__cxx11::basic_string<char, std::char_traits<char>, std::allocator<char> > > > const&) + 0x1a4 (0xfafa8825e294 in /usr/local/lib/python3.12/dist-packages/torch/lib/libtorch_cpu.so)
frame #3: c10d::ProcessGroupNCCL::HeartbeatMonitor::runLoop() + 0x380 (0xfafa6ceddb30 in /usr/local/lib/python3.12/dist-packages/torch/lib/libtorch_cuda.so)
frame #4: <unknown function> + 0xe1ae0 (0xfafb1b0a1ae0 in /usr/lib/aarch64-linux-gnu/libstdc++.so.6)
frame #5: <unknown function> + 0x8595c (0xfafb1bd6595c in /usr/lib/aarch64-linux-gnu/libc.so.6)
frame #6: <unknown function> + 0xebb4c (0xfafb1bdcbb4c in /usr/lib/aarch64-linux-gnu/libc.so.6)

[rank1]:[W522 08:44:59.937664215 ProcessGroupNCCL.cpp:1826] [PG ID 0 PG GUID 0 Rank 1] Failed to check the "should dump" flag on TCPStore, (maybe TCPStore server has shut down too early), with error: Broken pipe
[rank1]:[W522 08:45:00.938514604 TCPStore.cpp:106] [c10d] sendBytes failed on SocketImpl(fd=29, addr=[spark1-ring]:36304, remote=[spark0-ring]:29536): Broken pipe
Exception raised from sendBytes at /pytorch/torch/csrc/distributed/c10d/Utils.hpp:653 (most recent call first):
frame #0: c10::Error::Error(c10::SourceLocation, std::__cxx11::basic_string<char, std::char_traits<char>, std::allocator<char> >) + 0xc8 (0xfafa6bff66e8 in /usr/local/lib/python3.12/dist-packages/torch/lib/libc10.so)
frame #1: <unknown function> + 0x66f513c (0xfafa8825513c in /usr/local/lib/python3.12/dist-packages/torch/lib/libtorch_cpu.so)
frame #2: c10d::TCPStore::check(std::vector<std::__cxx11::basic_string<char, std::char_traits<char>, std::allocator<char> >, std::allocator<std::__cxx11::basic_string<char, std::char_traits<char>, std::allocator<char> > > > const&) + 0x1a4 (0xfafa8825e294 in /usr/local/lib/python3.12/dist-packages/torch/lib/libtorch_cpu.so)
frame #3: c10d::ProcessGroupNCCL::HeartbeatMonitor::runLoop() + 0x380 (0xfafa6ceddb30 in /usr/local/lib/python3.12/dist-packages/torch/lib/libtorch_cuda.so)
frame #4: <unknown function> + 0xe1ae0 (0xfafb1b0a1ae0 in /usr/lib/aarch64-linux-gnu/libstdc++.so.6)
frame #5: <unknown function> + 0x8595c (0xfafb1bd6595c in /usr/lib/aarch64-linux-gnu/libc.so.6)
frame #6: <unknown function> + 0xebb4c (0xfafb1bdcbb4c in /usr/lib/aarch64-linux-gnu/libc.so.6)

[rank1]:[W522 08:45:00.939942255 ProcessGroupNCCL.cpp:1826] [PG ID 0 PG GUID 0 Rank 1] Failed to check the "should dump" flag on TCPStore, (maybe TCPStore server has shut down too early), with error: Broken pipe
[rank1]:[W522 08:45:01.940588000 TCPStore.cpp:106] [c10d] sendBytes failed on SocketImpl(fd=29, addr=[spark1-ring]:36304, remote=[spark0-ring]:29536): Broken pipe
Exception raised from sendBytes at /pytorch/torch/csrc/distributed/c10d/Utils.hpp:653 (most recent call first):
frame #0: c10::Error::Error(c10::SourceLocation, std::__cxx11::basic_string<char, std::char_traits<char>, std::allocator<char> >) + 0xc8 (0xfafa6bff66e8 in /usr/local/lib/python3.12/dist-packages/torch/lib/libc10.so)
frame #1: <unknown function> + 0x66f513c (0xfafa8825513c in /usr/local/lib/python3.12/dist-packages/torch/lib/libtorch_cpu.so)
frame #2: c10d::TCPStore::check(std::vector<std::__cxx11::basic_string<char, std::char_traits<char>, std::allocator<char> >, std::allocator<std::__cxx11::basic_string<char, std::char_traits<char>, std::allocator<char> > > > const&) + 0x1a4 (0xfafa8825e294 in /usr/local/lib/python3.12/dist-packages/torch/lib/libtorch_cpu.so)
frame #3: c10d::ProcessGroupNCCL::HeartbeatMonitor::runLoop() + 0x380 (0xfafa6ceddb30 in /usr/local/lib/python3.12/dist-packages/torch/lib/libtorch_cuda.so)
frame #4: <unknown function> + 0xe1ae0 (0xfafb1b0a1ae0 in /usr/lib/aarch64-linux-gnu/libstdc++.so.6)
frame #5: <unknown function> + 0x8595c (0xfafb1bd6595c in /usr/lib/aarch64-linux-gnu/libc.so.6)
frame #6: <unknown function> + 0xebb4c (0xfafb1bdcbb4c in /usr/lib/aarch64-linux-gnu/libc.so.6)

[rank1]:[W522 08:45:01.941911943 ProcessGroupNCCL.cpp:1826] [PG ID 0 PG GUID 0 Rank 1] Failed to check the "should dump" flag on TCPStore, (maybe TCPStore server has shut down too early), with error: Broken pipe
[rank1]:[W522 08:45:02.942648219 TCPStore.cpp:106] [c10d] sendBytes failed on SocketImpl(fd=29, addr=[spark1-ring]:36304, remote=[spark0-ring]:29536): Broken pipe
Exception raised from sendBytes at /pytorch/torch/csrc/distributed/c10d/Utils.hpp:653 (most recent call first):
frame #0: c10::Error::Error(c10::SourceLocation, std::__cxx11::basic_string<char, std::char_traits<char>, std::allocator<char> >) + 0xc8 (0xfafa6bff66e8 in /usr/local/lib/python3.12/dist-packages/torch/lib/libc10.so)
frame #1: <unknown function> + 0x66f513c (0xfafa8825513c in /usr/local/lib/python3.12/dist-packages/torch/lib/libtorch_cpu.so)
frame #2: c10d::TCPStore::check(std::vector<std::__cxx11::basic_string<char, std::char_traits<char>, std::allocator<char> >, std::allocator<std::__cxx11::basic_string<char, std::char_traits<char>, std::allocator<char> > > > const&) + 0x1a4 (0xfafa8825e294 in /usr/local/lib/python3.12/dist-packages/torch/lib/libtorch_cpu.so)
frame #3: c10d::ProcessGroupNCCL::HeartbeatMonitor::runLoop() + 0x380 (0xfafa6ceddb30 in /usr/local/lib/python3.12/dist-packages/torch/lib/libtorch_cuda.so)
frame #4: <unknown function> + 0xe1ae0 (0xfafb1b0a1ae0 in /usr/lib/aarch64-linux-gnu/libstdc++.so.6)
frame #5: <unknown function> + 0x8595c (0xfafb1bd6595c in /usr/lib/aarch64-linux-gnu/libc.so.6)
frame #6: <unknown function> + 0xebb4c (0xfafb1bdcbb4c in /usr/lib/aarch64-linux-gnu/libc.so.6)

[rank1]:[W522 08:45:02.943982178 ProcessGroupNCCL.cpp:1826] [PG ID 0 PG GUID 0 Rank 1] Failed to check the "should dump" flag on TCPStore, (maybe TCPStore server has shut down too early), with error: Broken pipe
[rank1]:[W522 08:45:03.944821831 TCPStore.cpp:106] [c10d] sendBytes failed on SocketImpl(fd=29, addr=[spark1-ring]:36304, remote=[spark0-ring]:29536): Broken pipe
Exception raised from sendBytes at /pytorch/torch/csrc/distributed/c10d/Utils.hpp:653 (most recent call first):
frame #0: c10::Error::Error(c10::SourceLocation, std::__cxx11::basic_string<char, std::char_traits<char>, std::allocator<char> >) + 0xc8 (0xfafa6bff66e8 in /usr/local/lib/python3.12/dist-packages/torch/lib/libc10.so)
frame #1: <unknown function> + 0x66f513c (0xfafa8825513c in /usr/local/lib/python3.12/dist-packages/torch/lib/libtorch_cpu.so)
frame #2: c10d::TCPStore::check(std::vector<std::__cxx11::basic_string<char, std::char_traits<char>, std::allocator<char> >, std::allocator<std::__cxx11::basic_string<char, std::char_traits<char>, std::allocator<char> > > > const&) + 0x1a4 (0xfafa8825e294 in /usr/local/lib/python3.12/dist-packages/torch/lib/libtorch_cpu.so)
frame #3: c10d::ProcessGroupNCCL::HeartbeatMonitor::runLoop() + 0x380 (0xfafa6ceddb30 in /usr/local/lib/python3.12/dist-packages/torch/lib/libtorch_cuda.so)
frame #4: <unknown function> + 0xe1ae0 (0xfafb1b0a1ae0 in /usr/lib/aarch64-linux-gnu/libstdc++.so.6)
frame #5: <unknown function> + 0x8595c (0xfafb1bd6595c in /usr/lib/aarch64-linux-gnu/libc.so.6)
frame #6: <unknown function> + 0xebb4c (0xfafb1bdcbb4c in /usr/lib/aarch64-linux-gnu/libc.so.6)

[rank1]:[W522 08:45:03.946266763 ProcessGroupNCCL.cpp:1826] [PG ID 0 PG GUID 0 Rank 1] Failed to check the "should dump" flag on TCPStore, (maybe TCPStore server has shut down too early), with error: Broken pipe
[rank1]:[W522 08:45:04.946409355 TCPStore.cpp:106] [c10d] sendBytes failed on SocketImpl(fd=29, addr=[spark1-ring]:36304, remote=[spark0-ring]:29536): Broken pipe
Exception raised from sendBytes at /pytorch/torch/csrc/distributed/c10d/Utils.hpp:653 (most recent call first):
frame #0: c10::Error::Error(c10::SourceLocation, std::__cxx11::basic_string<char, std::char_traits<char>, std::allocator<char> >) + 0xc8 (0xfafa6bff66e8 in /usr/local/lib/python3.12/dist-packages/torch/lib/libc10.so)
frame #1: <unknown function> + 0x66f513c (0xfafa8825513c in /usr/local/lib/python3.12/dist-packages/torch/lib/libtorch_cpu.so)
frame #2: c10d::TCPStore::check(std::vector<std::__cxx11::basic_string<char, std::char_traits<char>, std::allocator<char> >, std::allocator<std::__cxx11::basic_string<char, std::char_traits<char>, std::allocator<char> > > > const&) + 0x1a4 (0xfafa8825e294 in /usr/local/lib/python3.12/dist-packages/torch/lib/libtorch_cpu.so)
frame #3: c10d::ProcessGroupNCCL::HeartbeatMonitor::runLoop() + 0x380 (0xfafa6ceddb30 in /usr/local/lib/python3.12/dist-packages/torch/lib/libtorch_cuda.so)
frame #4: <unknown function> + 0xe1ae0 (0xfafb1b0a1ae0 in /usr/lib/aarch64-linux-gnu/libstdc++.so.6)
frame #5: <unknown function> + 0x8595c (0xfafb1bd6595c in /usr/lib/aarch64-linux-gnu/libc.so.6)
frame #6: <unknown function> + 0xebb4c (0xfafb1bdcbb4c in /usr/lib/aarch64-linux-gnu/libc.so.6)

[rank1]:[W522 08:45:04.947753586 ProcessGroupNCCL.cpp:1826] [PG ID 0 PG GUID 0 Rank 1] Failed to check the "should dump" flag on TCPStore, (maybe TCPStore server has shut down too early), with error: Broken pipe
